ds,trend,yhat_lower,yhat_upper,trend_lower,trend_upper,additive_terms,additive_terms_lower,additive_terms_upper,weekly,weekly_lower,weekly_upper,yearly,yearly_lower,yearly_upper,multiplicative_terms,multiplicative_terms_lower,multiplicative_terms_upper,yhat
2020-01-01,45.46201638,37.33237128264264,54.273283029956886,45.46201638,45.46201638,0.28001700880787694,0.28001700880787694,0.28001700880787694,-0.1377802654517067,-0.1377802654517067,-0.1377802654517067,0.4177972742595837,0.4177972742595837,0.4177972742595837,0.0,0.0,0.0,45.742033388807876
2020-01-02,45.46182263990689,37.3604444894488,54.9825142669964,45.46182263990689,45.46182263990689,0.3827244217853094,0.3827244217853094,0.3827244217853094,-0.08301648233945293,-0.08301648233945293,-0.08301648233945293,0.4657409041247623,0.4657409041247623,0.4657409041247623,0.0,0.0,0.0,45.844547061692204
2020-01-03,45.46162889981378,36.646209354910084,53.64889668689999,45.46162889981378,45.46162889981378,0.049784718434928696,0.049784718434928696,0.049784718434928696,-0.46345326816667115,-0.46345326816667115,-0.46345326816667115,0.5132379866015998,0.5132379866015998,0.5132379866015998,0.0,0.0,0.0,45.51141361824871
2020-01-04,45.46143515972067,37.404213191552955,53.54051297848064,45.46143515972067,45.46143515972067,0.16701019973595663,0.16701019973595663,0.16701019973595663,-0.3933697500220436,-0.3933697500220436,-0.3933697500220436,0.5603799497580002,0.5603799497580002,0.5603799497580002,0.0,0.0,0.0,45.62844535945663
2020-01-05,45.46124141962757,38.572287863048764,54.79330309805373,45.46124141962757,45.46124141962757,1.242421498119062,1.242421498119062,1.242421498119062,0.6352679616038164,0.6352679616038164,0.6352679616038164,0.6071535365152453,0.6071535365152453,0.6071535365152453,0.0,0.0,0.0,46.703662917746634
2020-01-06,45.46104767953446,37.34131433147579,55.10741361883938,45.46104767953446,45.46104767953446,0.8667248458222564,0.8667248458222564,0.8667248458222564,0.21329333042381884,0.21329333042381884,0.21329333042381884,0.6534315153984376,0.6534315153984376,0.6534315153984376,0.0,0.0,0.0,46.327772525356714
2020-01-07,45.46085393944135,37.99802079590715,54.797214479863435,45.46085393944135,45.46085393944135,0.9280255952099599,0.9280255952099599,0.9280255952099599,0.22905847395078127,0.22905847395078127,0.22905847395078127,0.6989671212591786,0.6989671212591786,0.6989671212591786,0.0,0.0,0.0,46.38887953465131
2020-01-08,45.46066019934824,37.93657352526266,54.23466878457468,45.46066019934824,45.46066019934824,0.6056121584937719,0.6056121584937719,0.6056121584937719,-0.13778026545263997,-0.13778026545263997,-0.13778026545263997,0.7433924239464119,0.7433924239464119,0.7433924239464119,0.0,0.0,0.0,46.06627235784201
2020-01-09,45.46046645925513,37.75817795063947,54.46069282896629,45.46046645925513,45.46046645925513,0.7032042410691647,0.7032042410691647,0.7032042410691647,-0.08301648234008151,-0.08301648234008151,-0.08301648234008151,0.7862207234092462,0.7862207234092462,0.7862207234092462,0.0,0.0,0.0,46.163670700324296
2020-01-10,45.46027271916202,37.26136983684727,54.61360851621446,45.46027271916202,45.46027271916202,0.3633996993917548,0.3633996993917548,0.3633996993917548,-0.4634532681672468,-0.4634532681672468,-0.4634532681672468,0.8268529675590016,0.8268529675590016,0.8268529675590016,0.0,0.0,0.0,45.82367241855378
2020-01-11,45.46007897906892,37.78914962539294,54.421225874674526,45.46007897906892,45.46007897906892,0.4712183367753942,0.4712183367753942,0.4712183367753942,-0.3933697500205816,-0.3933697500205816,-0.3933697500205816,0.8645880867959759,0.8645880867959759,0.8645880867959759,0.0,0.0,0.0,45.93129731584431
2020-01-12,45.45988523897581,37.84235576951039,55.386130141399924,45.45988523897581,45.45988523897581,1.5339050003648587,1.5339050003648587,1.5339050003648587,0.6352679616043119,0.6352679616043119,0.6352679616043119,0.8986370387605468,0.8986370387605468,0.8986370387605468,0.0,0.0,0.0,46.99379023934067
2020-01-13,45.459691498882705,38.02747092971272,55.19514264578072,45.459691498882705,45.459691498882705,1.1414335913599767,1.1414335913599767,1.1414335913599767,0.2132933304235252,0.2132933304235252,0.2132933304235252,0.9281402609364515,0.9281402609364515,0.9281402609364515,0.0,0.0,0.0,46.60112509024268
2020-01-14,45.459497758789595,38.12624281511961,55.75580088392937,45.459497758789595,45.459497758789595,1.1812466133809216,1.1812466133809216,1.1812466133809216,0.229058473951148,0.229058473951148,0.229058473951148,0.9521881394297735,0.9521881394297735,0.9521881394297735,0.0,0.0,0.0,46.640744372170516
2020-01-15,45.459304018696486,37.955600211498556,54.91022452356034,45.459304018696486,45.459304018696486,0.8320637561895973,0.8320637561895973,0.8320637561895973,-0.13778026545255342,-0.13778026545255342,-0.13778026545255342,0.9698440216421507,0.9698440216421507,0.9698440216421507,0.0,0.0,0.0,46.29136777488608
2020-01-16,45.459110278603376,38.10803162349812,54.298096636716245,45.459110278603376,45.459110278603376,0.8971527482175952,0.8971527482175952,0.8971527482175952,-0.08301648234071009,-0.08301648234071009,-0.08301648234071009,0.9801692305583053,0.9801692305583053,0.9801692305583053,0.0,0.0,0.0,46.35626302682097
2020-01-17,45.458916538510266,37.79345308523614,54.36827929755686,45.458916538510266,45.458916538510266,0.5187962124413471,0.5187962124413471,0.5187962124413471,-0.4634532681638941,-0.4634532681638941,-0.4634532681638941,0.9822494806052413,0.9822494806052413,0.9822494806052413,0.0,0.0,0.0,45.97771275095161
2020-01-18,45.458722798417156,37.25023345750017,54.39519862063732,45.458722798417156,45.458722798417156,0.581852300904424,0.581852300904424,0.581852300904424,-0.39336975002162555,-0.39336975002162555,-0.39336975002162555,0.9752220509260495,0.9752220509260495,0.9752220509260495,0.0,0.0,0.0,46.04057509932158
2020-01-19,45.458529058324046,38.77676830054452,56.156721843004675,45.458529058324046,45.458529058324046,1.593571004111398,1.593571004111398,1.593571004111398,0.6352679616041179,0.6352679616041179,0.6352679616041179,0.9583030425072798,0.9583030425072798,0.9583030425072798,0.0,0.0,0.0,47.05210006243544
2020-01-20,45.45833531823094,38.92329745443156,55.362805048797846,45.45833531823094,45.45833531823094,1.1441073621258493,1.1441073621258493,1.1441073621258493,0.21329333042324222,0.21329333042324222,0.21329333042324222,0.9308140317026072,0.9308140317026072,0.9308140317026072,0.0,0.0,0.0,46.60244268035679
2020-01-21,45.45814157813784,37.41287571069346,54.815785370375174,45.45814157813784,45.45814157813784,1.1212659086404355,1.1212659086404355,1.1212659086404355,0.22905847395151488,0.22905847395151488,0.22905847395151488,0.8922074346889206,0.8922074346889206,0.8922074346889206,0.0,0.0,0.0,46.57940748677828
2020-01-22,45.45794783804473,37.54206839699211,54.42526765099354,45.45794783804473,45.45794783804473,0.704309649949856,0.704309649949856,0.704309649949856,-0.13778026545348673,-0.13778026545348673,-0.13778026545348673,0.8420899154033428,0.8420899154033428,0.8420899154033428,0.0,0.0,0.0,46.16225748799459
2020-01-23,45.45775409795162,37.780044328153494,54.56528909488463,45.45775409795162,45.45775409795162,0.697226720866578,0.697226720866578,0.697226720866578,-0.08301648234133865,-0.08301648234133865,-0.08301648234133865,0.7802432032079166,0.7802432032079166,0.7802432032079166,0.0,0.0,0.0,46.1549808188182
2020-01-24,45.45756035785851,37.35974622287274,54.28262517961347,45.45756035785851,45.45756035785851,0.24318846714861908,0.24318846714861908,0.24318846714861908,-0.46345326816524646,-0.46345326816524646,-0.46345326816524646,0.7066417353138655,0.7066417353138655,0.7066417353138655,0.0,0.0,0.0,45.70074882500713
2020-01-25,45.4573666177654,37.31004163899397,53.942809342752625,45.4573666177654,45.4573666177654,0.22809685189567297,0.22809685189567297,0.22809685189567297,-0.3933697500201636,-0.3933697500201636,-0.3933697500201636,0.6214666019158366,0.6214666019158366,0.6214666019158366,0.0,0.0,0.0,45.68546346966107
2020-01-26,45.45717287767229,38.14632673262721,54.70133266345424,45.45717287767229,45.45717287767229,1.1603833093147677,1.1603833093147677,1.1603833093147677,0.6352679616027493,0.6352679616027493,0.6352679616027493,0.5251153477120185,0.5251153477120185,0.5251153477120185,0.0,0.0,0.0,46.61755618698706
2020-01-27,45.45697913757918,36.60593334129908,54.523487869854435,45.45697913757918,45.45697913757918,0.6315006009163018,0.6315006009163018,0.6315006009163018,0.21329333042295928,0.21329333042295928,0.21329333042295928,0.41820727049334244,0.41820727049334244,0.41820727049334244,0.0,0.0,0.0,46.08847973849549
2020-01-28,45.45678539748608,37.99171245183986,54.053901989964366,45.45678539748608,45.45678539748608,0.5306424278595536,0.5306424278595536,0.5306424278595536,0.22905847395046422,0.22905847395046422,0.22905847395046422,0.3015839539090893,0.3015839539090893,0.3015839539090893,0.0,0.0,0.0,45.987427825345634
2020-01-29,45.45659165739297,37.1986852058979,53.69734050884979,45.45659165739297,45.45659165739297,0.03852460985480344,0.03852460985480344,0.03852460985480344,-0.1377802654518874,-0.1377802654518874,-0.1377802654518874,0.17630487530669084,0.17630487530669084,0.17630487530669084,0.0,0.0,0.0,45.495116267247774
2020-01-30,45.45639791729986,37.474395246015874,53.89473571478714,45.45639791729986,45.45639791729986,-0.03937844385560163,-0.03937844385560163,-0.03937844385560163,-0.0830164823403941,-0.0830164823403941,-0.0830164823403941,0.04363803848479247,0.04363803848479247,0.04363803848479247,0.0,0.0,0.0,45.417019473444256
2020-01-31,45.45620417720676,36.51914907237106,52.915882528678296,45.45620417720676,45.45620417720676,-0.5584075752754629,-0.5584075752754629,-0.5584075752754629,-0.46345326816425386,-0.46345326816425386,-0.46345326816425386,-0.09495430711120906,-0.09495430711120906,-0.09495430711120906,0.0,0.0,0.0,44.8977966019313
2020-02-01,45.45601043711365,36.641806064962324,52.830114732179446,45.45601043711365,45.45601043711365,-0.6312044372078333,-0.6312044372078333,-0.6312044372078333,-0.3933697500187018,-0.3933697500187018,-0.3933697500187018,-0.2378346871891316,-0.2378346871891316,-0.2378346871891316,0.0,0.0,0.0,44.82480599990581
2020-02-02,45.45581669702054,37.18788715253865,54.8023566250901,45.45581669702054,45.45581669702054,0.25205408163298343,0.25205408163298343,0.25205408163298343,0.6352679616025553,0.6352679616025553,0.6352679616025553,-0.38321387996957185,-0.38321387996957185,-0.38321387996957185,0.0,0.0,0.0,45.70787077865352
2020-02-03,45.45562295692743,36.9018779998372,53.41902813674909,45.45562295692743,45.45562295692743,-0.315885130989633,-0.315885130989633,-0.315885130989633,0.21329333042424803,0.21329333042424803,0.21329333042424803,-0.529178461413881,-0.529178461413881,-0.529178461413881,0.0,0.0,0.0,45.13973782593779
2020-02-04,45.45542921683432,37.50553856471385,52.94634138577989,45.45542921683432,45.45542921683432,-0.44466345739502605,-0.44466345739502605,-0.44466345739502605,0.22905847395083098,0.22905847395083098,0.22905847395083098,-0.6737219313458571,-0.6737219313458571,-0.6737219313458571,0.0,0.0,0.0,45.010765759439295
2020-02-05,45.455235476741215,36.21994578527778,52.74063631116015,45.455235476741215,45.455235476741215,-0.9525591098916298,-0.9525591098916298,-0.9525591098916298,-0.13778026545282068,-0.13778026545282068,-0.13778026545282068,-0.8147788444388091,-0.8147788444388091,-0.8147788444388091,0.0,0.0,0.0,44.502676366849585
2020-02-06,45.455041736648106,35.53621267149279,52.8292078622702,45.455041736648106,45.455041736648106,-1.0332777746527575,-1.0332777746527575,-1.0332777746527575,-0.0830164823395331,-0.0830164823395331,-0.0830164823395331,-0.9502612923132243,-0.9502612923132243,-0.9502612923132243,0.0,0.0,0.0,44.421763961995346
2020-02-07,45.454847996554996,35.73371760594923,51.91839387566983,45.454847996554996,45.454847996554996,-1.5415502865458044,-1.5415502865458044,-1.5415502865458044,-0.4634532681656061,-0.4634532681656061,-0.4634532681656061,-1.0780970183801983,-1.0780970183801983,-1.0780970183801983,0.0,0.0,0.0,43.91329771000919
2020-02-08,45.454654256461886,35.593881569215455,52.01171816478582,45.454654256461886,45.454654256461886,-1.5896381472340895,-1.5896381472340895,-1.5896381472340895,-0.39336975001974556,-0.39336975001974556,-0.39336975001974556,-1.196268397214344,-1.196268397214344,-1.196268397214344,0.0,0.0,0.0,43.865016109227795
2020-02-09,45.454460516368776,36.9128643889373,52.416928217584065,45.454460516368776,45.454460516368776,-0.6675835147694098,-0.6675835147694098,-0.6675835147694098,0.6352679616037402,0.6352679616037402,0.6352679616037402,-1.30285147637315,-1.30285147637315,-1.30285147637315,0.0,0.0,0.0,44.786877001599365
2020-02-10,45.454266776275674,35.98203214553328,53.36083328500233,45.454266776275674,45.454266776275674,-1.1827609312628495,-1.1827609312628495,-1.1827609312628495,0.21329333042396517,0.21329333042396517,0.21329333042396517,-1.3960542616868146,-1.3960542616868146,-1.3960542616868146,0.0,0.0,0.0,44.271505845012825
2020-02-11,45.454073036182564,35.59835601122657,52.92071829300872,45.454073036182564,45.454073036182564,-1.2451949537020017,-1.2451949537020017,-1.2451949537020017,0.22905847395148365,0.22905847395148365,0.22905847395148365,-1.4742534276534855,-1.4742534276534855,-1.4742534276534855,0.0,0.0,0.0,44.20887808248056
2020-02-12,45.45387929608946,35.44564879796382,51.98008173866701,45.45387929608946,45.45387929608946,-1.673808918425173,-1.673808918425173,-1.673808918425173,-0.13778026545375402,-0.13778026545375402,-0.13778026545375402,-1.5360286529714189,-1.5360286529714189,-1.5360286529714189,0.0,0.0,0.0,43.78007037766429
2020-02-13,45.45368555599635,35.270178840340975,52.31484099036642,45.45368555599635,45.45368555599635,-1.6632102995180464,-1.6632102995180464,-1.6632102995180464,-0.08301648233858858,-0.08301648233858858,-0.08301648233858858,-1.5801938171794578,-1.5801938171794578,-1.5801938171794578,0.0,0.0,0.0,43.7904752564783
2020-02-14,45.45349181590324,35.250127353223775,51.6871127415277,45.45349181590324,45.45349181590324,-2.0692776155363073,-2.0692776155363073,-2.0692776155363073,-0.4634532681653902,-0.4634532681653902,-0.4634532681653902,-1.6058243473709173,-1.6058243473709173,-1.6058243473709173,0.0,0.0,0.0,43.384214200366934
2020-02-15,45.45329807581013,35.00583314320857,51.14242773360121,45.45329807581013,45.45329807581013,-2.0056498230332798,-2.0056498230332798,-2.0056498230332798,-0.39336975001828367,-0.39336975001828367,-0.39336975001828367,-1.6122800730149962,-1.6122800730149962,-1.6122800730149962,0.0,0.0,0.0,43.44764825277685
2020-02-16,45.45310433571702,35.87507146941563,52.5080537823308,45.45310433571702,45.45310433571702,-0.9639550692051062,-0.9639550692051062,-0.9639550692051062,0.6352679616035461,0.6352679616035461,0.6352679616035461,-1.5992230308086524,-1.5992230308086524,-1.5992230308086524,0.0,0.0,0.0,44.489149266511916
2020-02-17,45.45291059562391,35.94501045958404,52.486966538192505,45.45291059562391,45.45291059562391,-1.3533364281349638,-1.3533364281349638,-1.3533364281349638,0.21329333042368223,0.21329333042368223,0.21329333042368223,-1.5666297585586462,-1.5666297585586462,-1.5666297585586462,0.0,0.0,0.0,44.099574167488946
2020-02-18,45.4527168555308,36.28553399874143,52.08243458168936,45.4527168555308,45.4527168555308,-1.2857392514559731,-1.2857392514559731,-1.2857392514559731,0.22905847395185047,0.22905847395185047,0.22905847395185047,-1.5147977254078235,-1.5147977254078235,-1.5147977254078235,0.0,0.0,0.0,44.16697760407483
2020-02-19,45.45252311543769,35.57061779797236,53.041612559549606,45.45252311543769,45.45252311543769,-1.5821259285794167,-1.5821259285794167,-1.5821259285794167,-0.13778026545215466,-0.13778026545215466,-0.13778026545215466,-1.444345663127262,-1.444345663127262,-1.444345663127262,0.0,0.0,0.0,43.87039718685828
2020-02-20,45.4523293753446,35.70882138633875,52.25148230135294,45.4523293753446,45.4523293753446,-1.439224169550977,-1.439224169550977,-1.439224169550977,-0.08301648234236336,-0.08301648234236336,-0.08301648234236336,-1.3562076872086137,-1.3562076872086137,-1.3562076872086137,0.0,0.0,0.0,44.01310520579362
2020-02-21,45.45213563525149,35.56837858643909,51.85067463344706,45.45213563525149,45.45213563525149,-1.715074492766037,-1.715074492766037,-1.715074492766037,-0.46345326816517424,-0.46345326816517424,-0.46345326816517424,-1.251621224600863,-1.251621224600863,-1.251621224600863,0.0,0.0,0.0,43.73706114248545
2020-02-22,45.45194189515838,35.62213045446109,53.60167271998643,45.45194189515838,45.45194189515838,-1.5254786443773602,-1.5254786443773602,-1.5254786443773602,-0.39336975002079655,-0.39336975002079655,-0.39336975002079655,-1.1321088943565634,-1.1321088943565634,-1.1321088943565634,0.0,0.0,0.0,43.92646325078102
2020-02-23,45.45174815506527,36.45749427336383,53.46067118965837,45.45174815506527,45.45174815506527,-0.3641866538756785,-0.3641866538756785,-0.3641866538756785,0.6352679616033521,0.6352679616033521,0.6352679616033521,-0.9994546154790306,-0.9994546154790306,-0.9994546154790306,0.0,0.0,0.0,45.08756150118959
2020-02-24,45.45155441497216,36.5723864194858,53.85526383299544,45.45155441497216,45.45155441497216,-0.6423810096565077,-0.6423810096565077,-0.6423810096565077,0.21329333042338855,0.21329333042338855,0.21329333042338855,-0.8556743400798963,-0.8556743400798963,-0.8556743400798963,0.0,0.0,0.0,44.80917340531565
2020-02-25,45.45136067487905,35.83629096518781,53.062168186726375,45.45136067487905,45.45136067487905,-0.47392345293531346,-0.47392345293531346,-0.47392345293531346,0.22905847395150855,0.22905847395150855,0.22905847395150855,-0.702981926886822,-0.702981926886822,-0.702981926886822,0.0,0.0,0.0,44.97743722194373
2020-02-26,45.45116693478594,36.666736072758454,53.57322562401108,45.45116693478594,45.45116693478594,-0.6815310430181118,-0.6815310430181118,-0.6815310430181118,-0.13778026545308802,-0.13778026545308802,-0.13778026545308802,-0.5437507775650237,-0.5437507775650237,-0.5437507775650237,0.0,0.0,0.0,44.76963589176783
2020-02-27,45.45097319469283,36.36325202503631,53.30261183895991,45.45097319469283,45.45097319469283,-0.46348843617074,-0.46348843617074,-0.46348843617074,-0.08301648233992924,-0.08301648233992924,-0.08301648233992924,-0.3804719538308107,-0.3804719538308107,-0.3804719538308107,0.0,0.0,0.0,44.987484758522086
2020-02-28,45.450779454599726,36.14017391510806,53.20293207830544,45.450779454599726,45.450779454599726,-0.6791628429134402,-0.6791628429134402,-0.6791628429134402,-0.4634532681649582,-0.4634532681649582,-0.4634532681649582,-0.21570957474848207,-0.21570957474848207,-0.21570957474848207,0.0,0.0,0.0,44.771616611686284
2020-02-29,45.450585714506616,36.14269316494259,53.44289699827305,45.450585714506616,45.450585714506616,-0.44542410904926405,-0.44542410904926405,-0.44542410904926405,-0.3933697500193346,-0.3933697500193346,-0.3933697500193346,-0.05205435902992943,-0.05205435902992943,-0.05205435902992943,0.0,0.0,0.0,45.00516160545735
2020-03-01,45.450391974413506,38.000391774937455,55.457873791191325,45.450391974413506,45.450391974413506,0.7431917366433491,0.7431917366433491,0.7431917366433491,0.6352679616026727,0.6352679616026727,0.6352679616026727,0.10792377504067632,0.10792377504067632,0.10792377504067632,0.0,0.0,0.0,46.19358371105685
2020-03-02,45.4501982343204,37.75392194087141,54.110416796907245,45.4501982343204,45.4501982343204,0.47501644079680744,0.47501644079680744,0.47501644079680744,0.21329333042311638,0.21329333042311638,0.21329333042311638,0.26172311037369106,0.26172311037369106,0.26172311037369106,0.0,0.0,0.0,45.92521467511721
2020-03-03,45.450004494227294,37.36616785341213,54.17071310247101,45.450004494227294,45.450004494227294,0.6360150553981,0.6360150553981,0.6360150553981,0.22905847395116666,0.22905847395116666,0.22905847395116666,0.4069565814469334,0.4069565814469334,0.4069565814469334,0.0,0.0,0.0,46.08601954962539
2020-03-04,45.449810754134184,37.5807729310155,54.259916774288186,45.449810754134184,45.449810754134184,0.4036160683465828,0.4036160683465828,0.4036160683465828,-0.1377802654530014,-0.1377802654530014,-0.1377802654530014,0.5413963337995842,0.5413963337995842,0.5413963337995842,0.0,0.0,0.0,45.85342682248076
2020-03-05,45.449617014041074,37.3566604982012,54.02711045734043,45.449617014041074,45.449617014041074,0.5799990003946851,0.5799990003946851,0.5799990003946851,-0.0830164823405578,-0.0830164823405578,-0.0830164823405578,0.6630154827352428,0.6630154827352428,0.6630154827352428,0.0,0.0,0.0,46.02961601443576
2020-03-06,45.44942327394797,37.83494962817993,53.90188385215179,45.44942327394797,45.44942327394797,0.3065729432770955,0.3065729432770955,0.3065729432770955,-0.4634532681663105,-0.4634532681663105,-0.4634532681663105,0.770026211443406,0.770026211443406,0.770026211443406,0.0,0.0,0.0,45.75599621722507
2020-03-07,45.44922953385486,36.93451552302948,54.537763151456716,45.44922953385486,45.44922953385486,0.4675436674471478,0.4675436674471478,0.4675436674471478,-0.3933697500191256,-0.3933697500191256,-0.3933697500191256,0.8609134174662735,0.8609134174662735,0.8609134174662735,0.0,0.0,0.0,45.91677320130201
2020-03-08,45.44903579376175,38.7836858174181,55.92135417663709,45.44903579376175,45.44903579376175,1.5697311641008649,1.5697311641008649,1.5697311641008649,0.6352679616024789,0.6352679616024789,0.6352679616024789,0.9344632024983859,0.9344632024983859,0.9344632024983859,0.0,0.0,0.0,47.01876695786262
2020-03-09,45.44884205366864,38.21239505549832,55.3114188450606,45.44884205366864,45.44884205366864,1.2030789325765807,1.2030789325765807,1.2030789325765807,0.21329333042439438,0.21329333042439438,0.21329333042439438,0.9897856021521863,0.9897856021521863,0.9897856021521863,0.0,0.0,0.0,46.65192098624522
2020-03-10,45.44864831357553,39.07123263436997,54.946455191944466,45.44864831357553,45.44864831357553,1.255389541492997,1.255389541492997,1.255389541492997,0.22905847395082474,0.22905847395082474,0.22905847395082474,1.0263310675421724,1.0263310675421724,1.0263310675421724,0.0,0.0,0.0,46.70403785506853
2020-03-11,45.44845457348242,38.00488944503263,54.53172411364386,45.44845457348242,45.44845457348242,0.9061200714794537,0.9061200714794537,0.9061200714794537,-0.13778026545393476,-0.13778026545393476,-0.13778026545393476,1.0439003369333884,1.0439003369333884,1.0439003369333884,0.0,0.0,0.0,46.35457464496188
2020-03-12,45.44826085167981,38.02656819730475,54.59778384985636,45.44826085167981,45.44826085167981,0.9596309882856084,0.9596309882856084,0.9596309882856084,-0.08301648233961327,-0.08301648233961327,-0.08301648233961327,1.0426474706252218,1.0426474706252218,1.0426474706252218,0.0,0.0,0.0,46.40789183996542
2020-03-13,45.44806712987721,37.372182148117375,54.573202541783715,45.44806712987721,45.44806712987721,0.559622694703855,0.559622694703855,0.559622694703855,-0.46345326816452614,-0.46345326816452614,-0.46345326816452614,1.0230759628683812,1.0230759628683812,1.0230759628683812,0.0,0.0,0.0,46.007689824581064
2020-03-14,45.44787340807461,37.91947390512262,54.07686137462264,45.44787340807461,45.44787340807461,0.5926582378944054,0.5926582378944054,0.5926582378944054,-0.39336975001891666,-0.39336975001891666,-0.39336975001891666,0.9860279879133221,0.9860279879133221,0.9860279879133221,0.0,0.0,0.0,46.04053164596901
2020-03-15,45.447679686272,38.8261313554346,55.699759293997744,45.447679686272,45.447679686272,1.5679349418108781,1.5679349418108781,1.5679349418108781,0.6352679616036637,0.6352679616036637,0.6352679616036637,0.9326669802072144,0.9326669802072144,0.9326669802072144,0.0,0.0,0.0,47.01561462808287
2020-03-16,45.447485964469394,38.72190175279806,55.48882773771231,45.447485964469394,45.447485964469394,1.0777472185900132,1.0777472185900132,1.0777472185900132,0.2132933304241114,0.2132933304241114,0.2132933304241114,0.8644538881659017,0.8644538881659017,0.8644538881659017,0.0,0.0,0.0,46.525233183059406
2020-03-17,45.44729224266679,37.961430653681376,54.74761514059846,45.44729224266679,45.44729224266679,1.0121760477775628,1.0121760477775628,1.0121760477775628,0.2290584739511915,0.2290584739511915,0.2290584739511915,0.7831175738263714,0.7831175738263714,0.7831175738263714,0.0,0.0,0.0,46.459468290444356
2020-03-18,45.44709852086418,37.23766180214246,54.99694580430485,45.44709852086418,45.44709852086418,0.5528396886349615,0.5528396886349615,0.5528396886349615,-0.1377802654523354,-0.1377802654523354,-0.1377802654523354,0.6906199540872969,0.6906199540872969,0.6906199540872969,0.0,0.0,0.0,45.99993820949914
2020-03-19,45.44690479906158,37.541456494782125,54.73860619940153,45.44690479906158,45.44690479906158,0.5061001081060588,0.5061001081060588,0.5061001081060588,-0.08301648233866873,-0.08301648233866873,-0.08301648233866873,0.5891165904447274,0.5891165904447274,0.5891165904447274,0.0,0.0,0.0,45.95300490716764
2020-03-20,45.446711077258975,37.74111259812061,54.16665059621607,45.446711077258975,45.446711077258975,0.017460262476052153,0.017460262476052153,0.017460262476052153,-0.4634532681651019,-0.4634532681651019,-0.4634532681651019,0.48091353064115405,0.48091353064115405,0.48091353064115405,0.0,0.0,0.0,45.464171339735024
2020-03-21,45.446517355456365,36.70867462329992,53.82019638581546,45.446517355456365,45.446517355456365,-0.024948464742798958,-0.024948464742798958,-0.024948464742798958,-0.3933697500187076,-0.3933697500187076,-0.3933697500187076,0.3684212852759086,0.3684212852759086,0.3684212852759086,0.0,0.0,0.0,45.421568890713566
2020-03-22,45.44632363365376,38.00617829239714,54.36530598442193,45.44632363365376,45.44632363365376,0.8893748449923816,0.8893748449923816,0.8893748449923816,0.6352679616034697,0.6352679616034697,0.6352679616034697,0.2541068833889121,0.2541068833889121,0.2541068833889121,0.0,0.0,0.0,46.335698478646144
2020-03-23,45.44612991185116,37.4920514202625,54.83783257646024,45.44612991185116,45.44612991185116,0.3537383222827812,0.3537383222827812,0.3537383222827812,0.21329333042381773,0.21329333042381773,0.21329333042381773,0.14044499185896345,0.14044499185896345,0.14044499185896345,0.0,0.0,0.0,45.79986823413394
2020-03-24,45.44593619004854,36.940396411631305,53.7003563312334,45.44593619004854,45.44593619004854,0.25892757720934867,0.25892757720934867,0.25892757720934867,0.2290584739501409,0.2290584739501409,0.2290584739501409,0.029869103259207774,0.029869103259207774,0.029869103259207774,0.0,0.0,0.0,45.70486376725789
2020-03-25,45.44574246824594,37.03376184812956,53.87063712139902,45.44574246824594,45.44574246824594,-0.21305647047306467,-0.21305647047306467,-0.21305647047306467,-0.13778026545224886,-0.13778026545224886,-0.13778026545224886,-0.0752762050208158,-0.0752762050208158,-0.0752762050208158,0.0,0.0,0.0,45.232685997772876
2020-03-26,45.445548746443336,36.389602346589335,54.235127158534546,45.445548746443336,45.445548746443336,-0.25579744332537024,-0.25579744332537024,-0.25579744332537024,-0.0830164823408704,-0.0830164823408704,-0.0830164823408704,-0.17278096098449985,-0.17278096098449985,-0.17278096098449985,0.0,0.0,0.0,45.189751303117966
2020-03-27,45.445355024640726,36.159549559906225,53.2885297952991,45.445355024640726,45.445355024640726,-0.7240657709222645,-0.7240657709222645,-0.7240657709222645,-0.4634532681648859,-0.4634532681648859,-0.4634532681648859,-0.2606125027573785,-0.2606125027573785,-0.2606125027573785,0.0,0.0,0.0,44.72128925371846
2020-03-28,45.44516130283812,36.05241957266389,53.17324331988798,45.44516130283812,45.44516130283812,-0.7303240778704166,-0.7303240778704166,-0.7303240778704166,-0.39336975001724567,-0.39336975001724567,-0.39336975001724567,-0.336954327853171,-0.336954327853171,-0.336954327853171,0.0,0.0,0.0,44.71483722496771
2020-03-29,45.44496758103552,37.50072809728879,53.96592189694269,45.44496758103552,45.44496758103552,0.23502766095829208,0.23502766095829208,0.23502766095829208,0.6352679616039649,0.6352679616039649,0.6352679616039649,-0.40024030064567284,-0.40024030064567284,-0.40024030064567284,0.0,0.0,0.0,45.679995241993815
2020-03-30,45.44477385923291,36.78948126021032,53.76691433126265,45.44477385923291,45.44477385923291,-0.23589020200694738,-0.23589020200694738,-0.23589020200694738,0.21329333042352405,0.21329333042352405,0.21329333042352405,-0.44918353243047143,-0.44918353243047143,-0.44918353243047143,0.0,0.0,0.0,45.20888365722596
2020-03-31,45.44458013743031,36.61552416913466,54.06908928987839,45.44458013743031,45.44458013743031,-0.25374089002147915,-0.25374089002147915,-0.25374089002147915,0.22905847395150225,0.22905847395150225,0.22905847395150225,-0.4827993639729814,-0.4827993639729814,-0.4827993639729814,0.0,0.0,0.0,45.19083924740883
2020-04-01,45.444386415627704,35.96173844842849,53.26085944106692,45.444386415627704,45.444386415627704,-0.6382022737039621,-0.6382022737039621,-0.6382022737039621,-0.13778026545191585,-0.13778026545191585,-0.13778026545191585,-0.5004220082520463,-0.5004220082520463,-0.5004220082520463,0.0,0.0,0.0,44.806184141923744
2020-04-02,45.444192693825094,36.03317899022556,52.81579415516489,45.444192693825094,45.444192693825094,-0.5847310306883514,-0.5847310306883514,-0.5847310306883514,-0.08301648233992587,-0.08301648233992587,-0.08301648233992587,-0.5017145483484257,-0.5017145483484257,-0.5017145483484257,0.0,0.0,0.0,44.85946166313674
2020-04-03,45.44399897202249,36.31596354456781,52.85726594785438,45.44399897202249,45.44399897202249,-0.950125397236507,-0.950125397236507,-0.950125397236507,-0.46345326816623816,-0.46345326816623816,-0.46345326816623816,-0.4866721290702689,-0.4866721290702689,-0.4866721290702689,0.0,0.0,0.0,44.49387357478599
2020-04-04,45.44380525021988,35.73865072586139,53.242388727081185,45.44380525021988,45.44380525021988,-0.8489880777454397,-0.8489880777454397,-0.8489880777454397,-0.3933697500210115,-0.3933697500210115,-0.3933697500210115,-0.4556183277244283,-0.4556183277244283,-0.4556183277244283,0.0,0.0,0.0,44.59481717247444
2020-04-05,45.44361152841728,37.89236247608079,54.01304468737385,45.44361152841728,45.44361152841728,0.22607312544154973,0.22607312544154973,0.22607312544154973,0.6352679616025965,0.6352679616025965,0.6352679616025965,-0.4091948361610466,-0.4091948361610466,-0.4091948361610466,0.0,0.0,0.0,45.66968465385883
2020-04-06,45.443417806614676,36.80476434117286,54.60704914575662,45.443417806614676,45.443417806614676,-0.13505139911841915,-0.13505139911841915,-0.13505139911841915,0.21329333042325188,0.21329333042325188,0.21329333042325188,-0.348344729541671,-0.348344729541671,-0.348344729541671,0.0,0.0,0.0,45.30836640749626
2020-04-07,45.44322408481206,37.1794140347129,54.30280244367884,45.44322408481206,45.44322408481206,-0.04523126003761001,-0.04523126003761001,-0.04523126003761001,0.2290584739511603,0.2290584739511603,0.2290584739511603,-0.2742897339887703,-0.2742897339887703,-0.2742897339887703,0.0,0.0,0.0,45.39799282477445
2020-04-08,45.443030363009456,36.83039738388606,53.77096899355054,45.443030363009456,45.443030363009456,-0.3262822977618127,-0.3262822977618127,-0.3262822977618127,-0.13778026545284913,-0.13778026545284913,-0.13778026545284913,-0.18850203230896356,-0.18850203230896356,-0.18850203230896356,0.0,0.0,0.0,45.11674806524764
2020-04-09,45.44283664120685,36.10782941229239,53.75380698245652,45.44283664120685,45.44283664120685,-0.17568774381345695,-0.17568774381345695,-0.17568774381345695,-0.08301648234055445,-0.08301648234055445,-0.08301648234055445,-0.0926712614729025,-0.0926712614729025,-0.0926712614729025,0.0,0.0,0.0,45.2671488973934
2020-04-10,45.44264291940424,35.631498065239676,53.43581386284399,45.44264291940424,45.44264291940424,-0.45212072311092805,-0.45212072311092805,-0.45212072311092805,-0.4634532681675906,-0.4634532681675906,-0.4634532681675906,0.01133254505666252,0.01133254505666252,0.01133254505666252,0.0,0.0,0.0,44.99052219629331
2020-04-11,45.44244919760164,36.40695398458329,53.31227305437046,45.44244919760164,45.44244919760164,-0.27187051503589493,-0.27187051503589493,-0.27187051503589493,-0.39336975001954955,-0.39336975001954955,-0.39336975001954955,0.12149923498365464,0.12149923498365464,0.12149923498365464,0.0,0.0,0.0,45.17057868256575
2020-04-12,45.44225547579904,38.358570076280934,55.103779654130285,45.44225547579904,45.44225547579904,0.8709890983042556,0.8709890983042556,0.8709890983042556,0.6352679616030917,0.6352679616030917,0.6352679616030917,0.23572113670116393,0.23572113670116393,0.23572113670116393,0.0,0.0,0.0,46.313244574103294
2020-04-13,45.44206175399643,37.372686199481755,54.67150051306832,45.44206175399643,45.44206175399643,0.5651303705307366,0.5651303705307366,0.5651303705307366,0.21329333042295817,0.21329333042295817,0.21329333042295817,0.35183704010777844,0.35183704010777844,0.35183704010777844,0.0,0.0,0.0,46.007192124527165
2020-04-14,45.441868032193824,37.907733179967,54.87364379230781,45.441868032193824,45.441868032193824,0.696735071068191,0.696735071068191,0.696735071068191,0.2290584739508184,0.2290584739508184,0.2290584739508184,0.4676765971173726,0.4676765971173726,0.4676765971173726,0.0,0.0,0.0,46.138603103262014
2020-04-15,45.44167431039122,37.19908547165331,54.30243748590527,45.44167431039122,45.44167431039122,0.44332391557377504,0.44332391557377504,0.44332391557377504,-0.13778026545251615,-0.13778026545251615,-0.13778026545251615,0.5811041810262911,0.5811041810262911,0.5811041810262911,0.0,0.0,0.0,45.884998225965
2020-04-16,45.44148058858861,37.49249997771595,54.626792390329605,45.44148058858861,45.44148058858861,0.6070447840210125,0.6070447840210125,0.6070447840210125,-0.08301648233969344,-0.08301648233969344,-0.08301648233969344,0.690061266360706,0.690061266360706,0.690061266360706,0.0,0.0,0.0,46.048525372609625
2020-04-17,45.44128686678601,37.71513912560171,54.40994099912761,45.44128686678601,45.44128686678601,0.3291531662243381,0.3291531662243381,0.3291531662243381,-0.4634532681658061,-0.4634532681658061,-0.4634532681658061,0.7926064343901442,0.7926064343901442,0.7926064343901442,0.0,0.0,0.0,45.770440033010345
2020-04-18,45.441093144983405,37.76084257396437,54.92588598230406,45.441093144983405,45.441093144983405,0.49358242296966975,0.49358242296966975,0.49358242296966975,-0.3933697500205935,-0.3933697500205935,-0.3933697500205935,0.8869521729902633,0.8869521729902633,0.8869521729902633,0.0,0.0,0.0,45.93467556795307
2020-04-19,45.440899423180795,39.01227878091029,55.709222299928896,45.440899423180795,45.440899423180795,1.6067656830874038,1.6067656830874038,1.6067656830874038,0.6352679616028978,0.6352679616028978,0.6352679616028978,0.971497721484506,0.971497721484506,0.971497721484506,0.0,0.0,0.0,47.0476651062682
2020-04-20,45.44070570137819,38.078192231243996,54.805255542695235,45.44070570137819,45.44070570137819,1.2581506398031572,1.2581506398031572,1.2581506398031572,0.2132933304226753,0.2132933304226753,0.2132933304226753,1.044857309380482,1.044857309380482,1.044857309380482,0.0,0.0,0.0,46.69885634118135
2020-04-21,45.44051197957558,38.60040617238251,55.0841509628859,45.44051197957558,45.44051197957558,1.3349417242204744,1.3349417242204744,1.3349417242204744,0.229058473951471,0.229058473951471,0.229058473951471,1.1058832502690035,1.1058832502690035,1.1058832502690035,0.0,0.0,0.0,46.77545370379606
2020-04-22,45.44031825777297,37.53645073364569,54.6365974849203,45.44031825777297,45.44031825777297,1.0159032102972938,1.0159032102972938,1.0159032102972938,-0.1377802654534494,-0.1377802654534494,-0.1377802654534494,1.1536834757507433,1.1536834757507433,1.1536834757507433,0.0,0.0,0.0,46.45622146807027
2020-04-23,45.44012453597037,37.942349180483326,55.198459474853784,45.44012453597037,45.44012453597037,1.1046167438817047,1.1046167438817047,1.1046167438817047,-0.08301648234032201,-0.08301648234032201,-0.08301648234032201,1.1876332262220268,1.1876332262220268,1.1876332262220268,0.0,0.0,0.0,46.544741279852076
2020-04-24,45.43993081416777,37.77732399781041,54.574970721750226,45.43993081416777,45.43993081416777,0.7439274842967855,0.7439274842967855,0.7439274842967855,-0.46345326816715854,-0.46345326816715854,-0.46345326816715854,1.207380752463944,1.207380752463944,1.207380752463944,0.0,0.0,0.0,46.18385829846455
2020-04-25,45.43973709236516,38.05771583184989,54.478849145969264,45.43973709236516,45.43973709236516,0.8194772709777793,0.8194772709777793,0.8194772709777793,-0.39336975001913155,-0.39336975001913155,-0.39336975001913155,1.2128470209969107,1.2128470209969107,1.2128470209969107,0.0,0.0,0.0,46.259214363342934
2020-04-26,45.43954337056255,39.00254963072134,55.26998676647647,45.43954337056255,45.43954337056255,1.8394875153794645,1.8394875153794645,1.8394875153794645,0.6352679616033932,0.6352679616033932,0.6352679616033932,1.2042195537760716,1.2042195537760716,1.2042195537760716,0.0,0.0,0.0,47.27903088594202
2020-04-27,45.43934964875995,38.226172654253325,55.666808863522014,45.43934964875995,45.43934964875995,1.3952339961814535,1.3952339961814535,1.3952339961814535,0.21329333042396403,0.21329333042396403,0.21329333042396403,1.1819406657574894,1.1819406657574894,1.1819406657574894,0.0,0.0,0.0,46.834583644941404
2020-04-28,45.43915592695734,38.66821499598666,55.464117448337625,45.43915592695734,45.43915592695734,1.3757489629689155,1.3757489629689155,1.3757489629689155,0.22905847395112908,0.22905847395112908,0.22905847395112908,1.1466904890177863,1.1466904890177863,1.1466904890177863,0.0,0.0,0.0,46.814904889926254
2020-04-29,45.43896220515474,37.651697224625735,54.91649060844292,45.43896220515474,45.43896220515474,0.9615850211045203,0.9615850211045203,0.9615850211045203,-0.13778026545185007,-0.13778026545185007,-0.13778026545185007,1.0993652865563703,1.0993652865563703,1.0993652865563703,0.0,0.0,0.0,46.400547226259256
2020-04-30,45.43876848335213,37.89328695718185,54.68022191083545,45.43876848335213,45.43876848335213,0.958035177627162,0.958035177627162,0.958035177627162,-0.08301648233937745,-0.08301648233937745,-0.08301648233937745,1.0410516599665394,1.0410516599665394,1.0410516599665394,0.0,0.0,0.0,46.39680366097929
2020-05-01,45.438574761549525,37.342010158212524,54.18784903877365,45.438574761549525,45.438574761549525,0.5095440723649197,0.5095440723649197,0.5095440723649197,-0.4634532681645976,-0.4634532681645976,-0.4634532681645976,0.9729973405295174,0.9729973405295174,0.9729973405295174,0.0,0.0,0.0,45.94811883391444
2020-05-02,45.43838103974692,36.96825668912257,54.62206255380751,45.43838103974692,45.43838103974692,0.5032095710167025,0.5032095710167025,0.5032095710167025,-0.3933697500216444,-0.3933697500216444,-0.3933697500216444,0.8965793210383469,0.8965793210383469,0.8965793210383469,0.0,0.0,0.0,45.941590610763626
2020-05-03,45.43818731794431,38.58816734244122,55.072949619753594,45.43818731794431,45.43818731794431,1.448538095907497,1.448538095907497,1.448538095907497,0.6352679616031992,0.6352679616031992,0.6352679616031992,0.813270134304298,0.813270134304298,0.813270134304298,0.0,0.0,0.0,46.886725413851806
2020-05-04,45.43799359614171,37.97720194347986,55.757826717230145,45.43799359614171,45.43799359614171,0.9378964432556319,0.9378964432556319,0.9378964432556319,0.21329333042368118,0.21329333042368118,0.21329333042368118,0.7246031128319507,0.7246031128319507,0.7246031128319507,0.0,0.0,0.0,46.37589003939734
2020-05-05,45.4377998743391,38.22594650654748,55.329235405465,45.4377998743391,45.4377998743391,0.8611959460222849,0.8611959460222849,0.8611959460222849,0.2290584739507872,0.2290584739507872,0.2290584739507872,0.6321374720714977,0.6321374720714977,0.6321374720714977,0.0,0.0,0.0,46.298995820361384
2020-05-06,45.43760615253649,37.22499020056665,53.87511761597907,45.43760615253649,45.43760615253649,0.399643781497711,0.399643781497711,0.399643781497711,-0.13778026545278343,-0.13778026545278343,-0.13778026545278343,0.5374240469504945,0.5374240469504945,0.5374240469504945,0.0,0.0,0.0,45.8372499340342
2020-05-07,45.437412430733886,37.574441212086185,54.11523243152749,45.437412430733886,45.437412430733886,0.3589559962490902,0.3589559962490902,0.3589559962490902,-0.08301648234000604,-0.08301648234000604,-0.08301648234000604,0.4419724785890962,0.4419724785890962,0.4419724785890962,0.0,0.0,0.0,45.79636842698297
2020-05-08,45.43721870893128,37.06168015146532,53.91067702945351,45.43721870893128,45.43721870893128,-0.11623267196986381,-0.11623267196986381,-0.11623267196986381,-0.46345326816594984,-0.46345326816594984,-0.46345326816594984,0.34722059619608603,0.34722059619608603,0.34722059619608603,0.0,0.0,0.0,45.32098603696142
2020-05-09,45.43702498712867,36.70941117686549,53.46441987021887,45.43702498712867,45.43702498712867,-0.13886308040465753,-0.13886308040465753,-0.13886308040465753,-0.3933697500214355,-0.3933697500214355,-0.3933697500214355,0.2545066696167779,0.2545066696167779,0.2545066696167779,0.0,0.0,0.0,45.29816190672402
2020-05-10,45.43683126532607,37.086816800989396,55.0603971255478,45.43683126532607,45.43683126532607,0.8003130843835012,0.8003130843835012,0.8003130843835012,0.6352679616043838,0.6352679616043838,0.6352679616043838,0.16504512277911731,0.16504512277911731,0.16504512277911731,0.0,0.0,0.0,46.237144349709574
2020-05-11,45.43663754352347,37.222201858362034,53.76723587894474,45.43663754352347,45.43663754352347,0.293199530031332,0.293199530031332,0.293199530031332,0.2132933304233874,0.2132933304233874,0.2132933304233874,0.07990619960794455,0.07990619960794455,0.07990619960794455,0.0,0.0,0.0,45.7298370735548
2020-05-12,45.43644382172086,36.74054482483799,53.71904026473788,45.43644382172086,45.43644382172086,0.2290584384655219,0.2290584384655219,0.2290584384655219,0.22905847395115397,0.22905847395115397,0.22905847395115397,-3.548563206300093e-08,-3.548563206300093e-08,-3.548563206300093e-08,0.0,0.0,0.0,45.66550226018638
2020-05-13,45.436250099918254,36.94971523323546,54.42656874004409,45.436250099918254,45.436250099918254,-0.2117153633163971,-0.2117153633163971,-0.2117153633163971,-0.13778026545269684,-0.13778026545269684,-0.13778026545269684,-0.07393509786370026,-0.07393509786370026,-0.07393509786370026,0.0,0.0,0.0,45.22453473660186
2020-05-14,45.43605637811565,37.11153174787783,53.50609737359647,45.43605637811565,45.43605637811565,-0.22435522362756494,-0.22435522362756494,-0.22435522362756494,-0.08301648233906148,-0.08301648233906148,-0.08301648233906148,-0.14133874128850343,-0.14133874128850343,-0.14133874128850343,0.0,0.0,0.0,45.21170115448809
2020-05-15,45.43586265631304,36.43574619450587,52.4189351693226,45.43586265631304,45.43586265631304,-0.665284124783259,-0.665284124783259,-0.665284124783259,-0.4634532681657339,-0.4634532681657339,-0.4634532681657339,-0.20183085661752517,-0.20183085661752517,-0.20183085661752517,0.0,0.0,0.0,44.77057853152978
2020-05-16,45.43566893451044,36.288745241732435,53.08605853958261,45.43566893451044,45.43566893451044,-0.6485784648738716,-0.6485784648738716,-0.6485784648738716,-0.3933697500212264,-0.3933697500212264,-0.3933697500212264,-0.2552087148526452,-0.2552087148526452,-0.2552087148526452,0.0,0.0,0.0,44.78709046963657
2020-05-17,45.435475212707836,36.99878685053462,54.19472689953615,45.435475212707836,45.435475212707836,0.33382818471213255,0.33382818471213255,0.33382818471213255,0.6352679616041899,0.6352679616041899,0.6352679616041899,-0.30143977689205737,-0.30143977689205737,-0.30143977689205737,0.0,0.0,0.0,45.76930339741997
2020-05-18,45.43528149090522,36.76487850071756,54.11545570259049,45.43528149090522,45.43528149090522,-0.12735707240106187,-0.12735707240106187,-0.12735707240106187,0.21329333042468698,0.21329333042468698,0.21329333042468698,-0.3406504028257488,-0.3406504028257488,-0.3406504028257488,0.0,0.0,0.0,45.30792441850416
2020-05-19,45.435087769102616,37.14612707820844,53.75933767412151,45.435087769102616,45.435087769102616,-0.14405241984488382,-0.14405241984488382,-0.14405241984488382,0.2290584739515208,0.2290584739515208,0.2290584739515208,-0.3731108937964046,-0.3731108937964046,-0.3731108937964046,0.0,0.0,0.0,45.29103534925773
2020-05-20,45.43489404730001,36.62856824941195,53.984340219843666,45.43489404730001,45.43489404730001,-0.5369976522324217,-0.5369976522324217,-0.5369976522324217,-0.1377802654523638,-0.1377802654523638,-0.1377802654523638,-0.3992173867800578,-0.3992173867800578,-0.3992173867800578,0.0,0.0,0.0,44.89789639506759
2020-05-21,45.434700326376394,36.21426290253206,53.25576286744711,45.434700326376394,45.434700326376394,-0.5024876774013496,-0.5024876774013496,-0.5024876774013496,-0.08301648234126316,-0.08301648234126316,-0.08301648234126316,-0.4194711950600864,-0.4194711950600864,-0.4194711950600864,0.0,0.0,0.0,44.932212648975046
2020-05-22,45.43450660545278,36.10904852495512,52.88975383610395,45.43450660545278,45.43450660545278,-0.8979095109884704,-0.8979095109884704,-0.8979095109884704,-0.46345326816551785,-0.46345326816551785,-0.46345326816551785,-0.43445624282295253,-0.43445624282295253,-0.43445624282295253,0.0,0.0,0.0,44.53659709446431
2020-05-23,45.434312884529156,36.14364140809282,53.27409828080449,45.434312884529156,45.434312884529156,-0.8381850300191357,-0.8381850300191357,-0.8381850300191357,-0.39336975001976454,-0.39336975001976454,-0.39336975001976454,-0.4448152799993711,-0.4448152799993711,-0.4448152799993711,0.0,0.0,0.0,44.59612785451002
2020-05-24,45.43411916360554,37.57395872230232,54.572905821267696,45.43411916360554,45.43411916360554,0.18404237931310566,0.18404237931310566,0.18404237931310566,0.6352679616028213,0.6352679616028213,0.6352679616028213,-0.45122558228971565,-0.45122558228971565,-0.45122558228971565,0.0,0.0,0.0,45.61816154291864
2020-05-25,45.43392544268192,36.96692030008872,52.8973206610348,45.43392544268192,45.43392544268192,-0.24108151058310953,-0.24108151058310953,-0.24108151058310953,0.21329333042439322,0.21329333042439322,0.21329333042439322,-0.45437484100750275,-0.45437484100750275,-0.45437484100750275,0.0,0.0,0.0,45.19284393209881
2020-05-26,45.4337317217583,36.660105924673026,53.582867754292806,45.4337317217583,45.4337317217583,-0.22587945409711532,-0.22587945409711532,-0.22587945409711532,0.22905847395117887,0.22905847395117887,0.22905847395117887,-0.45493792804829425,-0.45493792804829425,-0.45493792804829425,0.0,0.0,0.0,45.20785226766118
2020-05-27,45.43353800083468,35.942436237353995,52.79884519643542,45.43353800083468,45.43353800083468,-0.5913354491263813,-0.5913354491263813,-0.5913354491263813,-0.13778026545203081,-0.13778026545203081,-0.13778026545203081,-0.45355518367435044,-0.45355518367435044,-0.45355518367435044,0.0,0.0,0.0,44.8422025517083
2020-05-28,45.43334427991106,35.88464996033257,52.95352279541438,45.43334427991106,45.43334427991106,-0.5338293023634575,-0.5338293023634575,-0.5338293023634575,-0.08301648234040215,-0.08301648234040215,-0.08301648234040215,-0.45081282002305534,-0.45081282002305534,-0.45081282002305534,0.0,0.0,0.0,44.899514977547604
2020-05-29,45.43315055898744,36.10504814747882,52.78577249381958,45.43315055898744,45.43315055898744,-0.9106792310628936,-0.9106792310628936,-0.9106792310628936,-0.46345326816452526,-0.46345326816452526,-0.46345326816452526,-0.4472259628983683,-0.4472259628983683,-0.4472259628983683,0.0,0.0,0.0,44.52247132792455
2020-05-30,45.43295683806382,36.39394312016083,53.30444614218598,45.43295683806382,45.43295683806382,-0.8365945205374262,-0.8365945205374262,-0.8365945205374262,-0.3933697500183026,-0.3933697500183026,-0.3933697500183026,-0.44322477051912357,-0.44322477051912357,-0.44322477051912357,0.0,0.0,0.0,44.59636231752639
2020-05-31,45.4327631171402,36.924229712467564,54.224335815425626,45.4327631171402,45.4327631171402,0.19612398880267345,0.19612398880267345,0.19612398880267345,0.6352679616033168,0.6352679616033168,0.6352679616033168,-0.43914397280064327,-0.43914397280064327,-0.43914397280064327,0.0,0.0,0.0,45.62888710594287
2020-06-01,45.432569396216586,36.31628767131908,53.70130373267345,45.432569396216586,45.432569396216586,-0.22192274068767448,-0.22192274068767448,-0.22192274068767448,0.21329333042412107,0.21329333042412107,0.21329333042412107,-0.43521607111179555,-0.43521607111179555,-0.43521607111179555,0.0,0.0,0.0,45.21064665552891
2020-06-02,45.43237567529296,36.00125327326105,53.32213332027557,45.43237567529296,45.43237567529296,-0.20250985516208414,-0.20250985516208414,-0.20250985516208414,0.22905847395083695,0.22905847395083695,0.22905847395083695,-0.4315683291129211,-0.4315683291129211,-0.4315683291129211,0.0,0.0,0.0,45.229865820130875
2020-06-03,45.43218195436934,36.28724239269956,53.610595421029714,45.43218195436934,45.43218195436934,-0.566003838736141,-0.566003838736141,-0.566003838736141,-0.1377802654529641,-0.1377802654529641,-0.1377802654529641,-0.42822357328317695,-0.42822357328317695,-0.42822357328317695,0.0,0.0,0.0,44.8661781156332
2020-06-04,45.43198823344572,36.45297978193699,52.76778238847954,45.43198823344572,45.43198823344572,-0.5081211924516312,-0.5081211924516312,-0.5081211924516312,-0.08301648234103075,-0.08301648234103075,-0.08301648234103075,-0.42510471011060047,-0.42510471011060047,-0.42510471011060047,0.0,0.0,0.0,44.92386704099409
2020-06-05,45.4317945125221,35.17633255468624,53.50628706405838,45.4317945125221,45.4317945125221,-0.88549602690369,-0.88549602690369,-0.88549602690369,-0.4634532681658777,-0.4634532681658777,-0.4634532681658777,-0.42204275873781244,-0.42204275873781244,-0.42204275873781244,0.0,0.0,0.0,44.546298485618415
2020-06-06,45.431600791598484,35.595750022954235,52.777646983090406,45.431600791598484,45.431600791598484,-0.8121578460647779,-0.8121578460647779,-0.8121578460647779,-0.39336975001809354,-0.39336975001809354,-0.39336975001809354,-0.4187880960466845,-0.4187880960466845,-0.4187880960466845,0.0,0.0,0.0,44.619442945533706
2020-06-07,45.431407070674865,37.189746554994414,54.05848484361924,45.431407070674865,45.431407070674865,0.2202434430839986,0.2202434430839986,0.2202434430839986,0.635267961603812,0.635267961603812,0.635267961603812,-0.4150245185198134,-0.4150245185198134,-0.4150245185198134,0.0,0.0,0.0,45.65165051375887
2020-06-08,45.431213349751246,36.63034116218597,53.858233207678786,45.431213349751246,45.431213349751246,-0.19709231380271922,-0.19709231380271922,-0.19709231380271922,0.2132933304238274,0.2132933304238274,0.2132933304238274,-0.4103856442265466,-0.4103856442265466,-0.4103856442265466,0.0,0.0,0.0,45.234121035948526
2020-06-09,45.43101962882762,36.81238910422618,53.563723694923716,45.43101962882762,45.43101962882762,-0.17541463723502,-0.17541463723502,-0.17541463723502,0.2290584739514896,0.2290584739514896,0.2290584739514896,-0.4044731111865096,-0.4044731111865096,-0.4044731111865096,0.0,0.0,0.0,45.2556049915926
2020-06-10,45.43082590790401,35.87523058660082,54.29012556577956,45.43082590790401,45.43082590790401,-0.5346562423848751,-0.5346562423848751,-0.5346562423848751,-0.13778026545389743,-0.13778026545389743,-0.13778026545389743,-0.39687597693097765,-0.39687597693097765,-0.39687597693097765,0.0,0.0,0.0,44.89616966551913
2020-06-11,45.43063218698039,37.65664667532948,53.81454429330568,45.43063218698039,45.43063218698039,-0.4702071721020722,-0.4702071721020722,-0.4702071721020722,-0.0830164823400862,-0.0830164823400862,-0.0830164823400862,-0.38719068976198595,-0.38719068976198595,-0.38719068976198595,0.0,0.0,0.0,44.96042501487832
2020-06-12,45.43043846605676,37.13356372804238,52.9262504571644,45.43043846605676,45.43043846605676,-0.8384942540530353,-0.8384942540530353,-0.8384942540530353,-0.46345326816409327,-0.46345326816409327,-0.46345326816409327,-0.3750409858889421,-0.3750409858889421,-0.3750409858889421,0.0,0.0,0.0,44.591944212003725
2020-06-13,45.430244745133145,36.0835925767754,53.479054073238075,45.430244745133145,45.430244745133145,-0.7534668187835523,-0.7534668187835523,-0.7534668187835523,-0.39336975001788455,-0.39336975001788455,-0.39336975001788455,-0.36009706876566777,-0.36009706876566777,-0.36009706876566777,0.0,0.0,0.0,44.676777926349594
2020-06-14,45.430051024209526,37.236841907281764,54.43234811203716,45.430051024209526,45.430051024209526,0.29317451410387413,0.29317451410387413,0.29317451410387413,0.6352679616024435,0.6352679616024435,0.6352679616024435,-0.3420934474985693,-0.3420934474985693,-0.3420934474985693,0.0,0.0,0.0,45.7232255383134
2020-06-15,45.42985730328591,36.87552777601128,53.88833690342825,45.42985730328591,45.42985730328591,-0.10755151914357466,-0.10755151914357466,-0.10755151914357466,0.21329333042354445,0.21329333042354445,0.21329333042354445,-0.3208448495671191,-0.3208448495671191,-0.3208448495671191,0.0,0.0,0.0,45.32230578414233
2020-06-16,45.42966358236229,36.631064493332524,53.887580040725844,45.42966358236229,45.42966358236229,-0.06720120433260905,-0.06720120433260905,-0.06720120433260905,0.22905847395185638,0.22905847395185638,0.22905847395185638,-0.2962596782844654,-0.2962596782844654,-0.2962596782844654,0.0,0.0,0.0,45.362462378029676
2020-06-17,45.42946986143867,36.617883501283416,54.31105066107748,45.42946986143867,45.42946986143867,-0.40613082132950273,-0.40613082132950273,-0.40613082132950273,-0.13778026545356442,-0.13778026545356442,-0.13778026545356442,-0.2683505558759383,-0.2683505558759383,-0.2683505558759383,0.0,0.0,0.0,45.023339040109164
2020-06-18,45.42927614051505,36.002265066005734,53.04544649149967,45.42927614051505,45.42927614051505,-0.3202580592329408,-0.3202580592329408,-0.3202580592329408,-0.08301648234071476,-0.08301648234071476,-0.08301648234071476,-0.2372415768922261,-0.2372415768922261,-0.2372415768922261,0.0,0.0,0.0,45.10901808128211
2020-06-19,45.429082419591424,35.554456865191845,53.3930534690043,45.429082419591424,45.429082419591424,-0.6666252597336023,-0.6666252597336023,-0.6666252597336023,-0.46345326816544563,-0.46345326816544563,-0.46345326816544563,-0.20317199156815668,-0.20317199156815668,-0.20317199156815668,0.0,0.0,0.0,44.762457159857824
2020-06-20,45.42888869866781,35.90905754994613,53.21957527547273,45.42888869866781,45.42888869866781,-0.559865892147324,-0.559865892147324,-0.559865892147324,-0.39336975002039737,-0.39336975002039737,-0.39336975002039737,-0.1664961421269265,-0.1664961421269265,-0.1664961421269265,0.0,0.0,0.0,44.86902280652049
2020-06-21,45.42869497774419,36.89022852028379,54.16005853614834,45.42869497774419,45.42869497774419,0.507588377555248,0.507588377555248,0.507588377555248,0.6352679616029387,0.6352679616029387,0.6352679616029387,-0.12767958404769073,-0.12767958404769073,-0.12767958404769073,0.0,0.0,0.0,45.936283355299445
2020-06-22,45.42850125682057,36.36442460139552,53.86843964960355,45.42850125682057,45.42850125682057,0.12600189444752521,0.12600189444752521,0.12600189444752521,0.21329333042325085,0.21329333042325085,0.21329333042325085,-0.08729143597572564,-0.08729143597572564,-0.08729143597572564,0.0,0.0,0.0,45.554503151268094
2020-06-23,45.428307535896955,36.985819314151875,53.96028379615519,45.428307535896955,45.428307535896955,0.18306536075686133,0.18306536075686133,0.18306536075686133,0.22905847395080578,0.22905847395080578,0.22905847395080578,-0.04599311319394443,-0.04599311319394443,-0.04599311319394443,0.0,0.0,0.0,45.61137289665382
2020-06-24,45.42811381497333,37.065305928721415,53.45942039521062,45.42811381497333,45.42811381497333,-0.14230397272218798,-0.14230397272218798,-0.14230397272218798,-0.13778026545323135,-0.13778026545323135,-0.13778026545323135,-0.004523707268956602,-0.004523707268956602,-0.004523707268956602,0.0,0.0,0.0,45.28580984225114
2020-06-25,45.42792009404971,36.26038907061821,53.77351399606803,45.42792009404971,45.42792009404971,-0.0466988580396817,-0.0466988580396817,-0.0466988580396817,-0.08301648233985376,-0.08301648233985376,-0.08301648233985376,0.036317624300172054,0.036317624300172054,0.036317624300172054,0.0,0.0,0.0,45.38122123601003
2020-06-26,45.42772637312609,36.990078270119966,53.18046743854237,45.42772637312609,45.42772637312609,-0.38776146539178546,-0.38776146539178546,-0.38776146539178546,-0.46345326816522964,-0.46345326816522964,-0.46345326816522964,0.07569180277344412,0.07569180277344412,0.07569180277344412,0.0,0.0,0.0,45.03996490773431
2020-06-27,45.42753265220247,36.845319778133764,53.402743906257605,45.42753265220247,45.42753265220247,-0.28062777840702,-0.28062777840702,-0.28062777840702,-0.3933697500189354,-0.3933697500189354,-0.3933697500189354,0.11274197161191546,0.11274197161191546,0.11274197161191546,0.0,0.0,0.0,45.14690487379545
2020-06-28,45.427338931278854,37.91997496482289,54.16543974412293,45.427338931278854,45.427338931278854,0.7818849990100114,0.7818849990100114,0.7818849990100114,0.6352679616027448,0.6352679616027448,0.6352679616027448,0.14661703740726656,0.14661703740726656,0.14661703740726656,0.0,0.0,0.0,46.209223930288864
2020-06-29,45.42714521035523,37.93809816932635,54.651463027263304,45.42714521035523,45.42714521035523,0.3897892878819351,0.3897892878819351,0.3897892878819351,0.21329333042296783,0.21329333042296783,0.21329333042296783,0.17649595745896735,0.17649595745896735,0.17649595745896735,0.0,0.0,0.0,45.81693449823716
2020-06-30,45.426951489431616,37.89890749861791,54.32198255393483,45.426951489431616,45.426951489431616,0.43067056515460667,0.43067056515460667,0.43067056515460667,0.2290584739511726,0.2290584739511726,0.2290584739511726,0.20161209120343404,0.20161209120343404,0.20161209120343404,0.0,0.0,0.0,45.85762205458622
2020-07-01,45.426757768508,36.761246792008755,54.00350861967301,45.426757768508,45.426757768508,0.0834966539082701,0.0834966539082701,0.0834966539082701,-0.13778026545187852,-0.13778026545187852,-0.13778026545187852,0.22127691936014862,0.22127691936014862,0.22127691936014862,0.0,0.0,0.0,45.51025442241627
2020-07-02,45.42656404758437,37.32812000089444,54.27446909278535,45.42656404758437,45.42656404758437,0.15188595810520517,0.15188595810520517,0.15188595810520517,-0.08301648234048235,-0.08301648234048235,-0.08301648234048235,0.2349024404456875,0.2349024404456875,0.2349024404456875,0.0,0.0,0.0,45.578450005689575
2020-07-03,45.42637032666076,36.74646387619286,53.97387146093448,45.42637032666076,45.42637032666076,-0.22143168892749546,-0.22143168892749546,-0.22143168892749546,-0.4634532681665819,-0.4634532681665819,-0.4634532681665819,0.2420215792390864,0.2420215792390864,0.2420215792390864,0.0,0.0,0.0,45.204938637733264
2020-07-04,45.42617660573714,36.96586157904857,53.93367671929866,45.42617660573714,45.42617660573714,-0.1510637646979032,-0.1510637646979032,-0.1510637646979032,-0.3933697500199794,-0.3933697500199794,-0.3933697500199794,0.24230598532207623,0.24230598532207623,0.24230598532207623,0.0,0.0,0.0,45.27511284103924
2020-07-05,45.425982884813514,37.186238109002424,54.983448784482405,45.425982884813514,45.425982884813514,0.8708486225665438,0.8708486225665438,0.8708486225665438,0.6352679616039295,0.6352679616039295,0.6352679616039295,0.23558066096261426,0.23558066096261426,0.23558066096261426,0.0,0.0,0.0,46.296831507380055
2020-07-06,45.4257891638899,37.40820855388483,54.714285873414944,45.4257891638899,45.4257891638899,0.4351282652757851,0.4351282652757851,0.4351282652757851,0.21329333042425655,0.21329333042425655,0.21329333042425655,0.2218349348515285,0.2218349348515285,0.2218349348515285,0.0,0.0,0.0,45.86091742916569
2020-07-07,45.42559544296628,37.15466020948955,53.91408838782239,45.42559544296628,45.42559544296628,0.43028786355789955,0.43028786355789955,0.43028786355789955,0.2290584739508307,0.2290584739508307,0.2290584739508307,0.20122938960706893,0.20122938960706893,0.20122938960706893,0.0,0.0,0.0,45.85588330652418
2020-07-08,45.42540172204266,36.53411203289241,53.17153305744955,45.42540172204266,45.42540172204266,0.03631818872901292,0.03631818872901292,0.03631818872901292,-0.1377802654528118,-0.1377802654528118,-0.1377802654528118,0.17409845418182474,0.17409845418182474,0.17409845418182474,0.0,0.0,0.0,45.46171991077167
2020-07-09,45.42520800111903,36.26382845077475,54.05334541078571,45.42520800111903,45.42520800111903,0.05793200233772184,0.05793200233772184,0.05793200233772184,-0.08301648233953779,-0.08301648233953779,-0.08301648233953779,0.14094848467725962,0.14094848467725962,0.14094848467725962,0.0,0.0,0.0,45.483140003456754
2020-07-10,45.42501428019542,36.35640649515254,52.90674633031439,45.42501428019542,45.42501428019542,-0.3610019924884535,-0.3610019924884535,-0.3610019924884535,-0.4634532681663659,-0.4634532681663659,-0.4634532681663659,0.10245127567791243,0.10245127567791243,0.10245127567791243,0.0,0.0,0.0,45.064012287706966
2020-07-11,45.4248205592718,36.56062422335458,53.62859996844671,45.4248205592718,45.4248205592718,-0.33393668411581207,-0.33393668411581207,-0.33393668411581207,-0.39336975001851743,-0.39336975001851743,-0.39336975001851743,0.05943306590270541,0.05943306590270541,0.05943306590270541,0.0,0.0,0.0,45.09088387515599
2020-07-12,45.424626838348175,37.75314760736204,54.13365696178019,45.424626838348175,45.424626838348175,0.6481271851622005,0.6481271851622005,0.6481271851622005,0.6352679616037356,0.6352679616037356,0.6352679616037356,0.012859223558464822,0.012859223558464822,0.012859223558464822,0.0,0.0,0.0,46.07275402351038
2020-07-13,45.42443311742456,36.70610015428982,54.20922895751718,45.42443311742456,45.42443311742456,0.1771082453998422,0.1771082453998422,0.1771082453998422,0.21329333042397372,0.21329333042397372,0.21329333042397372,-0.03618508502413151,-0.03618508502413151,-0.03618508502413151,0.0,0.0,0.0,45.601541362824406
2020-07-14,45.424239396500944,36.84979645360542,53.35675493704119,45.424239396500944,45.424239396500944,0.1425406457289846,0.1425406457289846,0.1425406457289846,0.22905847395119744,0.22905847395119744,0.22905847395119744,-0.08651782822221286,-0.08651782822221286,-0.08651782822221286,0.0,0.0,0.0,45.56678004222993
2020-07-15,45.42404567557732,36.6909060673957,53.506677317855996,45.42404567557732,45.42404567557732,-0.2746663915510511,-0.2746663915510511,-0.2746663915510511,-0.1377802654524788,-0.1377802654524788,-0.1377802654524788,-0.13688612609857229,-0.13688612609857229,-0.13688612609857229,0.0,0.0,0.0,45.14937928402627
2020-07-16,45.423851954653706,36.79258730287816,54.25405195791918,45.423851954653706,45.423851954653706,-0.2690112268324142,-0.2690112268324142,-0.2690112268324142,-0.08301648234173947,-0.08301648234173947,-0.08301648234173947,-0.18599474449067466,-0.18599474449067466,-0.18599474449067466,0.0,0.0,0.0,45.154840727821295
2020-07-17,45.42365823373008,36.853156345006354,53.532701182174904,45.42365823373008,45.42365823373008,-0.6959896525077827,-0.6959896525077827,-0.6959896525077827,-0.46345326816537324,-0.46345326816537324,-0.46345326816537324,-0.23253638434240942,-0.23253638434240942,-0.23253638434240942,0.0,0.0,0.0,44.7276685812223
2020-07-18,45.42346451280646,36.6616550711442,52.91396873385994,45.42346451280646,45.42346451280646,-0.6685927765811924,-0.6685927765811924,-0.6685927765811924,-0.3933697500222833,-0.3933697500222833,-0.3933697500222833,-0.2752230265589091,-0.2752230265589091,-0.2752230265589091,0.0,0.0,0.0,44.75487173622527
2020-07-19,45.42327079188285,36.64672390578706,54.19570093513526,45.42327079188285,45.42327079188285,0.32245040811832854,0.32245040811832854,0.32245040811832854,0.6352679616035417,0.6352679616035417,0.6352679616035417,-0.3128175534852131,-0.3128175534852131,-0.3128175534852131,0.0,0.0,0.0,45.74572120000118
2020-07-20,45.42307707095922,36.83066742076822,54.11421945391416,45.42307707095922,45.42307707095922,-0.13087151838897293,-0.13087151838897293,-0.13087151838897293,0.21329333042368,0.21329333042368,0.21329333042368,-0.34416484881265297,-0.34416484881265297,-0.34416484881265297,0.0,0.0,0.0,45.29220555257025
2020-07-21,45.422883350035605,37.35350881121452,54.29547628601369,45.422883350035605,45.422883350035605,-0.13916310503899582,-0.13916310503899582,-0.13916310503899582,0.2290584739508556,0.2290584739508556,0.2290584739508556,-0.3682215789898514,-0.3682215789898514,-0.3682215789898514,0.0,0.0,0.0,45.28372024499661
2020-07-22,45.42268962911198,36.23743329424253,52.116411656119745,45.42268962911198,45.42268962911198,-0.5218641466851109,-0.5218641466851109,-0.5218641466851109,-0.1377802654536586,-0.1377802654536586,-0.1377802654536586,-0.3840838812314523,-0.3840838812314523,-0.3840838812314523,0.0,0.0,0.0,44.90082548242687
2020-07-23,45.42249590818837,36.45215366730183,53.53722151634182,45.42249590818837,45.42249590818837,-0.4740287079133904,-0.4740287079133904,-0.4740287079133904,-0.08301648234079494,-0.08301648234079494,-0.08301648234079494,-0.39101222557259546,-0.39101222557259546,-0.39101222557259546,0.0,0.0,0.0,44.948467200274976
2020-07-24,45.42230218726475,35.782543099546956,53.147967828801384,45.42230218726475,45.42230218726475,-0.8519060483844434,-0.8519060483844434,-0.8519060483844434,-0.4634532681651573,-0.4634532681651573,-0.4634532681651573,-0.3884527802192861,-0.3884527802192861,-0.3884527802192861,0.0,0.0,0.0,44.570396138880305
2020-07-25,45.42210846634112,35.65248923262116,53.69551764917311,45.42210846634112,45.42210846634112,-0.7694244392590286,-0.7694244392590286,-0.7694244392590286,-0.39336975002082136,-0.39336975002082136,-0.39336975002082136,-0.37605468923820723,-0.37605468923820723,-0.37605468923820723,0.0,0.0,0.0,44.652684027082095
2020-07-26,45.42191474541751,36.858107249069214,54.783208660869875,45.42191474541751,45.42191474541751,0.28158519407366034,0.28158519407366034,0.28158519407366034,0.635267961604037,0.635267961604037,0.635267961604037,-0.35368276753037664,-0.35368276753037664,-0.35368276753037664,0.0,0.0,0.0,45.703499939491174
2020-07-27,45.421721024493884,36.9007330527832,53.6282578961224,45.421721024493884,45.421721024493884,-0.10813189724136714,-0.10813189724136714,-0.10813189724136714,0.21329333042340784,0.21329333042340784,0.21329333042340784,-0.321425227664775,-0.321425227664775,-0.321425227664775,0.0,0.0,0.0,45.31358912725252
2020-07-28,45.421527303570265,37.22016541663981,54.34290301522582,45.421527303570265,45.421527303570265,-0.05053769988647464,-0.05053769988647464,-0.05053769988647464,0.22905847395079942,0.22905847395079942,0.22905847395079942,-0.2795961738372741,-0.2795961738372741,-0.2795961738372741,0.0,0.0,0.0,45.37098960368379
2020-07-29,45.421333582646646,36.79537644808354,53.71490446110709,45.421333582646646,45.421333582646646,-0.3665129923375406,-0.3665129923375406,-0.3665129923375406,-0.1377802654520592,-0.1377802654520592,-0.1377802654520592,-0.22873272688548138,-0.22873272688548138,-0.22873272688548138,0.0,0.0,0.0,45.054820590309106
2020-07-30,45.42113987025809,36.287374957064785,53.48173934254298,45.42113987025809,45.42113987025809,-0.2526032601048298,-0.2526032601048298,-0.2526032601048298,-0.08301648233985039,-0.08301648233985039,-0.08301648233985039,-0.1695867777649794,-0.1695867777649794,-0.1695867777649794,0.0,0.0,0.0,45.16853661015326
2020-07-31,45.42094615786954,36.01383882470956,53.712401843755416,45.42094615786954,45.42094615786954,-0.5665647698536292,-0.5665647698536292,-0.5665647698536292,-0.4634532681665097,-0.4634532681665097,-0.4634532681665097,-0.1031115016871196,-0.1031115016871196,-0.1031115016871196,0.0,0.0,0.0,44.85438138801591
2020-08-01,45.420752445480986,37.09925301546981,53.266376896297075,45.420752445480986,45.420752445480986,-0.4238126478838558,-0.4238126478838558,-0.4238126478838558,-0.39336975002061236,-0.39336975002061236,-0.39336975002061236,-0.030442897863243494,-0.030442897863243494,-0.030442897863243494,0.0,0.0,0.0,44.99693979759713
2020-08-02,45.42055873309243,37.995628000831424,54.482528120343794,45.42055873309243,45.42055873309243,0.6823912145824294,0.6823912145824294,0.6823912145824294,0.6352679616019791,0.6352679616019791,0.6352679616019791,0.04712325298045039,0.04712325298045039,0.04712325298045039,0.0,0.0,0.0,46.10294994767486
2020-08-03,45.42036502070387,36.69148888112827,54.30762546267495,45.42036502070387,45.42036502070387,0.34145183314069216,0.34145183314069216,0.34145183314069216,0.21329333042311416,0.21329333042311416,0.21329333042311416,0.12815850271757806,0.12815850271757806,0.12815850271757806,0.0,0.0,0.0,45.761816853844564
2020-08-04,45.42017130831532,37.22656248110246,54.44308278574309,45.42017130831532,45.42017130831532,0.44019077840464643,0.44019077840464643,0.44019077840464643,0.22905847395045753,0.22905847395045753,0.22905847395045753,0.2111323044541889,0.2111323044541889,0.2111323044541889,0.0,0.0,0.0,45.86036208671997
2020-08-05,45.41997759592677,37.6112627344556,54.702116963287935,45.41997759592677,45.41997759592677,0.156665061281419,0.156665061281419,0.156665061281419,-0.13778026545299255,-0.13778026545299255,-0.13778026545299255,0.29444532673441154,0.29444532673441154,0.29444532673441154,0.0,0.0,0.0,45.57664265720818
2020-08-06,45.41978388353821,36.58091825745214,54.93004664109928,45.41978388353821,45.41978388353821,0.29344824736072767,0.29344824736072767,0.29344824736072767,-0.08301648234047894,-0.08301648234047894,-0.08301648234047894,0.37646472970120665,0.37646472970120665,0.37646472970120665,0.0,0.0,0.0,45.71323213089894
2020-08-07,45.41959017114965,37.48617846574333,53.72909028059519,45.41959017114965,45.41959017114965,-0.007892704065559029,-0.007892704065559029,-0.007892704065559029,-0.46345326816472526,-0.46345326816472526,-0.46345326816472526,0.45556056409916623,0.45556056409916623,0.45556056409916623,0.0,0.0,0.0,45.41169746708409
2020-08-08,45.4193964587611,36.36586535180202,54.65048384228048,45.4193964587611,45.4193964587611,0.1367726691734895,0.1367726691734895,0.1367726691734895,-0.3933697500204033,-0.3933697500204033,-0.3933697500204033,0.5301424191938928,0.5301424191938928,0.5301424191938928,0.0,0.0,0.0,45.55616912793459
2020-08-09,45.41920274637254,37.73998061679453,54.8433405359062,45.41920274637254,45.41920274637254,1.2339633942287362,1.2339633942287362,1.2339633942287362,0.6352679616031637,0.6352679616031637,0.6352679616031637,0.5986954326255725,0.5986954326255725,0.5986954326255725,0.0,0.0,0.0,46.65316614060128
2020-08-10,45.41900903398399,37.929101046026915,55.21851450221941,45.41900903398399,45.41900903398399,0.8731081147533422,0.8731081147533422,0.8731081147533422,0.21329333042282045,0.21329333042282045,0.21329333042282045,0.6598147843305219,0.6598147843305219,0.6598147843305219,0.0,0.0,0.0,46.29211714873733
2020-08-11,45.41881532159544,37.74838373466802,54.56150081998521,45.41881532159544,45.41881532159544,0.9412963018457444,0.9412963018457444,0.9412963018457444,0.22905847395082435,0.22905847395082435,0.22905847395082435,0.71223782789492,0.71223782789492,0.71223782789492,0.0,0.0,0.0,46.360111623441185
2020-08-12,45.41862160920688,37.504099104458454,54.55384154283286,45.41862160920688,45.41862160920688,0.6170927999146009,0.6170927999146009,0.6170927999146009,-0.13778026545265953,-0.13778026545265953,-0.13778026545265953,0.7548730653672603,0.7548730653672603,0.7548730653672603,0.0,0.0,0.0,46.03571440912148
2020-08-13,45.41842789681832,37.969768664434255,54.99589444883942,45.41842789681832,45.41842789681832,0.7038087621083792,0.7038087621083792,0.7038087621083792,-0.08301648233804483,-0.08301648233804483,-0.08301648233804483,0.7868252444464241,0.7868252444464241,0.7868252444464241,0.0,0.0,0.0,46.1222366589267
2020-08-14,45.41823418442977,37.47649245225752,54.442594195907425,45.41823418442977,45.41823418442977,0.34396268020496223,0.34396268020496223,0.34396268020496223,-0.4634532681653011,-0.4634532681653011,-0.4634532681653011,0.8074159483702633,0.8074159483702633,0.8074159483702633,0.0,0.0,0.0,45.76219686463473
2020-08-15,45.41804047204122,38.10602378864466,54.32118189223888,45.41804047204122,45.41804047204122,0.42282940648392137,0.42282940648392137,0.42282940648392137,-0.3933697500201943,-0.3933697500201943,-0.3933697500201943,0.8161991565041157,0.8161991565041157,0.8161991565041157,0.0,0.0,0.0,45.84086987852514
2020-08-16,45.41784675965266,38.854334853337754,55.70575697895495,45.41784675965266,45.41784675965266,1.4482393365909392,1.4482393365909392,1.4482393365909392,0.6352679616029697,0.6352679616029697,0.6352679616029697,0.8129713749879696,0.8129713749879696,0.8129713749879696,0.0,0.0,0.0,46.8660860962436
2020-08-17,45.4176530472641,38.04949265610219,54.32864655785838,45.4176530472641,45.4176530472641,1.0110693992409872,1.0110693992409872,1.0110693992409872,0.21329333042253756,0.21329333042253756,0.21329333042253756,0.7977760688184494,0.7977760688184494,0.7977760688184494,0.0,0.0,0.0,46.42872244650509
2020-08-18,45.41745933487555,37.90771405124391,54.93728091681284,45.41745933487555,45.41745933487555,0.9999607401050451,0.9999607401050451,0.9999607401050451,0.22905847395147697,0.22905847395147697,0.22905847395147697,0.7709022661535682,0.7709022661535682,0.7709022661535682,0.0,0.0,0.0,46.4174200749806
2020-08-19,45.417265622487,37.51679298377308,53.869065929220696,45.417265622487,45.417265622487,0.5950970835259896,0.5950970835259896,0.5950970835259896,-0.13778026545232647,-0.13778026545232647,-0.13778026545232647,0.7328773489783161,0.7328773489783161,0.7328773489783161,0.0,0.0,0.0,46.01236270601299
2020-08-20,45.41707191009844,37.52160700038045,54.31383622101977,45.41707191009844,45.41707191009844,0.6014377055949615,0.6014377055949615,0.6014377055949615,-0.08301648234024654,-0.08301648234024654,-0.08301648234024654,0.684454187935208,0.684454187935208,0.684454187935208,0.0,0.0,0.0,46.018509615693404
2020-08-21,45.41687819770989,37.08876638576643,53.54664226847655,45.41687819770989,45.41687819770989,0.16313965136774689,0.16313965136774689,0.16313965136774689,-0.4634532681635168,-0.4634532681635168,-0.4634532681635168,0.6265929195312636,0.6265929195312636,0.6265929195312636,0.0,0.0,0.0,45.58001784907764
2020-08-22,45.41668448532133,37.101082090723374,53.78967541328796,45.41668448532133,45.41668448532133,0.1670680475097686,0.1670680475097686,0.1670680475097686,-0.3933697500187324,-0.3933697500187324,-0.3933697500187324,0.5604377975285011,0.5604377975285011,0.5604377975285011,0.0,0.0,0.0,45.5837525328311
2020-08-23,45.416490772932775,37.95967472806598,54.94476955896792,45.416490772932775,45.416490772932775,1.1225576353163005,1.1225576353163005,1.1225576353163005,0.6352679616034652,0.6352679616034652,0.6352679616034652,0.4872896737128353,0.4872896737128353,0.4872896737128353,0.0,0.0,0.0,46.53904840824907
2020-08-24,45.416297060544224,37.7840228990272,54.861775403183806,45.416297060544224,45.416297060544224,0.6218681037406019,0.6218681037406019,0.6218681037406019,0.21329333042381546,0.21329333042381546,0.21329333042381546,0.40857477331678643,0.40857477331678643,0.40857477331678643,0.0,0.0,0.0,46.03816516428483
2020-08-25,45.41610334815567,38.211003054383816,54.374088200283126,45.41610334815567,45.41610334815567,0.55486899824685,0.55486899824685,0.55486899824685,0.22905847395184378,0.22905847395184378,0.22905847395184378,0.32581052429500634,0.32581052429500634,0.32581052429500634,0.0,0.0,0.0,45.970972346402526
2020-08-26,45.41590963576712,37.480867268278395,54.16923265915345,45.41590963576712,45.41590963576712,0.10278900958653203,0.10278900958653203,0.10278900958653203,-0.13778026545199346,-0.13778026545199346,-0.13778026545199346,0.2405692750385255,0.2405692750385255,0.2405692750385255,0.0,0.0,0.0,45.51869864535365
2020-08-27,45.415715923378556,36.57932417103876,53.70472947052761,45.415715923378556,45.415715923378556,0.07142430766484721,0.07142430766484721,0.07142430766484721,-0.08301648233930199,-0.08301648233930199,-0.08301648233930199,0.1544407900041492,0.1544407900041492,0.1544407900041492,0.0,0.0,0.0,45.487140231043405
2020-08-28,45.415522210990005,36.399549748372266,53.67966570936967,45.415522210990005,45.415522210990005,-0.3944588225134906,-0.3944588225134906,-0.3944588225134906,-0.46345326816486904,-0.46345326816486904,-0.46345326816486904,0.06899444565137838,0.06899444565137838,0.06899444565137838,0.0,0.0,0.0,45.02106338847651
2020-08-29,45.415328498601454,36.85345205168225,53.67880092912492,45.415328498601454,45.415328498601454,-0.407627690824621,-0.407627690824621,-0.407627690824621,-0.3933697500212453,-0.3933697500212453,-0.3933697500212453,-0.014257940803375734,-0.014257940803375734,-0.014257940803375734,0.0,0.0,0.0,45.007700807776835
2020-08-30,45.415134786212896,37.12210291659709,54.265516391530504,45.415134786212896,45.415134786212896,0.5413702312148637,0.5413702312148637,0.5413702312148637,0.6352679616039605,0.6352679616039605,0.6352679616039605,-0.09389773038909685,-0.09389773038909685,-0.09389773038909685,0.0,0.0,0.0,45.95650501742776
2020-08-31,45.41494107382434,36.883700950099275,53.1599374868207,45.41494107382434,45.41494107382434,0.044660684725536436,0.044660684725536436,0.044660684725536436,0.21329333042355414,0.21329333042355414,0.21329333042355414,-0.16863264569801767,-0.16863264569801767,-0.16863264569801767,0.0,0.0,0.0,45.45960175854987
2020-09-01,45.414747361435786,37.0460995209432,54.47372934644641,45.414747361435786,45.414747361435786,-0.008268219191273391,-0.008268219191273391,-0.008268219191273391,0.22905847395079315,0.22905847395079315,0.22905847395079315,-0.23732669314206653,-0.23732669314206653,-0.23732669314206653,0.0,0.0,0.0,45.406479142244514
2020-09-02,45.414553649047235,36.5591598593257,53.487092936333504,45.414553649047235,45.414553649047235,-0.436806342995412,-0.436806342995412,-0.436806342995412,-0.1377802654529268,-0.1377802654529268,-0.1377802654529268,-0.2990260775424852,-0.2990260775424852,-0.2990260775424852,0.0,0.0,0.0,44.977747306051825
2020-09-03,45.41435993665868,37.04695574621541,53.34085544639652,45.41435993665868,45.41435993665868,-0.43599694235423164,-0.43599694235423164,-0.43599694235423164,-0.08301648233993056,-0.08301648233993056,-0.08301648233993056,-0.3529804600143011,-0.3529804600143011,-0.3529804600143011,0.0,0.0,0.0,44.97836299430445
2020-09-04,45.414166224270126,35.666703845754576,52.53703243545489,45.414166224270126,45.414166224270126,-0.8621122922637707,-0.8621122922637707,-0.8621122922637707,-0.4634532681662213,-0.4634532681662213,-0.4634532681662213,-0.3986590240975494,-0.3986590240975494,-0.3986590240975494,0.0,0.0,0.0,44.55205393200635
2020-09-05,45.41397251188157,35.53972173046833,53.11014208314945,45.41397251188157,45.41397251188157,-0.8291306927179531,-0.8291306927179531,-0.8291306927179531,-0.39336975001978336,-0.39336975001978336,-0.39336975001978336,-0.4357609426981699,-0.4357609426981699,-0.4357609426981699,0.0,0.0,0.0,44.584841819163614
2020-09-06,45.41377879949301,37.445857632119946,54.11556772566649,45.41377879949301,45.41377879949301,0.17104798509197053,0.17104798509197053,0.17104798509197053,0.6352679616044558,0.6352679616044558,0.6352679616044558,-0.4642199765124853,-0.4642199765124853,-0.4642199765124853,0.0,0.0,0.0,45.58482678458498
2020-09-07,45.41358508710446,37.10072162428937,53.30616326519729,45.41358508710446,45.41358508710446,-0.270909749382772,-0.270909749382772,-0.270909749382772,0.21329333042326049,0.21329333042326049,0.21329333042326049,-0.4842030798060325,-0.4842030798060325,-0.4842030798060325,0.0,0.0,0.0,45.142675337721684
2020-09-08,45.41339137471591,37.31644770756773,53.72482533738999,45.41339137471591,45.41339137471591,-0.26704456416646694,-0.26704456416646694,-0.26704456416646694,0.2290584739511599,0.2290584739511599,0.2290584739511599,-0.49610303811762685,-0.49610303811762685,-0.49610303811762685,0.0,0.0,0.0,45.14634681054944
2020-09-09,45.41319766232735,36.29465410452446,53.60777414690728,45.41319766232735,45.41319766232735,-0.6383055764357327,-0.6383055764357327,-0.6383055764357327,-0.13778026545284022,-0.13778026545284022,-0.13778026545284022,-0.5005253109828924,-0.5005253109828924,-0.5005253109828924,0.0,0.0,0.0,44.774892085891615
2020-09-10,45.41300394993879,36.513048884993204,53.77831658641991,45.41300394993879,45.41300394993879,-0.5812858797841128,-0.5812858797841128,-0.5812858797841128,-0.08301648233906955,-0.08301648233906955,-0.08301648233906955,-0.4982693974450433,-0.4982693974450433,-0.4982693974450433,0.0,0.0,0.0,44.83171807015468
2020-09-11,45.41281023755024,35.5295886840746,53.02609500334486,45.41281023755024,45.41281023755024,-0.9537584475130485,-0.9537584475130485,-0.9537584475130485,-0.463453268164437,-0.463453268164437,-0.463453268164437,-0.4903051793486115,-0.4903051793486115,-0.4903051793486115,0.0,0.0,0.0,44.45905179003719
2020-09-12,45.41261652516169,36.48414975091209,52.9438240312498,45.41261652516169,45.41261652516169,-0.8711145738106737,-0.8711145738106737,-0.8711145738106737,-0.3933697500208273,-0.3933697500208273,-0.3933697500208273,-0.47774482378984634,-0.47774482378984634,-0.47774482378984634,0.0,0.0,0.0,44.541501951351016
2020-09-13,45.41242281277313,37.09934971043058,54.11357597959634,45.41242281277313,45.41242281277313,0.17345702311834518,0.17345702311834518,0.17345702311834518,0.6352679616042619,0.6352679616042619,0.6352679616042619,-0.4618109384859167,-0.4618109384859167,-0.4618109384859167,0.0,0.0,0.0,45.585879835891475
2020-09-14,45.41222910038458,36.62565017260562,53.97662321478183,45.41222910038458,45.41222910038458,-0.2305084389833273,-0.2305084389833273,-0.2305084389833273,0.2132933304245492,0.2132933304245492,0.2132933304245492,-0.4438017694078765,-0.4438017694078765,-0.4438017694078765,0.0,0.0,0.0,45.18172066140125
2020-09-15,45.41203538799602,36.44360396965133,53.631889051639135,45.41203538799602,45.41203538799602,-0.19599583248903255,-0.19599583248903255,-0.19599583248903255,0.22905847395152676,0.22905847395152676,0.22905847395152676,-0.4250543064405593,-0.4250543064405593,-0.4250543064405593,0.0,0.0,0.0,45.21603955550699
2020-09-16,45.41184167560746,36.573305559626796,53.50476460105805,45.41184167560746,45.41184167560746,-0.5446864835803478,-0.5446864835803478,-0.5446864835803478,-0.1377802654537735,-0.1377802654537735,-0.1377802654537735,-0.40690621812657435,-0.40690621812657435,-0.40690621812657435,0.0,0.0,0.0,44.86715519202711
2020-09-17,45.41164796321891,35.664157187768915,53.195201555675894,45.41164796321891,45.41164796321891,-0.4736740517173279,-0.4736740517173279,-0.4736740517173279,-0.0830164823396981,-0.0830164823396981,-0.0830164823396981,-0.3906575693776298,-0.3906575693776298,-0.3906575693776298,0.0,0.0,0.0,44.93797391150159
2020-09-18,45.41145425083036,35.80974127418098,52.85148088505481,45.41145425083036,45.41145425083036,-0.840986553651451,-0.840986553651451,-0.840986553651451,-0.4634532681657893,-0.4634532681657893,-0.4634532681657893,-0.37753328548566173,-0.37753328548566173,-0.37753328548566173,0.0,0.0,0.0,44.570467697178906
2020-09-19,45.41126053844181,35.96889202384623,53.75844117599997,45.41126053844181,45.41126053844181,-0.7620170616547236,-0.7620170616547236,-0.7620170616547236,-0.39336975001936536,-0.39336975001936536,-0.39336975001936536,-0.36864731163535824,-0.36864731163535824,-0.36864731163535824,0.0,0.0,0.0,44.649243476787085
2020-09-20,45.41106682605324,37.05610591497018,53.983810539390014,45.41106682605324,45.41106682605324,0.2702985819535617,0.2702985819535617,0.2702985819535617,0.6352679616028933,0.6352679616028933,0.6352679616028933,-0.36496937964933157,-0.36496937964933157,-0.36496937964933157,0.0,0.0,0.0,45.681365408006805
2020-09-21,45.41087311366469,36.59799304856661,53.43146792157488,45.41087311366469,45.41087311366469,-0.15400190341289333,-0.15400190341289333,-0.15400190341289333,0.21329333042425555,0.21329333042425555,0.21329333042425555,-0.36729523383714885,-0.36729523383714885,-0.36729523383714885,0.0,0.0,0.0,45.2568712102518
2020-09-22,45.41067940127614,37.21311633019063,53.55459182258266,45.41067940127614,45.41067940127614,-0.14716261296652766,-0.14716261296652766,-0.14716261296652766,0.22905847395047607,0.22905847395047607,0.22905847395047607,-0.3762210869170037,-0.3762210869170037,-0.3762210869170037,0.0,0.0,0.0,45.263516788309616
2020-09-23,45.41048568888758,36.617837092846706,53.0939429868822,45.41048568888758,45.41048568888758,-0.5299032425254862,-0.5299032425254862,-0.5299032425254862,-0.13778026545217414,-0.13778026545217414,-0.13778026545217414,-0.39212297707331195,-0.39212297707331195,-0.39212297707331195,0.0,0.0,0.0,44.8805824463621
2020-09-24,45.410291976499025,36.79615860799948,53.110586033754494,45.410291976499025,45.410291976499025,-0.49815806295571674,-0.49815806295571674,-0.49815806295571674,-0.0830164823403267,-0.0830164823403267,-0.0830164823403267,-0.4151415806153901,-0.4151415806153901,-0.4151415806153901,0.0,0.0,0.0,44.91213391354331
2020-09-25,45.410098264110474,35.60643038654188,52.56854219340357,45.410098264110474,45.410098264110474,-0.9086261724770223,-0.9086261724770223,-0.9086261724770223,-0.4634532681647968,-0.4634532681647968,-0.4634532681647968,-0.44517290431222545,-0.44517290431222545,-0.44517290431222545,0.0,0.0,0.0,44.50147209163345
2020-09-26,45.40990455172192,35.45574645075943,53.38862624102946,45.40990455172192,45.40990455172192,-0.8752348903913332,-0.8752348903913332,-0.8752348903913332,-0.3933697500179035,-0.3933697500179035,-0.3933697500179035,-0.4818651403734297,-0.4818651403734297,-0.4818651403734297,0.0,0.0,0.0,44.53466966133059
2020-09-27,45.409710839333364,37.67719432503114,54.35006606534006,45.409710839333364,45.409710839333364,0.1106461429085353,0.1106461429085353,0.1106461429085353,0.6352679616033887,0.6352679616033887,0.6352679616033887,-0.5246218186948534,-0.5246218186948534,-0.5246218186948534,0.0,0.0,0.0,45.5203569822419
2020-09-28,45.40951712694481,36.074245541947974,53.99223310937471,45.40951712694481,45.40951712694481,-0.3593179085029506,-0.3593179085029506,-0.3593179085029506,0.21329333042397255,0.21329333042397255,0.21329333042397255,-0.5726112389269231,-0.5726112389269231,-0.5726112389269231,0.0,0.0,0.0,45.05019921844186
2020-09-29,45.409323414556255,36.41952955777598,53.82605763399787,45.409323414556255,45.409323414556255,-0.39572353889927847,-0.39572353889927847,-0.39572353889927847,0.2290584739508429,0.2290584739508429,0.2290584739508429,-0.6247820128501212,-0.6247820128501212,-0.6247820128501212,0.0,0.0,0.0,45.01359987565698
2020-09-30,45.4091297021677,36.10548885380533,52.99747298114229,45.4091297021677,45.4091297021677,-0.817664664568356,-0.817664664568356,-0.817664664568356,-0.1377802654531075,-0.1377802654531075,-0.1377802654531075,-0.6798843991152483,-0.6798843991152483,-0.6798843991152483,0.0,0.0,0.0,44.59146503759934
2020-10-01,45.408935989779145,35.57333636373519,52.91908064992917,45.408935989779145,45.408935989779145,-0.8195134535341757,-0.8195134535341757,-0.8195134535341757,-0.08301648234095525,-0.08301648234095525,-0.08301648234095525,-0.7364969711932203,-0.7364969711932203,-0.7364969711932203,0.0,0.0,0.0,44.58942253624497
2020-10-02,45.408742277390594,35.21684239552236,51.79071558160886,45.408742277390594,45.408742277390594,-1.256511296959021,-1.256511296959021,-1.256511296959021,-0.46345326816614907,-0.46345326816614907,-0.46345326816614907,-0.7930580287928721,-0.7930580287928721,-0.7930580287928721,0.0,0.0,0.0,44.152230980431575
2020-10-03,45.40854856500204,35.84651798256835,52.30545839269688,45.40854856500204,45.40854856500204,-1.241270796175604,-1.241270796175604,-1.241270796175604,-0.39336975001894736,-0.39336975001894736,-0.39336975001894736,-0.8479010461566567,-0.8479010461566567,-0.8479010461566567,0.0,0.0,0.0,44.16727776882644
2020-10-04,45.40835485261348,36.784106995411584,54.15259967323065,45.40835485261348,45.40835485261348,-0.264025388762868,-0.264025388762868,-0.264025388762868,0.6352679616045734,0.6352679616045734,0.6352679616045734,-0.8992933503674414,-0.8992933503674414,-0.8992933503674414,0.0,0.0,0.0,45.14432946385061
2020-10-05,45.40816114022493,37.04654588293115,53.73141824019989,45.40816114022493,45.40816114022493,-0.7321838110258428,-0.7321838110258428,-0.7321838110258428,0.21329333042368967,0.21329333042368967,0.21329333042368967,-0.9454771414495324,-0.9454771414495324,-0.9454771414495324,0.0,0.0,0.0,44.675977329199085
2020-10-06,45.407967427836375,36.35470178237815,53.780909601219584,45.407967427836375,45.407967427836375,-0.7556534316515553,-0.7556534316515553,-0.7556534316515553,0.22905847395149553,0.22905847395149553,0.22905847395149553,-0.9847119056030508,-0.9847119056030508,-0.9847119056030508,0.0,0.0,0.0,44.65231399618482
2020-10-07,45.40777371544781,36.22339449121821,52.766338874539734,45.40777371544781,45.40777371544781,-1.1530975002297106,-1.1530975002297106,-1.1530975002297106,-0.13778026545404082,-0.13778026545404082,-0.13778026545404082,-1.0153172347756698,-1.0153172347756698,-1.0153172347756698,0.0,0.0,0.0,44.2546762152181
2020-10-08,45.40758160251031,35.88545637292012,52.69059396557828,45.40758160251031,45.40758160251031,-1.1187315332057315,-1.1187315332057315,-1.1187315332057315,-0.0830164823400107,-0.0830164823400107,-0.0830164823400107,-1.0357150508657207,-1.0357150508657207,-1.0357150508657207,0.0,0.0,0.0,44.28885006930458
2020-10-09,45.4073894895728,35.428658996345206,51.761297671847956,45.4073894895728,45.4073894895728,-1.507923509656287,-1.507923509656287,-1.507923509656287,-0.4634532681659331,-0.4634532681659331,-0.4634532681659331,-1.044470241490354,-1.044470241490354,-1.044470241490354,0.0,0.0,0.0,43.89946597991651
2020-10-10,45.407197376635295,36.42548561464177,53.23981553174819,45.407197376635295,45.407197376635295,-1.4336984962509989,-1.4336984962509989,-1.4336984962509989,-0.3933697500174854,-0.3933697500174854,-0.3933697500174854,-1.0403287462335133,-1.0403287462335133,-1.0403287462335133,0.0,0.0,0.0,43.9734988803843
2020-10-11,45.4070052636978,36.6159072039138,53.04411555858904,45.4070052636978,45.4070052636978,-0.38698422522533654,-0.38698422522533654,-0.38698422522533654,0.6352679616025153,0.6352679616025153,0.6352679616025153,-1.022252186827852,-1.022252186827852,-1.022252186827852,0.0,0.0,0.0,45.020021038472464
2020-10-12,45.406813150760286,35.73254003894471,52.509529859006314,45.406813150760286,45.406813150760286,-0.7761548800765969,-0.7761548800765969,-0.7761548800765969,0.21329333042340676,0.21329333042340676,0.21329333042340676,-0.9894482105000036,-0.9894482105000036,-0.9894482105000036,0.0,0.0,0.0,44.63065827068369
2020-10-13,45.40662103782279,36.32270875374668,53.09212108288299,45.40662103782279,45.40662103782279,-0.7123373369812013,-0.7123373369812013,-0.7123373369812013,0.22905847395186232,0.22905847395186232,0.22905847395186232,-0.9413958109330636,-0.9413958109330636,-0.9413958109330636,0.0,0.0,0.0,44.69428370084159
2020-10-14,45.406428924885276,36.245916779131214,53.14341680742208,45.406428924885276,45.406428924885276,-1.0156452691378595,-1.0156452691378595,-1.0156452691378595,-0.13778026545268796,-0.13778026545268796,-0.13778026545268796,-0.8778650036851715,-0.8778650036851715,-0.8778650036851715,0.0,0.0,0.0,44.39078365574742
2020-10-15,45.40623681194777,36.30928314926485,52.84058993929795,45.40623681194777,45.40623681194777,-0.8819468421375802,-0.8819468421375802,-0.8819468421375802,-0.0830164823422124,-0.0830164823422124,-0.0830164823422124,-0.7989303597953679,-0.7989303597953679,-0.7989303597953679,0.0,0.0,0.0,44.52428996981019
2020-10-16,45.406044699010266,35.48878951066069,53.015891626551564,45.406044699010266,45.406044699010266,-1.168431307882755,-1.168431307882755,-1.168431307882755,-0.463453268165717,-0.463453268165717,-0.463453268165717,-0.7049780397170382,-0.7049780397170382,-0.7049780397170382,0.0,0.0,0.0,44.23761339112751
2020-10-17,45.40585258607276,35.46990567804229,52.97831477559471,45.40585258607276,45.40585258607276,-0.9900758663937217,-0.9900758663937217,-0.9900758663937217,-0.3933697500199983,-0.3933697500199983,-0.3933697500199983,-0.5967061163737233,-0.5967061163737233,-0.5967061163737233,0.0,0.0,0.0,44.41577671967904
2020-10-18,45.40566047313525,37.78610600021889,54.360296506100774,45.40566047313525,45.40566047313525,0.16014983398016247,0.16014983398016247,0.16014983398016247,0.6352679616030109,0.6352679616030109,0.6352679616030109,-0.4751181276228484,-0.4751181276228484,-0.4751181276228484,0.0,0.0,0.0,45.56581030711541
2020-10-19,45.40546836019775,36.540334422803085,53.7329290671721,45.40546836019775,45.40546836019775,-0.1282166207415995,-0.1282166207415995,-0.1282166207415995,0.213293330423113,0.213293330423113,0.213293330423113,-0.3415099511647125,-0.3415099511647125,-0.3415099511647125,0.0,0.0,0.0,45.277251739456155
2020-10-20,45.40527624726024,36.546035884789966,53.74643384248708,45.40527624726024,45.40527624726024,0.031608228485347355,0.031608228485347355,0.031608228485347355,0.22905847395152046,0.22905847395152046,0.22905847395152046,-0.1974502454661731,-0.1974502454661731,-0.1974502454661731,0.0,0.0,0.0,45.436884475745586
2020-10-21,45.405084134322735,36.64340282493662,53.650136271703786,45.405084134322735,45.405084134322735,-0.18253511046916193,-0.18253511046916193,-0.18253511046916193,-0.13778026545362118,-0.13778026545362118,-0.13778026545362118,-0.044754845015540765,-0.044754845015540765,-0.044754845015540765,0.0,0.0,0.0,45.222549023853574
2020-10-22,45.40489202138523,36.90875711078768,53.930110492176205,45.40489202138523,45.40489202138523,0.03152788370266913,0.03152788370266913,0.03152788370266913,-0.08301648233977829,-0.08301648233977829,-0.08301648233977829,0.11454436604244743,0.11454436604244743,0.11454436604244743,0.0,0.0,0.0,45.4364199050879
2020-10-23,45.404699908447725,36.36836093334699,53.39243902407946,45.404699908447725,45.404699908447725,-0.18521781387174963,-0.18521781387174963,-0.18521781387174963,-0.46345326816550103,-0.46345326816550103,-0.46345326816550103,0.2782354542937514,0.2782354542937514,0.2782354542937514,0.0,0.0,0.0,45.21948209457597
2020-10-24,45.40450779551022,37.121827771119285,53.3647331781439,45.40450779551022,45.40450779551022,0.050596805237471815,0.050596805237471815,0.050596805237471815,-0.39336975001978924,-0.39336975001978924,-0.39336975001978924,0.4439665552572611,0.4439665552572611,0.4439665552572611,0.0,0.0,0.0,45.45510460074769
2020-10-25,45.404315682572715,37.99521858007776,55.033483740785,45.404315682572715,45.404315682572715,1.2445572235600064,1.2445572235600064,1.2445572235600064,0.635267961602817,0.635267961602817,0.635267961602817,0.6092892619571895,0.6092892619571895,0.6092892619571895,0.0,0.0,0.0,46.64887290613272
2020-10-26,45.4041235696352,38.296347304009565,54.542389250245826,45.4041235696352,45.4041235696352,0.9849976949968454,0.9849976949968454,0.9849976949968454,0.2132933304228409,0.2132933304228409,0.2132933304228409,0.7717043645740044,0.7717043645740044,0.7717043645740044,0.0,0.0,0.0,46.389121264632045
2020-10-27,45.403931456697705,38.398222682454296,55.3523541062616,45.403931456697705,45.403931456697705,1.1577674449325548,1.1577674449325548,1.1577674449325548,0.2290584739511785,0.2290584739511785,0.2290584739511785,0.9287089709813762,0.9287089709813762,0.9287089709813762,0.0,0.0,0.0,46.56169890163026
2020-10-28,45.40373934376019,38.32574579222023,54.752386273057986,45.40373934376019,45.40373934376019,0.9400637435733559,0.9400637435733559,0.9400637435733559,-0.13778026545202188,-0.13778026545202188,-0.13778026545202188,1.0778440090253778,1.0778440090253778,1.0778440090253778,0.0,0.0,0.0,46.34380308733355
2020-10-29,45.40354723082269,37.65048158192402,54.8818485703107,45.40354723082269,45.40354723082269,1.1337246226824624,1.1337246226824624,1.1337246226824624,-0.08301648234040686,-0.08301648234040686,-0.08301648234040686,1.2167411050228694,1.2167411050228694,1.2167411050228694,0.0,0.0,0.0,46.53727185350515
2020-10-30,45.403355117885184,37.575483113799244,54.68216530178838,45.403355117885184,45.403355117885184,0.8797145808829312,0.8797145808829312,0.8797145808829312,-0.46345326816685334,-0.46345326816685334,-0.46345326816685334,1.3431678490497845,1.3431678490497845,1.3431678490497845,0.0,0.0,0.0,46.28306969876812
2020-10-31,45.40316300494768,37.6324747924348,55.22384891252226,45.40316300494768,45.40316300494768,1.0617007457406373,1.0617007457406373,1.0617007457406373,-0.39336975001958024,-0.39336975001958024,-0.39336975001958024,1.4550704957602179,1.4550704957602179,1.4550704957602179,0.0,0.0,0.0,46.464863750688316
2020-11-01,45.40297089201017,39.25028727577684,56.639383684090056,45.40297089201017,45.40297089201017,2.1858811702106773,2.1858811702106773,2.1858811702106773,0.6352679616026229,0.6352679616026229,0.6352679616026229,1.5506132086080544,1.5506132086080544,1.5506132086080544,0.0,0.0,0.0,47.588852062220845
2020-11-02,45.40277877907267,38.808998986549206,55.093362810034705,45.40277877907267,45.40277877907267,1.8415063644436696,1.8415063644436696,1.8415063644436696,0.21329333042411888,0.21329333042411888,0.21329333042411888,1.6282130340195504,1.6282130340195504,1.6282130340195504,0.0,0.0,0.0,47.244285143516336
2020-11-03,45.40258666613516,39.0460211790011,55.95382518101292,45.40258666613516,45.40258666613516,1.9156283622890156,1.9156283622890156,1.9156283622890156,0.22905847395083662,0.22905847395083662,0.22905847395083662,1.6865698883381788,1.6865698883381788,1.6865698883381788,0.0,0.0,0.0,47.31821502842417
2020-11-04,45.40239455319765,38.76414739567861,55.26090621598072,45.40239455319765,45.40239455319765,1.5869106864299962,1.5869106864299962,1.5869106864299962,-0.13778026545295521,-0.13778026545295521,-0.13778026545295521,1.7246909518829514,1.7246909518829514,1.7246909518829514,0.0,0.0,0.0,46.98930523962765
2020-11-05,45.40220244026015,37.82952202577225,55.97135499290622,45.40220244026015,45.40220244026015,1.6588925063213298,1.6588925063213298,1.6588925063213298,-0.08301648233946232,-0.08301648233946232,-0.08301648233946232,1.7419089886607921,1.7419089886607921,1.7419089886607921,0.0,0.0,0.0,47.06109494658148
2020-11-06,45.40201032732264,38.00028086996461,55.4157578498419,45.40201032732264,45.40201032732264,1.274440976002288,1.274440976002288,1.274440976002288,-0.463453268165069,-0.463453268165069,-0.463453268165069,1.7378942441673568,1.7378942441673568,1.7378942441673568,0.0,0.0,0.0,46.67645130332493
2020-11-07,45.40181821438514,38.374225705162125,55.64956360745385,45.40181821438514,45.40181821438514,1.3192899642174232,1.3192899642174232,1.3192899642174232,-0.3933697500220931,-0.3933697500220931,-0.3933697500220931,1.7126597142395161,1.7126597142395161,1.7126597142395161,0.0,0.0,0.0,46.72110817860256
2020-11-08,45.40162610144763,39.010505457969266,55.72977342450715,45.40162610144763,45.40162610144763,2.3018276834481264,2.3018276834481264,2.3018276834481264,0.6352679616038075,0.6352679616038075,0.6352679616038075,1.6665597218443189,1.6665597218443189,1.6665597218443189,0.0,0.0,0.0,47.70345378489576
2020-11-09,45.40143398851012,39.28354619485714,55.83006547434776,45.40143398851012,45.40143398851012,1.8135752131592664,1.8135752131592664,1.8135752131592664,0.21329333042383591,0.21329333042383591,0.21329333042383591,1.6002818827354306,1.6002818827354306,1.6002818827354306,0.0,0.0,0.0,47.21500920166939
2020-11-10,45.40124187557262,38.662392996043046,55.97331171938321,45.40124187557262,45.40124187557262,1.7438911557852648,1.7438911557852648,1.7438911557852648,0.22905847395148923,0.22905847395148923,0.22905847395148923,1.5148326818337754,1.5148326818337754,1.5148326818337754,0.0,0.0,0.0,47.14513303135789
2020-11-11,45.40104976263511,38.48514042309842,55.211191886225784,45.40104976263511,45.40104976263511,1.2737367513955122,1.2737367513955122,1.2737367513955122,-0.13778026545262217,-0.13778026545262217,-0.13778026545262217,1.4115170168481344,1.4115170168481344,1.4115170168481344,0.0,0.0,0.0,46.67478651403062
2020-11-12,45.400857649697606,37.721934708736605,54.88578437455603,45.400857649697606,45.400857649697606,1.2088957087779253,1.2088957087779253,1.2088957087779253,-0.08301648233851779,-0.08301648233851779,-0.08301648233851779,1.291912191116443,1.291912191116443,1.291912191116443,0.0,0.0,0.0,46.60975335847553
2020-11-13,45.4006655367601,38.0001597910306,54.793562789445524,45.4006655367601,45.4006655367601,0.6943836829736448,0.6943836829736448,0.6943836829736448,-0.46345326816564475,-0.46345326816564475,-0.46345326816564475,1.1578369511392894,1.1578369511392894,1.1578369511392894,0.0,0.0,0.0,46.095049219733745
2020-11-14,45.400473423822596,37.520727420813735,54.546247526481764,45.400473423822596,45.400473423822596,0.6179465134199911,0.6179465134199911,0.6179465134199911,-0.3933697500218842,-0.3933697500218842,-0.3933697500218842,1.011316263441875,1.011316263441875,1.011316263441875,0.0,0.0,0.0,46.01841993724259
2020-11-15,45.400281310885084,38.19093646967223,55.35788412779479,45.400281310885084,45.400281310885084,1.4898105697277353,1.4898105697277353,1.4898105697277353,0.6352679616036135,0.6352679616036135,0.6352679616036135,0.8545426081241216,0.8545426081241216,0.8545426081241216,0.0,0.0,0.0,46.89009188061282
2020-11-16,45.40008919794759,37.772125887379964,54.98825059405046,45.40008919794759,45.40008919794759,0.903127961524127,0.903127961524127,0.903127961524127,0.21329333042354223,0.21329333042354223,0.21329333042354223,0.6898346311005847,0.6898346311005847,0.6898346311005847,0.0,0.0,0.0,46.303217159471714
2020-11-17,45.399897085010075,37.545168104600705,55.0857866076422,45.399897085010075,45.399897085010075,0.7486525162965535,0.7486525162965535,0.7486525162965535,0.22905847395114734,0.22905847395114734,0.22905847395114734,0.5195940423454063,0.5195940423454063,0.5195940423454063,0.0,0.0,0.0,46.14854960130663
2020-11-18,45.39970497207258,37.29800455776205,53.858312375021846,45.39970497207258,45.39970497207258,0.20848140719965164,0.20848140719965164,0.20848140719965164,-0.1377802654525356,-0.1377802654525356,-0.1377802654525356,0.3462616726521872,0.3462616726521872,0.3462616726521872,0.0,0.0,0.0,45.608186379272226
2020-11-19,45.399512859135065,37.32733590848447,53.80098363746355,45.399512859135065,45.399512859135065,0.08925712386880384,0.08925712386880384,0.08925712386880384,-0.08301648234071947,-0.08301648234071947,-0.08301648234071947,0.1722736062095233,0.1722736062095233,0.1722736062095233,0.0,0.0,0.0,45.48876998300387
2020-11-20,45.39932074619756,36.606751167592776,53.4265090228709,45.39932074619756,45.39932074619756,-0.4634349774003556,-0.4634349774003556,-0.4634349774003556,-0.46345326816542876,-0.46345326816542876,-0.46345326816542876,1.8290765073182558e-05,1.8290765073182558e-05,1.8290765073182558e-05,0.0,0.0,0.0,44.935885768797206
2020-11-21,45.399128633260055,36.11982954849678,53.18817136791817,45.399128633260055,45.399128633260055,-0.5615742580280602,-0.5615742580280602,-0.5615742580280602,-0.39336975002042224,-0.39336975002042224,-0.39336975002042224,-0.168204508007638,-0.168204508007638,-0.168204508007638,0.0,0.0,0.0,44.837554375231996
2020-11-22,45.39893652032255,38.25430384971821,54.05086632612384,45.39893652032255,45.39893652032255,0.3050458664590615,0.3050458664590615,0.3050458664590615,0.635267961604109,0.635267961604109,0.635267961604109,-0.3302220951450475,-0.3302220951450475,-0.3302220951450475,0.0,0.0,0.0,45.70398238678161
2020-11-23,45.39874440738504,36.84413870956116,53.569806859728374,45.39874440738504,45.39874440738504,-0.2707305057798768,-0.2707305057798768,-0.2707305057798768,0.21329333042324858,0.21329333042324858,0.21329333042324858,-0.4840238362031254,-0.4840238362031254,-0.4840238362031254,0.0,0.0,0.0,45.128013901605165
2020-11-24,45.39855229444754,35.73734691364641,53.8094945153801,45.39855229444754,45.39855229444754,-0.39873361879666697,-0.39873361879666697,-0.39873361879666697,0.22905847395151413,0.22905847395151413,0.22905847395151413,-0.6277920927481812,-0.6277920927481812,-0.6277920927481812,0.0,0.0,0.0,44.99981867565087
2020-11-25,45.39836018151003,36.023120084226036,53.00473229210451,45.39836018151003,45.39836018151003,-0.8977088130130608,-0.8977088130130608,-0.8977088130130608,-0.13778026545220265,-0.13778026545220265,-0.13778026545220265,-0.7599285475608581,-0.7599285475608581,-0.7599285475608581,0.0,0.0,0.0,44.50065136849697
2020-11-26,45.398168068572524,36.20722335031166,53.276143852905726,45.398168068572524,45.398168068572524,-0.9620919562280957,-0.9620919562280957,-0.9620919562280957,-0.0830164823397749,-0.0830164823397749,-0.0830164823397749,-0.8790754738883209,-0.8790754738883209,-0.8790754738883209,0.0,0.0,0.0,44.43607611234443
2020-11-27,45.39797595563502,35.51498355388271,52.039813874706724,45.39797595563502,45.39797595563502,-1.4475848897163015,-1.4475848897163015,-1.4475848897163015,-0.46345326816521276,-0.46345326816521276,-0.46345326816521276,-0.9841316215510887,-0.9841316215510887,-0.9841316215510887,0.0,0.0,0.0,43.950391065918716
2020-11-28,45.397783842697514,35.127819832517076,52.35678396117874,45.397783842697514,45.397783842697514,-1.4676322665601484,-1.4676322665601484,-1.4676322665601484,-0.3933697500202132,-0.3933697500202132,-0.3933697500202132,-1.074262516539935,-1.074262516539935,-1.074262516539935,0.0,0.0,0.0,43.93015157613736
2020-11-29,45.39759172976,36.82740149874093,52.74089868264812,45.39759172976,45.39759172976,-0.5136371354681593,-0.5136371354681593,-0.5136371354681593,0.6352679616027405,0.6352679616027405,0.6352679616027405,-1.1489050970708996,-1.1489050970708996,-1.1489050970708996,0.0,0.0,0.0,44.88395459429184
2020-11-30,45.397399616822504,36.16759358734324,53.10433831706517,45.397399616822504,45.397399616822504,-0.9944734046280579,-0.9944734046280579,-0.9944734046280579,0.2132933304229764,0.2132933304229764,0.2132933304229764,-1.2077667350510344,-1.2077667350510344,-1.2077667350510344,0.0,0.0,0.0,44.402926212194444
2020-12-01,45.39720750388499,35.876227269314256,52.59376016232004,45.39720750388499,45.39720750388499,-1.021760340691847,-1.021760340691847,-1.021760340691847,0.22905847395046347,0.22905847395046347,0.22905847395046347,-1.2508188146423103,-1.2508188146423103,-1.2508188146423103,0.0,0.0,0.0,44.375447163193144
2020-12-02,45.397015390947494,35.14098926550168,52.15655859713927,45.397015390947494,45.397015390947494,-1.4160654219091602,-1.4160654219091602,-1.4160654219091602,-0.13778026545313593,-0.13778026545313593,-0.13778026545313593,-1.2782851564560243,-1.2782851564560243,-1.2782851564560243,0.0,0.0,0.0,43.980949969038335
2020-12-03,45.39682327800998,36.31001781325887,52.34625572825696,45.39682327800998,45.39682327800998,-1.3736421665732292,-1.3736421665732292,-1.3736421665732292,-0.08301648234040347,-0.08301648234040347,-0.08301648234040347,-1.2906256842328256,-1.2906256842328256,-1.2906256842328256,0.0,0.0,0.0,44.023181111436756
2020-12-04,45.39663116507248,34.54906942965692,51.78724464197171,45.39663116507248,45.39663116507248,-1.7519690965735906,-1.7519690965735906,-1.7519690965735906,-0.4634532681642202,-0.4634532681642202,-0.4634532681642202,-1.2885158284093703,-1.2885158284093703,-1.2885158284093703,0.0,0.0,0.0,43.64466206849889
2020-12-05,45.39643905213497,36.139573922550035,52.37397141559208,45.39643905213497,45.39643905213497,-1.6661919956462925,-1.6661919956462925,-1.6661919956462925,-0.39336975001875135,-0.39336975001875135,-0.39336975001875135,-1.2728222456275409,-1.2728222456275409,-1.2728222456275409,0.0,0.0,0.0,43.73024705648868
2020-12-06,45.39624693919747,36.38845027344177,53.249578368134536,45.39624693919747,45.39624693919747,-0.6093075417355543,-0.6093075417355543,-0.6093075417355543,0.6352679616032357,0.6352679616032357,0.6352679616032357,-1.24457550333879,-1.24457550333879,-1.24457550333879,0.0,0.0,0.0,44.786939397461914
2020-12-07,45.396054826259956,35.89768148588744,52.15979316037862,45.396054826259956,45.396054826259956,-0.9916471023382212,-0.9916471023382212,-0.9916471023382212,0.21329333042427595,0.21329333042427595,0.21329333042427595,-1.204940432762497,-1.204940432762497,-1.204940432762497,0.0,0.0,0.0,44.404407723921736
2020-12-08,45.39586271332246,35.975490464366054,52.83129854254963,45.39586271332246,45.39586271332246,-0.9261264166632514,-0.9261264166632514,-0.9261264166632514,0.22905847395083032,0.22905847395083032,0.22905847395083032,-1.1551848906140816,-1.1551848906140816,-1.1551848906140816,0.0,0.0,0.0,44.46973629665921
2020-12-09,45.395670600384946,36.23332473576264,52.88350795940911,45.395670600384946,45.395670600384946,-1.2344279550696606,-1.2344279550696606,-1.2344279550696606,-0.13778026545280295,-0.13778026545280295,-0.13778026545280295,-1.0966476896168575,-1.0966476896168575,-1.0966476896168575,0.0,0.0,0.0,44.16124264531528
2020-12-10,45.39547848744744,35.03166012533788,53.26902531367696,45.39547848744744,45.39547848744744,-1.1137229419879693,-1.1137229419879693,-1.1137229419879693,-0.0830164823395425,-0.0830164823395425,-0.0830164823395425,-1.0307064596484268,-1.0307064596484268,-1.0307064596484268,0.0,0.0,0.0,44.281755545459475
2020-12-11,45.395286374509936,35.483114443471386,51.558813369267654,45.395286374509936,45.395286374509936,-1.4221994538269371,-1.4221994538269371,-1.4221994538269371,-0.4634532681640041,-0.4634532681640041,-0.4634532681640041,-0.9587461856629331,-0.9587461856629331,-0.9587461856629331,0.0,0.0,0.0,43.973086920683
2020-12-12,45.39509426157243,35.46529982689649,52.572599927026275,45.39509426157243,45.39509426157243,-1.2754988859326177,-1.2754988859326177,-1.2754988859326177,-0.39336975001979513,-0.39336975001979513,-0.39336975001979513,-0.8821291359128226,-0.8821291359128226,-0.8821291359128226,0.0,0.0,0.0,44.11959537563981
2020-12-13,45.39490214863493,36.542550593382735,53.78898719193148,45.39490214863493,45.39490214863493,-0.16689888377794249,-0.16689888377794249,-0.16689888377794249,0.6352679616030418,0.6352679616030418,0.6352679616030418,-0.8021668453809843,-0.8021668453809843,-0.8021668453809843,0.0,0.0,0.0,45.22800326485699
2020-12-14,45.39471003569742,36.22397577754628,53.46479264768792,45.39471003569742,45.39471003569742,-0.5068014257128339,-0.5068014257128339,-0.5068014257128339,0.2132933304239822,0.2132933304239822,0.2132933304239822,-0.7200947561368162,-0.7200947561368162,-0.7200947561368162,0.0,0.0,0.0,44.887908609984585
2020-12-15,45.39451792275991,36.44599302849827,53.46190467979203,45.39451792275991,45.39451792275991,-0.40799156618843585,-0.40799156618843585,-0.40799156618843585,0.22905847395148285,0.22905847395148285,0.22905847395148285,-0.6370500401399187,-0.6370500401399187,-0.6370500401399187,0.0,0.0,0.0,44.986526356571474
2020-12-16,45.39432580982241,36.45165779718334,53.317966623557915,45.39432580982241,45.39432580982241,-0.691833308231551,-0.691833308231551,-0.691833308231551,-0.13778026545373623,-0.13778026545373623,-0.13778026545373623,-0.5540530427778149,-0.5540530427778149,-0.5540530427778149,0.0,0.0,0.0,44.70249250159086
2020-12-17,45.39437658713584,36.235753621467126,52.770170483730894,45.39437658713584,45.39437658713584,-0.5550091716203608,-0.5550091716203608,-0.5550091716203608,-0.08301648234017105,-0.08301648234017105,-0.08301648234017105,-0.4719926892801897,-0.4719926892801897,-0.4719926892801897,0.0,0.0,0.0,44.839367415515476
2020-12-18,45.39442736444927,35.894228533616364,52.80476116112586,45.39442736444927,45.39442736444927,-0.8550693615999289,-0.8550693615999289,-0.8550693615999289,-0.4634532681637882,-0.4634532681637882,-0.4634532681637882,-0.3916160934361408,-0.3916160934361408,-0.3916160934361408,0.0,0.0,0.0,44.53935800284934
2020-12-19,45.3944781417627,36.47752050044636,52.94591654361425,45.3944781417627,45.3944781417627,-0.7068922512073473,-0.7068922512073473,-0.7068922512073473,-0.3933697500183332,-0.3933697500183332,-0.3933697500183332,-0.313522501189014,-0.313522501189014,-0.313522501189014,0.0,0.0,0.0,44.68758589055535
2020-12-20,45.39452891907613,37.486387415377315,54.07127702767202,45.39452891907613,45.39452891907613,0.3971063683781494,0.3971063683781494,0.3971063683781494,0.635267961603537,0.635267961603537,0.635267961603537,-0.2381615932253877,-0.2381615932253877,-0.2381615932253877,0.0,0.0,0.0,45.79163528745428
2020-12-21,45.394579696389556,36.582764968499546,53.86953954774029,45.394579696389556,45.394579696389556,0.04745726730265101,0.04745726730265101,0.04745726730265101,0.21329333042368856,0.21329333042368856,0.21329333042368856,-0.16583606312103755,-0.16583606312103755,-0.16583606312103755,0.0,0.0,0.0,45.44203696369221
2020-12-22,45.39463047370299,36.76575870414619,53.57175809076818,45.39463047370299,45.39463047370299,0.1323501904989858,0.1323501904989858,0.1323501904989858,0.22905847395114098,0.22905847395114098,0.22905847395114098,-0.09670828345215517,-0.09670828345215517,-0.09670828345215517,0.0,0.0,0.0,45.52698066420197
2020-12-23,45.39468125101642,36.74765870636062,53.89300992699549,45.39468125101642,45.39468125101642,-0.16859103934236347,-0.16859103934236347,-0.16859103934236347,-0.13778026545213684,-0.13778026545213684,-0.13778026545213684,-0.030810773890226628,-0.030810773890226628,-0.030810773890226628,0.0,0.0,0.0,45.226090211674055
2020-12-24,45.39473202832985,36.84282683694357,53.35639452511752,45.39473202832985,45.39473202832985,-0.051076577234457125,-0.051076577234457125,-0.051076577234457125,-0.08301648234079961,-0.08301648234079961,-0.08301648234079961,0.031939905106342495,0.031939905106342495,0.031939905106342495,0.0,0.0,0.0,45.343655451095394
2020-12-25,45.39478280564328,36.67076794219226,53.622145815508944,45.39478280564328,45.39478280564328,-0.3717269783928668,-0.3717269783928668,-0.3717269783928668,-0.4634532681651405,-0.4634532681651405,-0.4634532681651405,0.09172628977227373,0.09172628977227373,0.09172628977227373,0.0,0.0,0.0,45.02305582725042
2020-12-26,45.39483358295671,37.34745814985993,53.23532028164931,45.39483358295671,45.39483358295671,-0.2445590429685812,-0.2445590429685812,-0.2445590429685812,-0.3933697500208461,-0.3933697500208461,-0.3933697500208461,0.14881070705226493,0.14881070705226493,0.14881070705226493,0.0,0.0,0.0,45.150274539988125
2020-12-27,45.39488436027014,37.95129101489224,54.68876173510969,45.39488436027014,45.39488436027014,0.8387820674348794,0.8387820674348794,0.8387820674348794,0.6352679616033432,0.6352679616033432,0.6352679616033432,0.2035141058315362,0.2035141058315362,0.2035141058315362,0.0,0.0,0.0,46.23366642770502
2020-12-28,45.394935137583566,37.827208192427825,54.40021458310705,45.394935137583566,45.394935137583566,0.4694869773289953,0.4694869773289953,0.4694869773289953,0.21329333042340562,0.21329333042340562,0.21329333042340562,0.2561936469055897,0.2561936469055897,0.2561936469055897,0.0,0.0,0.0,45.864422114912564
2020-12-29,45.394985914897,37.87541843967206,53.909147522767284,45.394985914897,45.394985914897,0.5362781726880093,0.5362781726880093,0.5362781726880093,0.22905847395079904,0.22905847395079904,0.22905847395079904,0.3072196987372102,0.3072196987372102,0.3072196987372102,0.0,0.0,0.0,45.93126408758501
2020-12-30,45.395036692210425,37.010752138770385,54.398213816067205,45.395036692210425,45.395036692210425,0.21917263032738646,0.21917263032738646,0.21917263032738646,-0.13778026545307018,-0.13778026545307018,-0.13778026545307018,0.3569528957804567,0.3569528957804567,0.3569528957804567,0.0,0.0,0.0,45.61420932253781
2020-12-31,45.39508746952386,37.05069714831299,54.1509399796784,45.39508746952386,45.39508746952386,0.32270542759239307,0.32270542759239307,0.32270542759239307,-0.08301648233993861,-0.08301648233993861,-0.08301648233993861,0.40572190993233176,0.40572190993233176,0.40572190993233176,0.0,0.0,0.0,45.717792897116254
2021-01-01,45.39513824683729,36.92089667162919,53.93298581397079,45.39513824683729,45.39513824683729,-0.00965070440602371,-0.00965070440602371,-0.00965070440602371,-0.46345326816649274,-0.46345326816649274,-0.46345326816649274,0.45380256376046907,0.45380256376046907,0.45380256376046907,0.0,0.0,0.0,45.38548754243127
2021-01-02,45.39518902415072,36.98505855369081,53.58100438294457,45.39518902415072,45.39518902415072,0.1080291270692484,0.1080291270692484,0.1080291270692484,-0.3933697500206371,-0.3933697500206371,-0.3933697500206371,0.5013988770898855,0.5013988770898855,0.5013988770898855,0.0,0.0,0.0,45.50321815121997
2021-01-03,45.39523980146415,38.3672092717995,54.759736117988226,45.39523980146415,45.39523980146415,1.1838945489011579,1.1838945489011579,1.1838945489011579,0.6352679616045279,0.6352679616045279,0.6352679616045279,0.5486265872966299,0.5486265872966299,0.5486265872966299,0.0,0.0,0.0,46.57913435036531
2021-01-04,45.395290578777576,37.81529909779096,54.20774716519289,45.395290578777576,45.395290578777576,0.8087929498529296,0.8087929498529296,0.8087929498529296,0.21329333042312276,0.21329333042312276,0.21329333042312276,0.5954996194298069,0.5954996194298069,0.5954996194298069,0.0,0.0,0.0,46.204083528630505
2021-01-05,45.39534135609101,37.23677646520207,54.72961642816142,45.39534135609101,45.39534135609101,0.8709783805818981,0.8709783805818981,0.8709783805818981,0.22905847395116585,0.22905847395116585,0.22905847395116585,0.6419199066307324,0.6419199066307324,0.6419199066307324,0.0,0.0,0.0,46.266319736672905
2021-01-06,45.395392133404435,37.50089787097437,53.64352585190115,45.395392133404435,45.395392133404435,0.5498906105494585,0.5498906105494585,0.5498906105494585,-0.1377802654529836,-0.1377802654529836,-0.1377802654529836,0.6876708760024421,0.6876708760024421,0.6876708760024421,0.0,0.0,0.0,45.945282743953896
2021-01-07,45.39544291071787,37.10549800740913,54.35374849215611,45.39544291071787,45.39544291071787,0.649398339775057,0.649398339775057,0.649398339775057,-0.08301648233899409,-0.08301648233899409,-0.08301648233899409,0.7324148221140511,0.7324148221140511,0.7324148221140511,0.0,0.0,0.0,46.04484125049292
2021-01-08,45.3954936880313,36.98842274398858,53.343255191192206,45.3954936880313,45.3954936880313,0.3122410236591378,0.3122410236591378,0.3122410236591378,-0.46345326816627674,-0.46345326816627674,-0.46345326816627674,0.7756942918254146,0.7756942918254146,0.7756942918254146,0.0,0.0,0.0,45.70773471169044
2021-01-09,45.39554446534473,37.92848431033397,54.5029929634251,45.39554446534473,45.39554446534473,0.4235677524016234,0.4235677524016234,0.4235677524016234,-0.3933697500204281,-0.3933697500204281,-0.3933697500204281,0.8169375024220515,0.8169375024220515,0.8169375024220515,0.0,0.0,0.0,45.81911221774635
2021-01-10,45.39559524265816,38.377439597185656,55.55540768712818,45.39559524265816,45.39559524265816,1.4907356740704896,1.4907356740704896,1.4907356740704896,0.6352679616031592,0.6352679616031592,0.6352679616031592,0.8554677124673306,0.8554677124673306,0.8554677124673306,0.0,0.0,0.0,46.88633091672865
2021-01-11,45.395646019971586,37.44779612188029,55.46476245995648,45.395646019971586,45.395646019971586,1.1038096941193511,1.1038096941193511,1.1038096941193511,0.21329333042441148,0.21329333042441148,0.21329333042441148,0.8905163636949398,0.8905163636949398,0.8905163636949398,0.0,0.0,0.0,46.499455714090935
2021-01-12,45.39569679728502,38.84699057129967,55.09556757017896,45.39569679728502,45.39569679728502,1.1502981889650497,1.1502981889650497,1.1502981889650497,0.22905847395153267,0.22905847395153267,0.22905847395153267,0.9212397150135169,0.9212397150135169,0.9212397150135169,0.0,0.0,0.0,46.54599498625007
2021-01-13,45.395747574598445,37.80513912178738,54.82072485914845,45.395747574598445,45.395747574598445,0.8089583330841157,0.8089583330841157,0.8089583330841157,-0.13778026545265057,-0.13778026545265057,-0.13778026545265057,0.9467385985367661,0.9467385985367661,0.9467385985367661,0.0,0.0,0.0,46.20470590768256
2021-01-14,45.39579835191188,37.74831178720463,54.29966980521339,45.39579835191188,45.39579835191188,0.8830643622433382,0.8830643622433382,0.8830643622433382,-0.08301648234119577,-0.08301648234119577,-0.08301648234119577,0.966080844584534,0.966080844584534,0.966080844584534,0.0,0.0,0.0,46.27886271415522
2021-01-15,45.395849129225304,36.58579864356553,54.10867864774133,45.395849129225304,45.395849129225304,0.5148725816215032,0.5148725816215032,0.5148725816215032,-0.4634532681660607,-0.4634532681660607,-0.4634532681660607,0.9783258497875639,0.9783258497875639,0.9783258497875639,0.0,0.0,0.0,45.91072171084681
2021-01-16,45.39589990653874,37.77158266431728,54.41313958865167,45.39589990653874,45.39589990653874,0.5891809514477023,0.5891809514477023,0.5891809514477023,-0.39336975001896624,-0.39336975001896624,-0.39336975001896624,0.9825507014666686,0.9825507014666686,0.9825507014666686,0.0,0.0,0.0,45.98508085798644
2021-01-17,45.39595068385217,38.92531906853436,55.357506263469745,45.39595068385217,45.39595068385217,1.613145185411429,1.613145185411429,1.613145185411429,0.6352679616036546,0.6352679616036546,0.6352679616036546,0.9778772238077743,0.9778772238077743,0.9778772238077743,0.0,0.0,0.0,47.0090958692636
2021-01-18,45.396001461165596,38.24839819212407,54.88996956301731,45.396001461165596,45.396001461165596,1.1767926086289888,1.1767926086289888,1.1767926086289888,0.21329333042411777,0.21329333042411777,0.21329333042411777,0.9634992782048711,0.9634992782048711,0.9634992782048711,0.0,0.0,0.0,46.57279406979458
2021-01-19,45.39605223847903,38.427654384357595,55.295743328523784,45.39605223847903,45.39605223847903,1.167768106246947,1.167768106246947,1.167768106246947,0.22905847395119078,0.22905847395119078,0.22905847395119078,0.9387096322957563,0.9387096322957563,0.9387096322957563,0.0,0.0,0.0,46.563820344725976
2021-01-20,45.396103015792455,37.87557304256836,54.64804786155288,45.396103015792455,45.396103015792455,0.7651454447848428,0.7651454447848428,0.7651454447848428,-0.13778026545231759,-0.13778026545231759,-0.13778026545231759,0.9029257102371604,0.9029257102371604,0.9029257102371604,0.0,0.0,0.0,46.1612484605773
2021-01-21,45.39615379310589,37.55324120008188,54.754171769114905,45.39615379310589,45.39615379310589,0.7726970684239034,0.7726970684239034,0.7726970684239034,-0.08301648234025122,-0.08301648234025122,-0.08301648234025122,0.8557135507641547,0.8557135507641547,0.8557135507641547,0.0,0.0,0.0,46.16885086152979
2021-01-22,45.396204570419314,36.85378261032694,54.0036851855901,45.396204570419314,45.396204570419314,0.3333560612531922,0.3333560612531922,0.3333560612531922,-0.4634532681650682,-0.4634532681650682,-0.4634532681650682,0.7968093294182604,0.7968093294182604,0.7968093294182604,0.0,0.0,0.0,45.729560631672506
2021-01-23,45.39625534773275,37.986930986149865,54.38407387238297,45.39625534773275,45.39625534773275,0.3327680963969795,0.3327680963969795,0.3327680963969795,-0.3933697500175043,-0.3933697500175043,-0.3933697500175043,0.7261378464144839,0.7261378464144839,0.7261378464144839,0.0,0.0,0.0,45.72902344412973
2021-01-24,45.39630612504618,38.22218696883899,55.56018181844148,45.39630612504618,45.39630612504618,1.2790954027070103,1.2790954027070103,1.2790954027070103,0.6352679616034606,0.6352679616034606,0.6352679616034606,0.6438274411035495,0.6438274411035495,0.6438274411035495,0.0,0.0,0.0,46.67540152775319
2021-01-25,45.39635690235961,37.99802166556738,54.486097129382564,45.39635690235961,45.39635690235961,0.7635141970789304,0.7635141970789304,0.7635141970789304,0.21329333042384566,0.21329333042384566,0.21329333042384566,0.5502208666550849,0.5502208666550849,0.5502208666550849,0.0,0.0,0.0,46.15987109943854
2021-01-26,45.39640767967304,36.99486605588759,53.69805864442542,45.39640767967304,45.39640767967304,0.6749402168869246,0.6749402168869246,0.6749402168869246,0.22905847395084886,0.22905847395084886,0.22905847395084886,0.44588174293607574,0.44588174293607574,0.44588174293607574,0.0,0.0,0.0,46.07134789655996
2021-01-27,45.396458456986466,37.22986494140827,53.76443713676036,45.396458456986466,45.396458456986466,0.19381603435497652,0.19381603435497652,0.19381603435497652,-0.13778026545223102,-0.13778026545223102,-0.13778026545223102,0.33159629980720756,0.33159629980720756,0.33159629980720756,0.0,0.0,0.0,45.59027449134144
2021-01-28,45.3965092342999,36.96870306653308,54.31223494464023,45.3965092342999,45.3965092342999,0.1253537428779344,0.1253537428779344,0.1253537428779344,-0.08301648234087979,-0.08301648234087979,-0.08301648234087979,0.20837022521881418,0.20837022521881418,0.20837022521881418,0.0,0.0,0.0,45.52186297717783
2021-01-29,45.396560011613325,36.253927324198905,53.361090479766006,45.396560011613325,45.396560011613325,-0.3860327278112051,-0.3860327278112051,-0.3860327278112051,-0.4634532681664204,-0.4634532681664204,-0.4634532681664204,0.07742054035521528,0.07742054035521528,0.07742054035521528,0.0,0.0,0.0,45.01052728380212
2021-01-30,45.39661078892676,36.702887473067236,53.966391866689676,45.39661078892676,45.39661078892676,-0.45320721471298664,-0.45320721471298664,-0.45320721471298664,-0.39336975001729524,-0.39336975001729524,-0.39336975001729524,-0.05983746469569144,-0.05983746469569144,-0.05983746469569144,0.0,0.0,0.0,44.94340357421377
2021-01-31,45.396661566240184,37.19508454745817,54.654269090378044,45.396661566240184,45.396661566240184,0.43345987252349655,0.43345987252349655,0.43345987252349655,0.6352679616039562,0.6352679616039562,0.6352679616039562,-0.20180808908045952,-0.20180808908045952,-0.20180808908045952,0.0,0.0,0.0,45.83012143876368
2021-02-01,45.39671234355361,36.956976957441874,53.510828492866345,45.39671234355361,45.39671234355361,-0.1334442864088855,-0.1334442864088855,-0.1334442864088855,0.2132933304235519,0.2132933304235519,0.2132933304235519,-0.3467376168324374,-0.3467376168324374,-0.3467376168324374,0.0,0.0,0.0,45.26326805714472
2021-02-02,45.39676312086704,36.585821038860814,53.25620290669687,45.39676312086704,45.39676312086704,-0.26368241313562923,-0.26368241313562923,-0.26368241313562923,0.2290584739515015,0.2290584739515015,0.2290584739515015,-0.49274088708713065,-0.49274088708713065,-0.49274088708713065,0.0,0.0,0.0,45.133080707731416
2021-02-03,45.39681389818047,35.56265240294449,52.52117828727365,45.39681389818047,45.39681389818047,-0.7756118411327553,-0.7756118411327553,-0.7756118411327553,-0.13778026545189798,-0.13778026545189798,-0.13778026545189798,-0.6378315756808574,-0.6378315756808574,-0.6378315756808574,0.0,0.0,0.0,44.62120205704771
2021-02-04,45.3968646754939,36.16236854570745,52.72131676631659,45.3968646754939,45.3968646754939,-0.8629721157291349,-0.8629721157291349,-0.8629721157291349,-0.08301648233993525,-0.08301648233993525,-0.08301648233993525,-0.7799556333891997,-0.7799556333891997,-0.7799556333891997,0.0,0.0,0.0,44.533892559764766
2021-02-05,45.39691545280733,36.32939036941848,52.76965584859166,45.39691545280733,45.39691545280733,-1.380480513473733,-1.380480513473733,-1.380480513473733,-0.46345326816463617,-0.46345326816463617,-0.46345326816463617,-0.917027245309097,-0.917027245309097,-0.917027245309097,0.0,0.0,0.0,44.01643493933359
2021-02-06,45.39696623012076,35.23586584236048,52.12903335876506,45.39696623012076,45.39696623012076,-1.4403363578744166,-1.4403363578744166,-1.4403363578744166,-0.393369750022314,-0.393369750022314,-0.393369750022314,-1.0469666078521027,-1.0469666078521027,-1.0469666078521027,0.0,0.0,0.0,43.956629872246346
2021-02-07,45.39701700743419,36.77744721445288,53.46609925297947,45.39701700743419,45.39701700743419,-0.532470804540804,-0.532470804540804,-0.532470804540804,0.6352679616025874,0.6352679616025874,0.6352679616025874,-1.1677387661433913,-1.1677387661433913,-1.1677387661433913,0.0,0.0,0.0,44.86454620289338
2021-02-08,45.39706778474762,35.848579214774546,53.33796542655608,45.39706778474762,45.39706778474762,-1.0640993862213017,-1.0640993862213017,-1.0640993862213017,0.213293330423269,0.213293330423269,0.213293330423269,-1.2773927166445709,-1.2773927166445709,-1.2773927166445709,0.0,0.0,0.0,44.33296839852632
2021-02-09,45.39711856206105,35.374475955282215,53.308623304689405,45.39711856206105,45.39711856206105,-1.1450414846713362,-1.1450414846713362,-1.1450414846713362,0.2290584739518683,0.2290584739518683,0.2290584739518683,-1.3740999586232046,-1.3740999586232046,-1.3740999586232046,0.0,0.0,0.0,44.252077077389714
2021-02-10,45.39716933937448,35.41055274340592,52.52808049273612,45.39716933937448,45.39716933937448,-1.5939719397438377,-1.5939719397438377,-1.5939719397438377,-0.13778026545283137,-0.13778026545283137,-0.13778026545283137,-1.4561916742910064,-1.4561916742910064,-1.4561916742910064,0.0,0.0,0.0,43.80319739963064
2021-02-11,45.39722011668791,35.6362401050481,52.28119593024826,45.39722011668791,45.39722011668791,-1.6052102137214397,-1.6052102137214397,-1.6052102137214397,-0.08301648234056382,-0.08301648234056382,-0.08301648234056382,-1.5221937313808758,-1.5221937313808758,-1.5221937313808758,0.0,0.0,0.0,43.79200990296647
2021-02-12,45.39727089400134,35.03781410871509,51.99522569944754,45.39727089400134,45.39727089400134,-2.03431200168892,-2.03431200168892,-2.03431200168892,-0.46345326816598853,-0.46345326816598853,-0.46345326816598853,-1.5708587335229318,-1.5708587335229318,-1.5708587335229318,0.0,0.0,0.0,43.36295889231242
2021-02-13,45.39732167131477,34.84447680936847,51.80766386178741,45.39732167131477,45.39732167131477,-1.9945641426062835,-1.9945641426062835,-1.9945641426062835,-0.393369750020852,-0.393369750020852,-0.393369750020852,-1.6011943925854315,-1.6011943925854315,-1.6011943925854315,0.0,0.0,0.0,43.402757528708484
2021-02-14,45.3973724486282,35.944498539568414,52.76644595849185,45.3973724486282,45.3973724486282,-0.977219600703034,-0.977219600703034,-0.977219600703034,0.6352679616030827,0.6352679616030827,0.6352679616030827,-1.6124875623061168,-1.6124875623061168,-1.6124875623061168,0.0,0.0,0.0,44.42015284792516
2021-02-15,45.39742322594163,35.74554777845759,52.94524599392277,45.39742322594163,45.39742322594163,-1.391030022432743,-1.391030022432743,-1.391030022432743,0.21329333042297532,0.21329333042297532,0.21329333042297532,-1.6043233528557184,-1.6043233528557184,-1.6043233528557184,0.0,0.0,0.0,44.006393203508885
2021-02-16,45.397474003255056,35.770497588146995,53.29168948758497,45.397474003255056,45.397474003255056,-1.3475403659782805,-1.3475403659782805,-1.3475403659782805,0.22905847395081766,0.22905847395081766,0.22905847395081766,-1.5765988399290982,-1.5765988399290982,-1.5765988399290982,0.0,0.0,0.0,44.04993363727677
2021-02-17,45.39752478056849,35.477440014397374,52.278019458884444,45.39752478056849,45.39752478056849,-1.6673112531145493,-1.6673112531145493,-1.6673112531145493,-0.137780265451232,-0.137780265451232,-0.137780265451232,-1.5295309876633172,-1.5295309876633172,-1.5295309876633172,0.0,0.0,0.0,43.73021352745394
2021-02-18,45.39757555788192,34.99086570895417,51.917473588026276,45.39757555788192,45.39757555788192,-1.546675002366673,-1.546675002366673,-1.546675002366673,-0.08301648233970281,-0.08301648233970281,-0.08301648233970281,-1.4636585200269703,-1.4636585200269703,-1.4636585200269703,0.0,0.0,0.0,43.850900555515246
2021-02-19,45.39762633519535,35.35408993465913,51.7572610156409,45.39762633519535,45.39762633519535,-1.843290866098712,-1.843290866098712,-1.843290866098712,-0.4634532681657725,-0.4634532681657725,-0.4634532681657725,-1.3798375979329396,-1.3798375979329396,-1.3798375979329396,0.0,0.0,0.0,43.554335469096635
2021-02-20,45.39767711250878,35.34158767735501,52.508457825496535,45.39767711250878,45.39767711250878,-1.672601036674823,-1.672601036674823,-1.672601036674823,-0.3933697500193901,-0.3933697500193901,-0.3933697500193901,-1.2792312866554327,-1.2792312866554327,-1.2792312866554327,0.0,0.0,0.0,43.72507607583396
2021-02-21,45.39772788982221,36.36045371786423,53.64501768950102,45.39772788982221,45.39772788982221,-0.528024965877637,-0.528024965877637,-0.528024965877637,0.6352679616028888,0.6352679616028888,0.6352679616028888,-1.163292927480526,-1.163292927480526,-1.163292927480526,0.0,0.0,0.0,44.86970292394457
2021-02-22,45.39777866713564,36.0934838034023,53.04330697593759,45.39777866713564,45.39777866713564,-0.8204503257512402,-0.8204503257512402,-0.8204503257512402,0.21329333042269238,0.21329333042269238,0.21329333042269238,-1.0337436561739326,-1.0337436561739326,-1.0337436561739326,0.0,0.0,0.0,44.5773283413844
2021-02-23,45.397829444449066,36.2436544606643,53.77233870302347,45.397829444449066,45.397829444449066,-0.6634859619965848,-0.6634859619965848,-0.6634859619965848,0.22905847395217901,0.22905847395217901,0.22905847395217901,-0.8925444359487639,-0.8925444359487639,-0.8925444359487639,0.0,0.0,0.0,44.73434348245248
2021-02-24,45.39788022176249,35.92178380353456,52.77388446180279,45.39788022176249,45.39788022176249,-0.8796433569924114,-0.8796433569924114,-0.8796433569924114,-0.13778026545216526,-0.13778026545216526,-0.13778026545216526,-0.7418630915402461,-0.7418630915402461,-0.7418630915402461,0.0,0.0,0.0,44.51823686477008
2021-02-25,45.39811513259943,35.73870526880277,53.09503550577465,45.39811513259943,45.39811513259943,-0.6670534233598491,-0.6670534233598491,-0.6670534233598491,-0.08301648234033136,-0.08301648234033136,-0.08301648234033136,-0.5840369410195178,-0.5840369410195178,-0.5840369410195178,0.0,0.0,0.0,44.73106170923958
2021-02-26,45.398350043436366,36.41635113392213,52.99636302463775,45.398350043436366,45.398350043436366,-0.8849849888540613,-0.8849849888540613,-0.8849849888540613,-0.4634532681671248,-0.4634532681671248,-0.4634532681671248,-0.42153172068693656,-0.42153172068693656,-0.42153172068693656,0.0,0.0,0.0,44.5133650545823
2021-02-27,45.398584954273296,35.97365029535551,53.307621064481296,45.398584954273296,45.398584954273296,-0.6502673335314633,-0.6502673335314633,-0.6502673335314633,-0.3933697500191811,-0.3933697500191811,-0.3933697500191811,-0.2568975835122822,-0.2568975835122822,-0.2568975835122822,0.0,0.0,0.0,44.74831762074183
2021-02-28,45.398819865110234,37.76397771557217,54.39937701357871,45.398819865110234,45.398819865110234,0.542544940425733,0.542544940425733,0.542544940425733,0.6352679616040735,0.6352679616040735,0.6352679616040735,-0.0927230211783405,-0.0927230211783405,-0.0927230211783405,0.0,0.0,0.0,45.94136480553597
2021-03-01,45.39905477594717,37.23517888196214,54.14904543464757,45.39905477594717,45.39905477594717,0.28170571830115776,0.28170571830115776,0.28170571830115776,0.21329333042398116,0.21329333042398116,0.21329333042398116,0.06841238787717666,0.06841238787717666,0.06841238787717666,0.0,0.0,0.0,45.68076049424833
2021-03-02,45.39928968678411,37.30393822124418,54.2918498058601,45.39928968678411,45.39928968678411,0.4530439421437902,0.4530439421437902,0.4530439421437902,0.22905847395112838,0.22905847395112838,0.22905847395112838,0.22398546819266177,0.22398546819266177,0.22398546819266177,0.0,0.0,0.0,45.8523336289279
2021-03-03,45.399524597621046,36.97738645857759,54.20733127041082,45.399524597621046,45.399524597621046,0.2337959587321425,0.2337959587321425,0.2337959587321425,-0.13778026545309857,-0.13778026545309857,-0.13778026545309857,0.3715762241852411,0.3715762241852411,0.3715762241852411,0.0,0.0,0.0,45.63332055635319
2021-03-04,45.399759508457976,37.373429123913354,55.006503703234216,45.399759508457976,45.399759508457976,0.4258964768574692,0.4258964768574692,0.4258964768574692,-0.08301648233938684,-0.08301648233938684,-0.08301648233938684,0.5089129591968561,0.5089129591968561,0.5089129591968561,0.0,0.0,0.0,45.82565598531544
2021-03-05,45.399994419294906,36.8569454745994,54.35882536918507,45.399994419294906,45.399994419294906,0.17046154912381387,0.17046154912381387,0.17046154912381387,-0.4634532681645639,-0.4634532681645639,-0.4634532681645639,0.6339148172883777,0.6339148172883777,0.6339148172883777,0.0,0.0,0.0,45.57045596841872
2021-03-06,45.40022933013184,37.65373404454238,54.449108675360094,45.40022933013184,45.40022933013184,0.3513611236402027,0.3513611236402027,0.3513611236402027,-0.39336975002044106,-0.39336975002044106,-0.39336975002044106,0.7447308736606438,0.7447308736606438,0.7447308736606438,0.0,0.0,0.0,45.751590453772046
2021-03-07,45.40046424096878,38.33819352606994,54.749490306978466,45.40046424096878,45.40046424096878,1.4750429253760557,1.4750429253760557,1.4750429253760557,0.6352679616038797,0.6352679616038797,0.6352679616038797,0.8397749637721762,0.8397749637721762,0.8397749637721762,0.0,0.0,0.0,46.87550716634484
2021-03-08,45.40069915180572,38.82713541625898,55.53099881232479,45.40069915180572,45.40069915180572,1.1310488535141552,1.1310488535141552,1.1310488535141552,0.2132933304236982,0.2132933304236982,0.2132933304236982,0.917755523090457,0.917755523090457,0.917755523090457,0.0,0.0,0.0,46.53174800531987
2021-03-09,45.40093406264265,38.31421302713333,54.65379568979013,45.40093406264265,45.40093406264265,1.2067582812927662,1.2067582812927662,1.2067582812927662,0.22905847395149517,0.22905847395149517,0.22905847395149517,0.9776998073412709,0.9776998073412709,0.9776998073412709,0.0,0.0,0.0,46.60769234393541
2021-03-10,45.401168973479585,37.63840793865949,54.481784812577246,45.401168973479585,45.401168973479585,0.8811917097046048,0.8811917097046048,0.8811917097046048,-0.13778026545276556,-0.13778026545276556,-0.13778026545276556,1.0189719751573703,1.0189719751573703,1.0189719751573703,0.0,0.0,0.0,46.28236068318419
2021-03-11,45.40140388431652,38.21870437642886,54.912098574125004,45.40140388431652,45.40140388431652,0.958268156523571,0.958268156523571,0.958268156523571,-0.08301648234158851,-0.08301648234158851,-0.08301648234158851,1.0412846388651595,1.0412846388651595,1.0412846388651595,0.0,0.0,0.0,46.359672040840096
2021-03-12,45.40163879515346,37.27787554501148,54.54030751718095,45.40163879515346,45.40163879515346,0.5812503540406434,0.5812503540406434,0.5812503540406434,-0.4634532681643479,-0.4634532681643479,-0.4634532681643479,1.0447036222049912,1.0447036222049912,1.0447036222049912,0.0,0.0,0.0,45.9828891491941
2021-03-13,45.40187370599039,37.5239182456201,55.125993290375845,45.40187370599039,45.40187370599039,0.6362760532293182,0.6362760532293182,0.6362760532293182,-0.39336975002148494,-0.39336975002148494,-0.39336975002148494,1.0296458032508031,1.0296458032508031,1.0296458032508031,0.0,0.0,0.0,46.038149759219706
2021-03-14,45.40210861682732,38.08127691185216,54.91106423069514,45.40210861682732,45.40210861682732,1.6321380253260618,1.6321380253260618,1.6321380253260618,0.6352679616036857,0.6352679616036857,0.6352679616036857,0.9968700637223762,0.9968700637223762,0.9968700637223762,0.0,0.0,0.0,47.034246642153384
2021-03-15,45.40234352766426,37.62905454617932,55.02842998213558,45.40234352766426,45.40234352766426,1.160754839601972,1.160754839601972,1.160754839601972,0.21329333042340456,0.21329333042340456,0.21329333042340456,0.9474615091785675,0.9474615091785675,0.9474615091785675,0.0,0.0,0.0,46.56309836726623
2021-03-16,45.402578438501195,37.629130676076564,54.476675601485724,45.402578438501195,45.402578438501195,1.1118677391208849,1.1118677391208849,1.1118677391208849,0.22905847395115325,0.22905847395115325,0.22905847395115325,0.8828092651697315,0.8828092651697315,0.8828092651697315,0.0,0.0,0.0,46.51444617762208
2021-03-17,45.40281334933813,37.23303120830526,54.583275220120356,45.40281334933813,45.40281334933813,0.6667980237485651,0.6667980237485651,0.6667980237485651,-0.1377802654539453,-0.1377802654539453,-0.1377802654539453,0.8045782892025104,0.8045782892025104,0.8045782892025104,0.0,0.0,0.0,46.069611373086694
2021-03-18,45.40304826017507,37.4911597894664,54.257356984445906,45.40304826017507,45.40304826017507,0.6316592820836935,0.6316592820836935,0.6316592820836935,-0.08301648234064397,-0.08301648234064397,-0.08301648234064397,0.7146757644243374,0.7146757644243374,0.7146757644243374,0.0,0.0,0.0,46.034707542258765
2021-03-19,45.403283171012006,37.17796412871664,54.04947580110912,45.403283171012006,45.403283171012006,0.15175948724490515,0.15175948724490515,0.15175948724490515,-0.4634532681641319,-0.4634532681641319,-0.4634532681641319,0.615212755409037,0.615212755409037,0.615212755409037,0.0,0.0,0.0,45.55504265825691
2021-03-20,45.40351808184894,36.85645021008278,53.472190840436824,45.40351808184894,45.40351808184894,0.11509215682765984,0.11509215682765984,0.11509215682765984,-0.3933697500200231,-0.3933697500200231,-0.3933697500200231,0.5084619068476829,0.5084619068476829,0.5084619068476829,0.0,0.0,0.0,45.518610238676594
2021-03-21,45.40375299268587,37.8532899906501,54.5382932801034,45.40375299268587,45.40375299268587,1.0320800115688158,1.0320800115688158,1.0320800115688158,0.635267961604181,0.635267961604181,0.635267961604181,0.3968120499646348,0.3968120499646348,0.3968120499646348,0.0,0.0,0.0,46.43583300425468
2021-03-22,45.403987903522804,37.865459301157415,53.936827318919306,45.403987903522804,45.403987903522804,0.4960139776933739,0.4960139776933739,0.4960139776933739,0.21329333042470403,0.21329333042470403,0.21329333042470403,0.2827206472686699,0.2827206472686699,0.2827206472686699,0.0,0.0,0.0,45.90000188121618
2021-03-23,45.40422281435974,36.800591212607074,54.132384103128146,45.40422281435974,45.40422281435974,0.3977235261706718,0.3977235261706718,0.3977235261706718,0.22905847395081133,0.22905847395081133,0.22905847395081133,0.1686650522198605,0.1686650522198605,0.1686650522198605,0.0,0.0,0.0,45.801946340530414
2021-03-24,45.40445772519668,36.59888664807848,53.78749722338047,45.40445772519668,45.40445772519668,-0.08068667993745851,-0.08068667993745851,-0.08068667993745851,-0.137780265452346,-0.137780265452346,-0.137780265452346,0.05709358551488749,0.05709358551488749,0.05709358551488749,0.0,0.0,0.0,45.32377104525922
2021-03-25,45.40469263603361,37.19695559113636,53.7455695571986,45.40469263603361,45.40469263603361,-0.13263904904753368,-0.13263904904753368,-0.13263904904753368,-0.08301648233969945,-0.08301648233969945,-0.08301648233969945,-0.049622566707834236,-0.049622566707834236,-0.049622566707834236,0.0,0.0,0.0,45.272053586986075
2021-03-26,45.404927546870546,35.99886176806227,53.02178789804554,45.404927546870546,45.404927546870546,-0.6126889136434585,-0.6126889136434585,-0.6126889136434585,-0.46345326816548416,-0.46345326816548416,-0.46345326816548416,-0.14923564547797438,-0.14923564547797438,-0.14923564547797438,0.0,0.0,0.0,44.792238633227086
2021-03-27,45.40516245770748,36.876803329306085,53.12481448026113,45.40516245770748,45.40516245770748,-0.6330346045441273,-0.6330346045441273,-0.6330346045441273,-0.39336975001981406,-0.39336975001981406,-0.39336975001981406,-0.23966485452431327,-0.23966485452431327,-0.23966485452431327,0.0,0.0,0.0,44.772127853163354
2021-03-28,45.40539736854442,37.032703506008275,53.989150800345705,45.40539736854442,45.40539736854442,0.3162317109076908,0.3162317109076908,0.3162317109076908,0.6352679616021231,0.6352679616021231,0.6352679616021231,-0.31903625069443226,-0.31903625069443226,-0.31903625069443226,0.0,0.0,0.0,45.721629079452114
2021-03-29,45.40563227938136,36.96580501048952,53.73295602928964,45.40563227938136,45.40563227938136,-0.17242484993624435,-0.17242484993624435,-0.17242484993624435,0.2132933304244104,0.2132933304244104,0.2132933304244104,-0.38571818036065475,-0.38571818036065475,-0.38571818036065475,0.0,0.0,0.0,45.233207429445116
2021-03-30,45.40586719021828,36.63074987990745,53.94121736894032,45.40586719021828,45.40586719021828,-0.2092930755723371,-0.2092930755723371,-0.2092930755723371,0.2290584739504694,0.2290584739504694,0.2290584739504694,-0.43835154952280647,-0.43835154952280647,-0.43835154952280647,0.0,0.0,0.0,45.19657411464594
2021-03-31,45.40610210105522,36.12188702729092,53.08942858655319,45.40610210105522,45.40610210105522,-0.6136545928301158,-0.6136545928301158,-0.6136545928301158,-0.13778026545327932,-0.13778026545327932,-0.13778026545327932,-0.47587432737683644,-0.47587432737683644,-0.47587432737683644,0.0,0.0,0.0,44.7924475082251
2021-04-01,45.406337011892155,36.56522917912321,53.55583322745327,45.406337011892155,45.406337011892155,-0.5805562904419209,-0.5805562904419209,-0.5805562904419209,-0.08301648234032802,-0.08301648234032802,-0.08301648234032802,-0.497539808101593,-0.497539808101593,-0.497539808101593,0.0,0.0,0.0,44.825780721450236
2021-04-02,45.40657192272909,36.155532353330834,53.065124469801624,45.40657192272909,45.40657192272909,-0.9663815589489734,-0.9663815589489734,-0.9663815589489734,-0.46345326816449156,-0.46345326816449156,-0.46345326816449156,-0.5029282907844819,-0.5029282907844819,-0.5029282907844819,0.0,0.0,0.0,44.44019036378012
2021-04-03,45.40680683356603,36.10963458617675,52.86103555839696,45.40680683356603,45.40680683356603,-0.8853217297583339,-0.8853217297583339,-0.8853217297583339,-0.3933697500196051,-0.3933697500196051,-0.3933697500196051,-0.49195197973872884,-0.49195197973872884,-0.49195197973872884,0.0,0.0,0.0,44.5214851038077
2021-04-04,45.40704174440296,36.69843859703967,54.367429232432755,45.40704174440296,45.40704174440296,0.1704149078041012,0.1704149078041012,0.1704149078041012,0.6352679616033078,0.6352679616033078,0.6352679616033078,-0.4648530537992065,-0.4648530537992065,-0.4648530537992065,0.0,0.0,0.0,45.57745665220706
2021-04-05,45.4072766552399,36.50713296005052,53.94923314510363,45.4072766552399,45.4072766552399,-0.2089016698128623,-0.2089016698128623,-0.2089016698128623,0.21329333042413817,0.21329333042413817,0.21329333042413817,-0.42219500023700046,-0.42219500023700046,-0.42219500023700046,0.0,0.0,0.0,45.19837498542704
2021-04-06,45.407511566076835,37.0516328535849,53.39695044934497,45.407511566076835,45.407511566076835,-0.13578897945138754,-0.13578897945138754,-0.13578897945138754,0.22905847395083626,0.22905847395083626,0.22905847395083626,-0.3648474534022238,-0.3648474534022238,-0.3648474534022238,0.0,0.0,0.0,45.271722586625444
2021-04-07,45.407746476913765,36.65771679152082,53.33575028445346,45.407746476913765,45.407746476913765,-0.43174518232734566,-0.43174518232734566,-0.43174518232734566,-0.13778026545294633,-0.13778026545294633,-0.13778026545294633,-0.29396491687439924,-0.29396491687439924,-0.29396491687439924,0.0,0.0,0.0,44.97600129458642
2021-04-08,45.4079813877507,37.093390851169595,53.607812912805514,45.4079813877507,45.4079813877507,-0.29397635995541316,-0.29397635995541316,-0.29397635995541316,-0.08301648233946701,-0.08301648233946701,-0.08301648233946701,-0.21095987761594617,-0.21095987761594617,-0.21095987761594617,0.0,0.0,0.0,45.11400502779529
2021-04-09,45.40821629858763,36.749571627479554,53.44922081994985,45.40821629858763,45.40821629858763,-0.5809242066814624,-0.5809242066814624,-0.5809242066814624,-0.4634532681658439,-0.4634532681658439,-0.4634532681658439,-0.11747093851561846,-0.11747093851561846,-0.11747093851561846,0.0,0.0,0.0,44.82729209190617
2021-04-10,45.40845120942457,37.30825109900986,53.40653802020887,45.40845120942457,45.40845120942457,-0.40869644911821085,-0.40869644911821085,-0.40869644911821085,-0.39336975001939606,-0.39336975001939606,-0.39336975001939606,-0.015326699098814733,-0.015326699098814733,-0.015326699098814733,0.0,0.0,0.0,44.99975476030636
2021-04-11,45.40868612026151,38.01845607999328,54.30157701637993,45.40868612026151,45.40868612026151,0.7287617608211644,0.7287617608211644,0.7287617608211644,0.6352679616031138,0.6352679616031138,0.6352679616031138,0.09349379921805055,0.09349379921805055,0.09349379921805055,0.0,0.0,0.0,46.13744788108267
2021-04-12,45.408921031098444,37.20362186474374,54.643687518655945,45.408921031098444,45.408921031098444,0.42019650948624576,0.42019650948624576,0.42019650948624576,0.2132933304238445,0.2132933304238445,0.2132933304238445,0.20690317906240133,0.20690317906240133,0.20690317906240133,0.0,0.0,0.0,45.82911754058469
2021-04-13,45.40915594193538,37.83180242083643,54.148646849179414,45.40915594193538,45.40915594193538,0.5518079262510394,0.5518079262510394,0.5518079262510394,0.22905847395148887,0.22905847395148887,0.22905847395148887,0.3227494522995504,0.3227494522995504,0.3227494522995504,0.0,0.0,0.0,45.96096386818642
2021-04-14,45.40939085277232,37.229959779181236,54.04269443096438,45.40939085277232,45.40939085277232,0.30108014064779093,0.30108014064779093,0.30108014064779093,-0.13778026545261327,-0.13778026545261327,-0.13778026545261327,0.43886040610040417,0.43886040610040417,0.43886040610040417,0.0,0.0,0.0,45.71047099342011
2021-04-15,45.40962576360924,37.862045491223405,54.52276596741909,45.40962576360924,45.40962576360924,0.47007120446901296,0.47007120446901296,0.47007120446901296,-0.08301648234166868,-0.08301648234166868,-0.08301648234166868,0.5530876868106817,0.5530876868106817,0.5530876868106817,0.0,0.0,0.0,45.87969696807826
2021-04-16,45.40986067444618,37.05964366076305,53.86680137167241,45.40986067444618,45.40986067444618,0.19989636745855716,0.19989636745855716,0.19989636745855716,-0.4634532681640596,-0.4634532681640596,-0.4634532681640596,0.6633496356226167,0.6633496356226167,0.6633496356226167,0.0,0.0,0.0,45.609757041904736
2021-04-17,45.410095585283116,37.21187582930856,54.57681978502979,45.410095585283116,45.410095585283116,0.37430221839504685,0.37430221839504685,0.37430221839504685,-0.3933697500179341,-0.3933697500179341,-0.3933697500179341,0.7676719684129809,0.7676719684129809,0.7676719684129809,0.0,0.0,0.0,45.78439780367816
2021-04-18,45.410330496120054,38.43490986090344,55.350239738130284,45.410330496120054,45.410330496120054,1.4994934123757937,1.4994934123757937,1.4994934123757937,0.6352679616024345,0.6352679616024345,0.6352679616024345,0.8642254507733592,0.8642254507733592,0.8642254507733592,0.0,0.0,0.0,46.909823908495845
2021-04-19,45.41056540695699,38.511592752937524,55.84369601563792,45.41056540695699,45.41056540695699,1.164653127165373,1.164653127165373,1.164653127165373,0.21329333042355078,0.21329333042355078,0.21329333042355078,0.9513597967418223,0.9513597967418223,0.9513597967418223,0.0,0.0,0.0,46.575218534122364
2021-04-20,45.41080031779392,38.41861045690776,55.40332574653359,45.41080031779392,45.41080031779392,1.25669158812975,1.25669158812975,1.25669158812975,0.2290584739518557,0.2290584739518557,0.2290584739518557,1.0276331141778943,1.0276331141778943,1.0276331141778943,0.0,0.0,0.0,46.66749190592367
2021-04-21,45.41103522863086,37.70091932364114,54.82606696333753,45.41103522863086,45.41103522863086,0.9540560633287073,0.9540560633287073,0.9540560633287073,-0.13778026545228025,-0.13778026545228025,-0.13778026545228025,1.0918363287809876,1.0918363287809876,1.0918363287809876,0.0,0.0,0.0,46.365091291959565
2021-04-22,45.411270139467796,38.30609261200088,54.95851553183802,45.411270139467796,45.411270139467796,1.0599956574874028,1.0599956574874028,1.0599956574874028,-0.08301648234072416,-0.08301648234072416,-0.08301648234072416,1.143012139828127,1.143012139828127,1.143012139828127,0.0,0.0,0.0,46.4712657969552
2021-04-23,45.41150505030473,37.043932015221024,54.13862455535288,45.41150505030473,45.41150505030473,0.7170149226847455,0.7170149226847455,0.7170149226847455,-0.4634532681654118,-0.4634532681654118,-0.4634532681654118,1.1804681908501575,1.1804681908501575,1.1804681908501575,0.0,0.0,0.0,46.12851997298948
2021-04-24,45.41173996114166,37.41191615605705,54.60950822446677,45.41173996114166,45.41173996114166,0.8104145245907701,0.8104145245907701,0.8104145245907701,-0.39336975002044705,-0.39336975002044705,-0.39336975002044705,1.203784274611217,1.203784274611217,1.203784274611217,0.0,0.0,0.0,46.22215448573243
2021-04-25,45.41197487197859,38.7081700677346,55.05182096240703,45.41197487197859,45.41197487197859,1.8480814922042639,1.8480814922042639,1.8480814922042639,0.6352679616022405,0.6352679616022405,0.6352679616022405,1.2128135306020233,1.2128135306020233,1.2128135306020233,0.0,0.0,0.0,47.26005636418286
2021-04-26,45.41220978281553,38.80616083434289,55.733012920195144,45.41220978281553,45.41220978281553,1.4209710619505767,1.4209710619505767,1.4209710619505767,0.21329333042327867,0.21329333042327867,0.21329333042327867,1.2076777315272982,1.2076777315272982,1.2076777315272982,0.0,0.0,0.0,46.833180844766105
2021-04-27,45.41244469365247,38.81706404945845,55.74545090393514,45.41244469365247,45.41244469365247,1.4178153636432291,1.4178153636432291,1.4178153636432291,0.229058473950805,0.229058473950805,0.229058473950805,1.1887568896924243,1.1887568896924243,1.1887568896924243,0.0,0.0,0.0,46.830260057295696
2021-04-28,45.412679604489405,38.058048442424166,55.75874637171697,45.412679604489405,45.412679604489405,1.01889327612514,1.01889327612514,1.01889327612514,-0.13778026545321356,-0.13778026545321356,-0.13778026545321356,1.1566735415783533,1.1566735415783533,1.1566735415783533,0.0,0.0,0.0,46.431572880614546
2021-04-29,45.41291451532634,37.56851820022084,54.62820258828258,45.41291451532634,45.41291451532634,1.029255703935806,1.029255703935806,1.029255703935806,-0.08301648233986315,-0.08301648233986315,-0.08301648233986315,1.1122721862756693,1.1122721862756693,1.1122721862756693,0.0,0.0,0.0,46.442170219262145
2021-04-30,45.41314942616327,37.53104293069244,54.52949702759914,45.41314942616327,45.41314942616327,0.5931411899245805,0.5931411899245805,0.5931411899245805,-0.4634532681667643,-0.4634532681667643,-0.4634532681667643,1.056594458091345,1.056594458091345,1.056594458091345,0.0,0.0,0.0,46.00629061608785
2021-05-01,45.41338433700021,37.70705526476114,54.67259595741012,45.41338433700021,45.41338433700021,0.5974809530979069,0.5974809530979069,0.5974809530979069,-0.39336975001898505,-0.39336975001898505,-0.39336975001898505,0.9908507031168919,0.9908507031168919,0.9908507031168919,0.0,0.0,0.0,46.01086529009812
2021-05-02,45.41361924783714,39.49475339749638,54.96553821201263,45.41361924783714,45.41361924783714,1.5516566634792683,1.5516566634792683,1.5516566634792683,0.6352679616027359,0.6352679616027359,0.6352679616027359,0.9163887018765324,0.9163887018765324,0.9163887018765324,0.0,0.0,0.0,46.96527591131641
2021-05-03,45.41385415867408,38.37646581184851,54.87904675461397,45.41385415867408,45.41385415867408,1.047953664115951,1.047953664115951,1.047953664115951,0.21329333042298496,0.21329333042298496,0.21329333042298496,0.834660333692966,0.834660333692966,0.834660333692966,0.0,0.0,0.0,46.46180782279003
2021-05-04,45.414089069511014,37.66218518322376,54.68860222295262,45.414089069511014,45.414089069511014,0.976245486001388,0.976245486001388,0.976245486001388,0.2290584739511718,0.2290584739511718,0.2290584739511718,0.7471870120502163,0.7471870120502163,0.7471870120502163,0.0,0.0,0.0,46.3903345555124
2021-05-05,45.41432398034795,37.2507909057483,54.748138130867375,45.41432398034795,45.41432398034795,0.5177444678699237,0.5177444678699237,0.5177444678699237,-0.13778026545186067,-0.13778026545186067,-0.13778026545186067,0.6555247333217844,0.6555247333217844,0.6555247333217844,0.0,0.0,0.0,45.932068448217876
2021-05-06,45.41455889118489,37.22693022969947,54.606399073280315,45.41455889118489,45.41455889118489,0.4782130913158025,0.4782130913158025,0.4782130913158025,-0.08301648233891859,-0.08301648233891859,-0.08301648233891859,0.5612295736547211,0.5612295736547211,0.5612295736547211,0.0,0.0,0.0,45.89277198250069
2021-05-07,45.414803657641265,37.445356489215726,53.659471081326004,45.414803657641265,45.414803657641265,0.0023711727901539327,0.0023711727901539327,0.0023711727901539327,-0.46345326816497984,-0.46345326816497984,-0.46345326816497984,0.4658244409551338,0.4658244409551338,0.4658244409551338,0.0,0.0,0.0,45.41717483043142
2021-05-08,45.41504842409764,36.455699556281544,53.78020266950076,45.41504842409764,45.41504842409764,-0.02260190835836152,-0.02260190835836152,-0.02260190835836152,-0.393369750020029,-0.393369750020029,-0.393369750020029,0.3707678416616675,0.3707678416616675,0.3707678416616675,0.0,0.0,0.0,45.39244651573928
2021-05-09,45.41529319055402,37.76281287543838,54.93447742527809,45.41529319055402,45.41529319055402,0.9126933183219774,0.9126933183219774,0.9126933183219774,0.6352679616032313,0.6352679616032313,0.6352679616032313,0.27742535671874613,0.27742535671874613,0.27742535671874613,0.0,0.0,0.0,46.327986508875995
2021-05-10,45.4155379570104,37.380696660366915,54.63633370375117,45.4155379570104,45.4155379570104,0.40033777007670357,0.40033777007670357,0.40033777007670357,0.21329333042427373,0.21329333042427373,0.21329333042427373,0.1870444396524298,0.1870444396524298,0.1870444396524298,0.0,0.0,0.0,45.8158757270871
2021-05-11,45.415782723466776,36.82924069734442,54.02660843882696,45.415782723466776,45.415782723466776,0.3297915280623373,0.3297915280623373,0.3297915280623373,0.22905847395153864,0.22905847395153864,0.22905847395153864,0.10073305411079872,0.10073305411079872,0.10073305411079872,0.0,0.0,0.0,45.74557425152911
2021-05-12,45.41602748992315,36.710466099215544,53.15661926320203,45.41602748992315,45.41602748992315,-0.11833770425248252,-0.11833770425248252,-0.11833770425248252,-0.13778026545279395,-0.13778026545279395,-0.13778026545279395,0.019442561200311424,0.019442561200311424,0.019442561200311424,0.0,0.0,0.0,45.29768978567067
2021-05-13,45.416272256379536,36.88125813101165,53.4771087354802,45.416272256379536,45.416272256379536,-0.1390613311036459,-0.1390613311036459,-0.1390613311036459,-0.08301648233954716,-0.08301648233954716,-0.08301648233954716,-0.05604484876409875,-0.05604484876409875,-0.05604484876409875,0.0,0.0,0.0,45.27721092527589
2021-05-14,45.41651702283591,36.88261538986318,53.35455908442348,45.41651702283591,45.41651702283591,-0.5885772750232248,-0.5885772750232248,-0.5885772750232248,-0.46345326816633226,-0.46345326816633226,-0.46345326816633226,-0.12512400685689254,-0.12512400685689254,-0.12512400685689254,0.0,0.0,0.0,44.827939747812685
2021-05-15,45.41676178929229,35.430319464978716,53.89069873162843,45.41676178929229,45.41676178929229,-0.5807395991983737,-0.5807395991983737,-0.5807395991983737,-0.393369750018567,-0.393369750018567,-0.393369750018567,-0.18736984917980662,-0.18736984917980662,-0.18736984917980662,0.0,0.0,0.0,44.836022190093914
2021-05-16,45.41700655574867,36.86530011514822,54.299874045080315,45.41700655574867,45.41700655574867,0.3927321541247534,0.3927321541247534,0.3927321541247534,0.6352679616037266,0.6352679616037266,0.6352679616037266,-0.24253580747897321,-0.24253580747897321,-0.24253580747897321,0.0,0.0,0.0,45.80973870987342
2021-05-17,45.41725132220505,37.2646712793205,54.15017398458059,45.41725132220505,45.41725132220505,-0.07725436975430426,-0.07725436975430426,-0.07725436975430426,0.21329333042398002,0.21329333042398002,0.21329333042398002,-0.2905477001782843,-0.2905477001782843,-0.2905477001782843,0.0,0.0,0.0,45.33999695245074
2021-05-18,45.41749608866142,36.675595867129736,54.27440773458545,45.41749608866142,45.41749608866142,-0.10243495595711641,-0.10243495595711641,-0.10243495595711641,0.22905847395048798,0.22905847395048798,0.22905847395048798,-0.33149342990760433,-0.33149342990760433,-0.33149342990760433,0.0,0.0,0.0,45.31506113270431
2021-05-19,45.417740855117806,35.715795202138345,53.34590937214532,45.417740855117806,45.417740855117806,-0.5033891620587341,-0.5033891620587341,-0.5033891620587341,-0.13778026545119465,-0.13778026545119465,-0.13778026545119465,-0.3656088966075394,-0.3656088966075394,-0.3656088966075394,0.0,0.0,0.0,44.914351693059075
2021-05-20,45.41798562157418,37.02804594199291,53.33054651773111,45.41798562157418,45.41798562157418,-0.47627710840420406,-0.47627710840420406,-0.47627710840420406,-0.08301648234017571,-0.08301648234017571,-0.08301648234017571,-0.39326062606402834,-0.39326062606402834,-0.39326062606402834,0.0,0.0,0.0,44.94170851316998
2021-05-21,45.418230388030565,36.24443677254905,52.80413350197691,45.418230388030565,45.418230388030565,-0.8783789582082033,-0.8783789582082033,-0.8783789582082033,-0.4634532681653396,-0.4634532681653396,-0.4634532681653396,-0.4149256900428638,-0.4149256900428638,-0.4149256900428638,0.0,0.0,0.0,44.53985142982236
2021-05-22,45.41847515448694,36.172108904798634,52.989074566675505,45.41847515448694,45.41847515448694,-0.8245393042093391,-0.8245393042093391,-0.8245393042093391,-0.3933697500223329,-0.3933697500223329,-0.3933697500223329,-0.43116955418700625,-0.43116955418700625,-0.43116955418700625,0.0,0.0,0.0,44.5939358502776
2021-05-23,45.41871992094332,36.99732235053561,54.028484445099984,45.41871992094332,45.41871992094332,0.1926454294876232,0.1926454294876232,0.1926454294876232,0.6352679616035327,0.6352679616035327,0.6352679616035327,-0.44262253211590946,-0.44262253211590946,-0.44262253211590946,0.0,0.0,0.0,45.611365350430944
2021-05-24,45.4189646873997,37.070191826192726,53.420016407539165,45.4189646873997,45.4189646873997,-0.236662217332208,-0.236662217332208,-0.236662217332208,0.21329333042369708,0.21329333042369708,0.21329333042369708,-0.44995554775590507,-0.44995554775590507,-0.44995554775590507,0.0,0.0,0.0,45.18230247006749
2021-05-25,45.41920945385608,36.977189163642905,53.62004846986411,45.41920945385608,45.41920945385608,-0.22479743845565242,-0.22479743845565242,-0.22479743845565242,0.2290584739508548,0.2290584739508548,0.2290584739508548,-0.45385591240650724,-0.45385591240650724,-0.45385591240650724,0.0,0.0,0.0,45.194412015400424
2021-05-26,45.41945422031245,36.39036987384091,53.72543199647934,45.41945422031245,45.41945422031245,-0.5927840738873025,-0.5927840738873025,-0.5927840738873025,-0.13778026545237446,-0.13778026545237446,-0.13778026545237446,-0.45500380843492805,-0.45500380843492805,-0.45500380843492805,0.0,0.0,0.0,44.82667014642515
2021-05-27,45.419698986768836,35.717728400411104,54.10544180806211,45.419698986768836,45.419698986768836,-0.5370666206919823,-0.5370666206919823,-0.5370666206919823,-0.08301648234080432,-0.08301648234080432,-0.08301648234080432,-0.45405013835117797,-0.45405013835117797,-0.45405013835117797,0.0,0.0,0.0,44.882632366076855
2021-05-28,45.41994375322521,35.52952930807699,53.25637590535188,45.41994375322521,45.41994375322521,-0.9150496155663981,-0.9150496155663981,-0.9150496155663981,-0.4634532681666919,-0.4634532681666919,-0.4634532681666919,-0.4515963473997061,-0.4515963473997061,-0.4515963473997061,0.0,0.0,0.0,44.504894137658816
2021-05-29,45.42018851968159,35.74878841289102,52.76478904999849,45.42018851968159,45.42018851968159,-0.8415465111867005,-0.8415465111867005,-0.8415465111867005,-0.39336975002087093,-0.39336975002087093,-0.39336975002087093,-0.44817676116582966,-0.44817676116582966,-0.44817676116582966,0.0,0.0,0.0,44.57864200849489
2021-05-30,45.42043328613797,36.849089470507096,53.60805528391066,45.42043328613797,45.42043328613797,0.19102406261054436,0.19102406261054436,0.19102406261054436,0.6352679616047174,0.6352679616047174,0.6352679616047174,-0.44424389899417305,-0.44424389899417305,-0.44424389899417305,0.0,0.0,0.0,45.611457348748516
2021-05-31,45.42067805259435,36.53098829120853,52.86291000823932,45.42067805259435,45.42067805259435,-0.22686380105038695,-0.22686380105038695,-0.22686380105038695,0.21329333042341422,0.21329333042341422,0.21329333042341422,-0.44015713147380114,-0.44015713147380114,-0.44015713147380114,0.0,0.0,0.0,45.19381425154396
2021-06-01,45.42092281905072,37.3111994239231,53.7611705786261,45.42092281905072,45.42092281905072,-0.207116474540193,-0.207116474540193,-0.207116474540193,0.2290584739507987,0.2290584739507987,0.2290584739507987,-0.4361749484909917,-0.4361749484909917,-0.4361749484909917,0.0,0.0,0.0,45.21380634451053
2021-06-02,45.421167585507106,36.13583855936883,53.42247863935905,45.421167585507106,45.421167585507106,-0.5702312616131656,-0.5702312616131656,-0.5702312616131656,-0.1377802654520414,-0.1377802654520414,-0.1377802654520414,-0.43245099616112426,-0.43245099616112426,-0.43245099616112426,0.0,0.0,0.0,44.85093632389394
2021-06-03,45.42141235196348,36.24346555225584,53.40383852095452,45.42141235196348,45.42141235196348,-0.5120504116697973,-0.5120504116697973,-0.5120504116697973,-0.08301648233985975,-0.08301648233985975,-0.08301648233985975,-0.4290339293299374,-0.4290339293299374,-0.4290339293299374,0.0,0.0,0.0,44.909361940293685
2021-06-04,45.42165711841986,36.59673087211259,53.248351959192306,45.42165711841986,45.42165711841986,-0.8893242824881742,-0.8893242824881742,-0.8893242824881742,-0.4634532681664759,-0.4634532681664759,-0.4634532681664759,-0.42587101432169844,-0.42587101432169844,-0.42587101432169844,0.0,0.0,0.0,44.53233283593168
2021-06-05,45.421901884876235,36.10172264018442,53.38857710473777,45.421901884876235,45.421901884876235,-0.8161850573075877,-0.8161850573075877,-0.8161850573075877,-0.39336975001940905,-0.39336975001940905,-0.39336975001940905,-0.4228153072881787,-0.4228153072881787,-0.4228153072881787,0.0,0.0,0.0,44.60571682756865
2021-06-06,45.42214665133261,36.70361777599323,53.906248104385384,45.42214665133261,45.42214665133261,0.21563183176380887,0.21563183176380887,0.21563183176380887,0.6352679616026594,0.6352679616026594,0.6352679616026594,-0.41963612983885057,-0.41963612983885057,-0.41963612983885057,0.0,0.0,0.0,45.63777848309642
2021-06-07,45.42239141778899,37.13661954992464,53.25331954931802,45.42239141778899,45.42239141778899,-0.20273913802807697,-0.20273913802807697,-0.20273913802807697,0.21329333042313126,0.21329333042313126,0.21329333042313126,-0.4160324684512082,-0.4160324684512082,-0.4160324684512082,0.0,0.0,0.0,45.21965227976091
2021-06-08,45.42263618424537,37.02235829005273,54.094964752147774,45.42263618424537,45.42263618424537,-0.1825903660873281,-0.1825903660873281,-0.1825903660873281,0.22905847395116555,0.22905847395116555,0.22905847395116555,-0.4116488400384936,-0.4116488400384936,-0.4116488400384936,0.0,0.0,0.0,45.240045818158045
2021-06-09,45.422880950701746,36.77704253878302,53.87572293361236,45.422880950701746,45.422880950701746,-0.5438733607423283,-0.5438733607423283,-0.5438733607423283,-0.1377802654529747,-0.1377802654529747,-0.1377802654529747,-0.40609309528935356,-0.40609309528935356,-0.40609309528935356,0.0,0.0,0.0,44.879007589959414
2021-06-10,45.42312571715812,36.68565627989298,53.549446942220165,45.42312571715812,45.42312571715812,-0.4819720582487379,-0.4819720582487379,-0.4819720582487379,-0.08301648234206144,-0.08301648234206144,-0.08301648234206144,-0.3989555759066764,-0.3989555759066764,-0.3989555759066764,0.0,0.0,0.0,44.941153658909386
2021-06-11,45.423370483614505,35.85031756312968,52.92615322392542,45.423370483614505,45.423370483614505,-0.8532822713327123,-0.8532822713327123,-0.8532822713327123,-0.46345326816625987,-0.46345326816625987,-0.46345326816625987,-0.3898290031664524,-0.3898290031664524,-0.3898290031664524,0.0,0.0,0.0,44.570088212281796
2021-06-12,45.42361525007088,36.513087945818704,53.08807237525874,45.42361525007088,45.42361525007088,-0.7716982043478235,-0.7716982043478235,-0.7716982043478235,-0.39336975002045294,-0.39336975002045294,-0.39336975002045294,-0.3783284543273706,-0.3783284543273706,-0.3783284543273706,0.0,0.0,0.0,44.65191704572306
2021-06-13,45.42386001652726,36.4971599250145,54.307909757453906,45.42386001652726,45.42386001652726,0.27115718065106853,0.27115718065106853,0.27115718065106853,0.6352679616031548,0.6352679616031548,0.6352679616031548,-0.3641107809520863,-0.3641107809520863,-0.3641107809520863,0.0,0.0,0.0,45.69501719717832
2021-06-14,45.42410478298364,37.14308509814147,53.86214855859618,45.42410478298364,45.42410478298364,-0.13359950873953955,-0.13359950873953955,-0.13359950873953955,0.21329333042283763,0.21329333042283763,0.21329333042283763,-0.3468928391623772,-0.3468928391623772,-0.3468928391623772,0.0,0.0,0.0,45.290505274244104
2021-06-15,45.42434954944002,36.67183067049783,54.11344223459127,45.42434954944002,45.42434954944002,-0.09740946190980815,-0.09740946190980815,-0.09740946190980815,0.22905847395082363,0.22905847395082363,0.22905847395082363,-0.3264679358606318,-0.3264679358606318,-0.3264679358606318,0.0,0.0,0.0,45.32694008753021
2021-06-16,45.42459431589639,36.82222946631694,52.875832756342994,45.42459431589639,45.42459431589639,-0.44050021149703933,-0.44050021149703933,-0.44050021149703933,-0.137780265453908,-0.137780265453908,-0.137780265453908,-0.3027199460431313,-0.3027199460431313,-0.3027199460431313,0.0,0.0,0.0,44.984094104399354
2021-06-17,45.424839082352776,36.38252778901661,53.46150971723507,45.424839082352776,45.424839082352776,-0.35865110548125967,-0.35865110548125967,-0.35865110548125967,-0.08301648233962733,-0.08301648233962733,-0.08301648233962733,-0.2756346231416323,-0.2756346231416323,-0.2756346231416323,0.0,0.0,0.0,45.06618797687152
2021-06-18,45.42508384880915,36.500125723398355,53.37162278887703,45.42508384880915,45.42508384880915,-0.7087609731738687,-0.7087609731738687,-0.7087609731738687,-0.4634532681636989,-0.4634532681636989,-0.4634532681636989,-0.24530770501016963,-0.24530770501016963,-0.24530770501016963,0.0,0.0,0.0,44.716322875635285
2021-06-19,45.42532861526553,37.08597289757455,52.786721631129716,45.42532861526553,45.42532861526553,-0.6053192605692416,-0.6053192605692416,-0.6053192605692416,-0.393369750018991,-0.393369750018991,-0.393369750018991,-0.21194951055025063,-0.21194951055025063,-0.21194951055025063,0.0,0.0,0.0,44.82000935469629
2021-06-20,45.42557338172191,37.78317072377458,53.6610651701514,45.42557338172191,45.42557338172191,0.4593821381241095,0.4593821381241095,0.4593821381241095,0.6352679616029608,0.6352679616029608,0.6352679616029608,-0.17588582347885134,-0.17588582347885134,-0.17588582347885134,0.0,0.0,0.0,45.884955519846024
2021-06-21,45.42581814817829,36.32005887476378,54.218565952365495,45.42581814817829,45.42581814817829,0.07573836278484845,0.07573836278484845,0.07573836278484845,0.21329333042256532,0.21329333042256532,0.21329333042256532,-0.13755496763771688,-0.13755496763771688,-0.13755496763771688,0.0,0.0,0.0,45.501556510963134
2021-06-22,45.42606291463466,37.22504528697063,54.17764884054475,45.42606291463466,45.42606291463466,0.13155738442288892,0.13155738442288892,0.13155738442288892,0.22905847395147622,0.22905847395147622,0.22905847395147622,-0.09750108952858728,-0.09750108952858728,-0.09750108952858728,0.0,0.0,0.0,45.557620299057554
2021-06-23,45.426307681091046,37.03920181439676,53.184068056793194,45.426307681091046,45.426307681091046,-0.19414404084384754,-0.19414404084384754,-0.19414404084384754,-0.1377802654523087,-0.1377802654523087,-0.1377802654523087,-0.05636377539153882,-0.05636377539153882,-0.05636377539153882,0.0,0.0,0.0,45.2321636402472
2021-06-24,45.42655244754742,37.541765863773364,53.9389631097298,45.42655244754742,45.42655244754742,-0.09788072135614115,-0.09788072135614115,-0.09788072135614115,-0.08301648234025591,-0.08301648234025591,-0.08301648234025591,-0.014864239015885234,-0.014864239015885234,-0.014864239015885234,0.0,0.0,0.0,45.32867172619128
2021-06-25,45.4267972140038,36.009332729844274,53.710741585267996,45.4267972140038,45.4267972140038,-0.4372416877341533,-0.4372416877341533,-0.4372416877341533,-0.4634532681650513,-0.4634532681650513,-0.4634532681650513,0.02621158043089799,0.02621158043089799,0.02621158043089799,0.0,0.0,0.0,44.98955552626965
2021-06-26,45.42704198046018,36.499280280482665,53.61338712057407,45.42704198046018,45.42704198046018,-0.3273371731956249,-0.3273371731956249,-0.3273371731956249,-0.393369750018782,-0.393369750018782,-0.393369750018782,0.06603257682315708,0.06603257682315708,0.06603257682315708,0.0,0.0,0.0,45.09970480726456
2021-06-27,45.42728674691656,37.82463587093959,54.442314462084106,45.42728674691656,45.42728674691656,0.7390121364996814,0.7390121364996814,0.7390121364996814,0.6352679616027669,0.6352679616027669,0.6352679616027669,0.10374417489691455,0.10374417489691455,0.10374417489691455,0.0,0.0,0.0,46.16629888341624
2021-06-28,45.42753151337294,37.01448362697426,53.74153067716067,45.42753151337294,45.42753151337294,0.3517849116031737,0.3517849116031737,0.3517849116031737,0.2132933304238434,0.2132933304238434,0.2132933304238434,0.13849158117933025,0.13849158117933025,0.13849158117933025,0.0,0.0,0.0,45.779316424976116
2021-06-29,45.42777627982932,37.61459044048379,53.79892893629118,45.42777627982932,45.42777627982932,0.3985024219309999,0.3985024219309999,0.3985024219309999,0.22905847395113427,0.22905847395113427,0.22905847395113427,0.16944394797986556,0.16944394797986556,0.16944394797986556,0.0,0.0,0.0,45.826278701760316
2021-06-30,45.42802104628569,36.69629647687228,54.487595999851635,45.42802104628569,45.42802104628569,0.05803850846853225,0.05803850846853225,0.05803850846853225,-0.13778026545324198,-0.13778026545324198,-0.13778026545324198,0.19581877392177424,0.19581877392177424,0.19581877392177424,0.0,0.0,0.0,45.48605955475423
2021-07-01,45.428265812742076,36.750297493417406,54.47543074900117,45.428265812742076,45.428265812742076,0.13388936409566074,0.13388936409566074,0.13388936409566074,-0.08301648233931136,-0.08301648233931136,-0.08301648233931136,0.2169058464349721,0.2169058464349721,0.2169058464349721,0.0,0.0,0.0,45.562155176837734
2021-07-02,45.42851057919845,37.02887710202283,54.206690113523734,45.42851057919845,45.42851057919845,-0.2313632355575224,-0.2313632355575224,-0.2313632355575224,-0.46345326816483534,-0.46345326816483534,-0.46345326816483534,0.2320900326073129,0.2320900326073129,0.2320900326073129,0.0,0.0,0.0,45.19714734364093
2021-07-03,45.42875534565482,37.48691385248548,54.32563237686985,45.42875534565482,45.42875534565482,-0.15249750504455362,-0.15249750504455362,-0.15249750504455362,-0.3933697500212949,-0.3933697500212949,-0.3933697500212949,0.24087224497674123,0.24087224497674123,0.24087224497674123,0.0,0.0,0.0,45.27625784061027
2021-07-04,45.429000112111204,37.76990168140829,55.67721633652934,45.429000112111204,45.429000112111204,0.8781559094013045,0.8781559094013045,0.8781559094013045,0.6352679616039515,0.6352679616039515,0.6352679616039515,0.24288794779735293,0.24288794779735293,0.24288794779735293,0.0,0.0,0.0,46.30715602151251
2021-07-05,45.42924487856758,37.59590775059997,54.83254392304454,45.42924487856758,45.42924487856758,0.451215956610616,0.451215956610616,0.451215956610616,0.21329333042357124,0.21329333042357124,0.21329333042357124,0.23792262618704477,0.23792262618704477,0.23792262618704477,0.0,0.0,0.0,45.8804608351782
2021-07-06,45.429489645023956,38.02109474828347,54.78541554873688,45.429489645023956,45.429489645023956,0.45498218790574246,0.45498218790574246,0.45498218790574246,0.22905847395150114,0.22905847395150114,0.22905847395150114,0.22592371395424132,0.22592371395424132,0.22592371395424132,0.0,0.0,0.0,45.8844718329297
2021-07-07,45.42973441148034,37.314658796441456,54.127194017636235,45.42973441148034,45.42973441148034,0.06922829849766458,0.06922829849766458,0.06922829849766458,-0.13778026545290895,-0.13778026545290895,-0.13778026545290895,0.20700856395057354,0.20700856395057354,0.20700856395057354,0.0,0.0,0.0,45.498962709978
2021-07-08,45.429979177936715,37.80134253654248,54.12465461720737,45.429979177936715,45.429979177936715,0.09845166297816202,0.09845166297816202,0.09845166297816202,-0.0830164823383668,-0.0830164823383668,-0.0830164823383668,0.18146814531652883,0.18146814531652883,0.18146814531652883,0.0,0.0,0.0,45.52843084091488
2021-07-09,45.43022394439309,36.70529478414131,53.17865078651142,45.43022394439309,45.43022394439309,-0.3136870058327514,-0.3136870058327514,-0.3136870058327514,-0.4634532681661877,-0.4634532681661877,-0.4634532681661877,0.1497662623334363,0.1497662623334363,0.1497662623334363,0.0,0.0,0.0,45.11653693856034
2021-07-10,45.430468710849475,36.70514801349103,53.74934131775907,45.430468710849475,45.430468710849475,-0.28083554309979175,-0.28083554309979175,-0.28083554309979175,-0.3933697500210858,-0.3933697500210858,-0.3933697500210858,0.11253420692129408,0.11253420692129408,0.11253420692129408,0.0,0.0,0.0,45.149633167749684
2021-07-11,45.43071347730585,37.69953792079062,54.33061557987589,45.43071347730585,45.43071347730585,0.7058288396529933,0.7058288396529933,0.7058288396529933,0.6352679616037575,0.6352679616037575,0.6352679616037575,0.07056087804923565,0.07056087804923565,0.07056087804923565,0.0,0.0,0.0,46.136542316958845
2021-07-12,45.43095824376223,37.37571764106759,53.344254269221494,45.43095824376223,45.43095824376223,0.23807185365457031,0.23807185365457031,0.23807185365457031,0.21329333042327753,0.21329333042327753,0.21329333042327753,0.024778523231292805,0.024778523231292805,0.024778523231292805,0.0,0.0,0.0,45.669030097416794
2021-07-13,45.43120301021861,36.821872763156584,54.196118304838386,45.43120301021861,45.43120301021861,0.20530285058431244,0.20530285058431244,0.20530285058431244,0.22905847395115922,0.22905847395115922,0.22905847395115922,-0.023755623366846775,-0.023755623366846775,-0.023755623366846775,0.0,0.0,0.0,45.63650586080292
2021-07-14,45.431447776674986,36.710194531465305,53.44795451144083,45.431447776674986,45.431447776674986,-0.2116616835483107,-0.2116616835483107,-0.2116616835483107,-0.13778026545282243,-0.13778026545282243,-0.13778026545282243,-0.07388141809548826,-0.07388141809548826,-0.07388141809548826,0.0,0.0,0.0,45.21978609312668
2021-07-15,45.43169254313136,36.93718602852561,53.40175066633548,45.43169254313136,45.43169254313136,-0.20737758974394163,-0.20737758974394163,-0.20737758974394163,-0.08301648234065202,-0.08301648234065202,-0.08301648234065202,-0.12436110740328962,-0.12436110740328962,-0.12436110740328962,0.0,0.0,0.0,45.22431495338742
2021-07-16,45.4319603796329,36.32925857594876,53.52206033615709,45.4319603796329,45.4319603796329,-0.6373605320899389,-0.6373605320899389,-0.6373605320899389,-0.4634532681644033,-0.4634532681644033,-0.4634532681644033,-0.1739072639255356,-0.1739072639255356,-0.1739072639255356,0.0,0.0,0.0,44.79459984754296
2021-07-17,45.43222821613444,35.75774577054046,53.17132767894957,45.43222821613444,45.43222821613444,-0.6145824444220721,-0.6145824444220721,-0.6145824444220721,-0.3933697500196239,-0.3933697500196239,-0.3933697500196239,-0.22121269440244826,-0.22121269440244826,-0.22121269440244826,0.0,0.0,0.0,44.81764577171237
2021-07-18,45.43249605263597,37.56157472366064,54.045942835198744,45.43249605263597,45.43249605263597,0.37028636912813667,0.37028636912813667,0.37028636912813667,0.635267961604253,0.635267961604253,0.635267961604253,-0.2649815924761163,-0.2649815924761163,-0.2649815924761163,0.0,0.0,0.0,45.80278242176411
2021-07-19,45.432763889137505,37.035273549222985,53.577776487262156,45.432763889137505,45.432763889137505,-0.09066783501472409,-0.09066783501472409,-0.09066783501472409,0.21329333042456633,0.21329333042456633,0.21329333042456633,-0.3039611654392904,-0.3039611654392904,-0.3039611654392904,0.0,0.0,0.0,45.34209605412278
2021-07-20,45.43303172563904,36.57981702320215,53.86158829645969,45.43303172563904,45.43303172563904,-0.10791446569897012,-0.10791446569897012,-0.10791446569897012,0.22905847395152606,0.22905847395152606,0.22905847395152606,-0.3369729396504962,-0.3369729396504962,-0.3369729396504962,0.0,0.0,0.0,45.32511725994007
2021-07-21,45.433299562140576,36.5074728451017,53.06579431395117,45.433299562140576,45.433299562140576,-0.5007232108816265,-0.5007232108816265,-0.5007232108816265,-0.13778026545248936,-0.13778026545248936,-0.13778026545248936,-0.36294294542913713,-0.36294294542913713,-0.36294294542913713,0.0,0.0,0.0,44.93257635125895
2021-07-22,45.43356739864212,37.06381240547159,53.71534475051654,45.43356739864212,45.43356739864212,-0.46394648142916206,-0.46394648142916206,-0.46394648142916206,-0.08301648234128062,-0.08301648234128062,-0.08301648234128062,-0.3809299990878814,-0.3809299990878814,-0.3809299990878814,0.0,0.0,0.0,44.96962091721296
2021-07-23,45.43383523514365,36.02163567311822,53.4940254622351,45.43383523514365,45.43383523514365,-0.8536046052577703,-0.8536046052577703,-0.8536046052577703,-0.46345326816575566,-0.46345326816575566,-0.46345326816575566,-0.39015133709201466,-0.39015133709201466,-0.39015133709201466,0.0,0.0,0.0,44.580230629885875
2021-07-24,45.43410307164518,36.33984131827048,53.31726208356967,45.43410307164518,45.43410307164518,-0.7833746644160056,-0.7833746644160056,-0.7833746644160056,-0.3933697500194149,-0.3933697500194149,-0.3933697500194149,-0.3900049143965907,-0.3900049143965907,-0.3900049143965907,0.0,0.0,0.0,44.650728407229174
2021-07-25,45.43437090814672,36.6824101669277,54.58525268797535,45.43437090814672,45.43437090814672,0.25518020714028944,0.25518020714028944,0.25518020714028944,0.6352679616028843,0.6352679616028843,0.6352679616028843,-0.38008775446259496,-0.38008775446259496,-0.38008775446259496,0.0,0.0,0.0,45.68955111528701
2021-07-26,45.434638744648254,36.370884588172046,54.167778309218434,45.434638744648254,45.434638744648254,-0.14691650011450294,-0.14691650011450294,-0.14691650011450294,0.21329333042428333,0.21329333042428333,0.21329333042428333,-0.36020983053878625,-0.36020983053878625,-0.36020983053878625,0.0,0.0,0.0,45.287722244533754
2021-07-27,45.4349065811498,36.78251587847338,53.31526354721047,45.4349065811498,45.4349065811498,-0.10134459027188522,-0.10134459027188522,-0.10134459027188522,0.22905847395047538,0.22905847395047538,0.22905847395047538,-0.3304030642223606,-0.3304030642223606,-0.3304030642223606,0.0,0.0,0.0,45.33356199087791
2021-07-28,45.435174417651325,35.98500764060369,53.22464543930378,45.435174417651325,45.435174417651325,-0.42870541097984993,-0.42870541097984993,-0.42870541097984993,-0.13778026545342267,-0.13778026545342267,-0.13778026545342267,-0.29092514552642723,-0.29092514552642723,-0.29092514552642723,0.0,0.0,0.0,45.00646900667147
2021-07-29,45.43544225415286,36.95688156505431,53.552568149659656,45.43544225415286,45.43544225415286,-0.32527448797855557,-0.32527448797855557,-0.32527448797855557,-0.08301648234033605,-0.08301648234033605,-0.08301648234033605,-0.2422580056382195,-0.2422580056382195,-0.2422580056382195,0.0,0.0,0.0,45.11016776617431
2021-07-30,45.435710090654396,36.74587729478432,53.67386278119095,45.435710090654396,45.435710090654396,-0.6485541743072538,-0.6485541743072538,-0.6485541743072538,-0.46345326816476295,-0.46345326816476295,-0.46345326816476295,-0.18510090614249083,-0.18510090614249083,-0.18510090614249083,0.0,0.0,0.0,44.787155916347146
2021-07-31,45.43597792715593,36.79355679895931,52.987741047313044,45.43597792715593,45.43597792715593,-0.5137279932916441,-0.5137279932916441,-0.5137279932916441,-0.393369750017953,-0.393369750017953,-0.393369750017953,-0.12035824327369114,-0.12035824327369114,-0.12035824327369114,0.0,0.0,0.0,44.922249933864286
2021-08-01,45.436245763657475,37.86282638903627,54.31292587170981,45.436245763657475,45.436245763657475,0.5861456622693995,0.5861456622693995,0.5861456622693995,0.6352679616033797,0.6352679616033797,0.6352679616033797,-0.049122299333980324,-0.049122299333980324,-0.049122299333980324,0.0,0.0,0.0,46.02239142592688
2021-08-02,45.436513600159,37.026067357791355,54.69209748395813,45.436513600159,45.436513600159,0.24064202807783552,0.24064202807783552,0.24064202807783552,0.21329333042400045,0.21329333042400045,0.21329333042400045,0.027348697653835075,0.027348697653835075,0.027348697653835075,0.0,0.0,0.0,45.67715562823684
2021-08-03,45.43678143666054,37.1866834201035,53.849131073493204,45.43678143666054,45.43678143666054,0.3367151980305055,0.3367151980305055,0.3367151980305055,0.22905847395084222,0.22905847395084222,0.22905847395084222,0.10765672407966329,0.10765672407966329,0.10765672407966329,0.0,0.0,0.0,45.77349663469104
2021-08-04,45.437049273162074,37.162519007620126,54.312556668849254,45.437049273162074,45.437049273162074,0.05251346344853776,0.05251346344853776,0.05251346344853776,-0.13778026545308972,-0.13778026545308972,-0.13778026545308972,0.19029372890162746,0.19029372890162746,0.19029372890162746,0.0,0.0,0.0,45.489562736610615
2021-08-05,45.43731710966361,38.07538275842874,53.76440412447641,45.43731710966361,45.43731710966361,0.1906578499788829,0.1906578499788829,0.1906578499788829,-0.08301648233939152,-0.08301648233939152,-0.08301648233939152,0.2736743323182744,0.2736743323182744,0.2736743323182744,0.0,0.0,0.0,45.62797495964249
2021-08-06,45.43758494616515,37.0547511764144,54.542026730918515,45.43758494616515,45.43758494616515,-0.10728257987927643,-0.10728257987927643,-0.10728257987927643,-0.463453268164547,-0.463453268164547,-0.463453268164547,0.3561706882852706,0.3561706882852706,0.3561706882852706,0.0,0.0,0.0,45.33030236628588
2021-08-07,45.43785278266668,37.26068355152317,54.07239041932111,45.43785278266668,45.43785278266668,0.04277893372207776,0.04277893372207776,0.04277893372207776,-0.39336975001899693,-0.39336975001899693,-0.39336975001899693,0.4361486837410746,0.4361486837410746,0.4361486837410746,0.0,0.0,0.0,45.48063171638876
2021-08-08,45.43812061916822,37.94186488898841,54.646126034642684,45.43812061916822,45.43812061916822,1.147272568926223,1.147272568926223,1.147272568926223,0.635267961603875,0.635267961603875,0.635267961603875,0.5120046073223479,0.5120046073223479,0.5120046073223479,0.0,0.0,0.0,46.58539318809444
2021-08-09,45.43838845566975,37.69609384233627,54.52335205247905,45.43838845566975,45.43838845566975,0.7954947321916871,0.7954947321916871,0.7954947321916871,0.21329333042370682,0.21329333042370682,0.21329333042370682,0.5822014017679803,0.5822014017679803,0.5822014017679803,0.0,0.0,0.0,46.23388318786144
2021-08-10,45.43865629217129,38.00174551662718,54.43837220407372,45.43865629217129,45.43865629217129,0.8743620917415711,0.8743620917415711,0.8743620917415711,0.2290584739514948,0.2290584739514948,0.2290584739514948,0.6453036177900764,0.6453036177900764,0.6453036177900764,0.0,0.0,0.0,46.31301838391286
2021-08-11,45.43892412867283,36.86965726455269,54.60694681822148,45.43892412867283,45.43892412867283,0.5622299474654012,0.5622299474654012,0.5622299474654012,-0.137780265454023,-0.137780265454023,-0.137780265454023,0.7000102129194243,0.7000102129194243,0.7000102129194243,0.0,0.0,0.0,46.001154076138235
2021-08-12,45.43919196517436,37.47065150284933,54.446793641665806,45.43919196517436,45.43919196517436,0.6621679038922821,0.6621679038922821,0.6621679038922821,-0.0830164823400201,-0.0830164823400201,-0.0830164823400201,0.7451843862323021,0.7451843862323021,0.7451843862323021,0.0,0.0,0.0,46.10135986906664
2021-08-13,45.439459801675895,36.861817874865075,53.943662414688504,45.439459801675895,45.439459801675895,0.31642643968086875,0.31642643968086875,0.31642643968086875,-0.463453268164331,-0.463453268164331,-0.463453268164331,0.7798797078451998,0.7798797078451998,0.7798797078451998,0.0,0.0,0.0,45.75588624135676
2021-08-14,45.43972763817744,37.330971046920446,54.60320747100839,45.43972763817744,45.43972763817744,0.4099921390081183,0.4099921390081183,0.4099921390081183,-0.39336975001753494,-0.39336975001753494,-0.39336975001753494,0.8033618890256532,0.8033618890256532,0.8033618890256532,0.0,0.0,0.0,45.849719777185555
2021-08-15,45.439995474678966,37.85707736895875,56.08450230148752,45.439995474678966,45.439995474678966,1.4503936042169618,1.4503936042169618,1.4503936042169618,0.6352679616025065,0.6352679616025065,0.6352679616025065,0.8151256426144555,0.8151256426144555,0.8151256426144555,0.0,0.0,0.0,46.89038907889593
2021-08-16,45.44026331118051,37.98216355877047,55.12132106037974,45.44026331118051,45.44026331118051,1.0281995320734467,1.0281995320734467,1.0281995320734467,0.21329333042341306,0.21329333042341306,0.21329333042341306,0.8149062016500337,0.8149062016500337,0.8149062016500337,0.0,0.0,0.0,46.46846284325395
2021-08-17,45.44053114768204,37.95624506334499,54.918149324932365,45.44053114768204,45.44053114768204,1.0317436676965868,1.0317436676965868,1.0317436676965868,0.2290584739511529,0.2290584739511529,0.2290584739511529,0.802685193745434,0.802685193745434,0.802685193745434,0.0,0.0,0.0,46.472274815378626
2021-08-18,45.44079898418358,37.93505066045394,54.766134873141986,45.44079898418358,45.44079898418358,0.6409104411949333,0.6409104411949333,0.6409104411949333,-0.1377802654514038,-0.1377802654514038,-0.1377802654514038,0.7786907066463371,0.7786907066463371,0.7786907066463371,0.0,0.0,0.0,46.08170942537851
2021-08-19,45.441066820685116,38.073030077539634,54.279735724502764,45.441066820685116,45.441066820685116,0.6603750407539092,0.6603750407539092,0.6603750407539092,-0.08301648234064866,-0.08301648234064866,-0.08301648234064866,0.7433915230945578,0.7433915230945578,0.7433915230945578,0.0,0.0,0.0,46.10144186143903
2021-08-20,45.441334657186644,37.63835839622561,54.07967360280205,45.441334657186644,45.441334657186644,0.23403237888943138,0.23403237888943138,0.23403237888943138,-0.4634532681656833,-0.4634532681656833,-0.4634532681656833,0.6974856470551147,0.6974856470551147,0.6974856470551147,0.0,0.0,0.0,45.675367036076075
2021-08-21,45.44160249368819,37.88143252431365,53.88788975684101,45.44160249368819,45.44160249368819,0.24851363489786546,0.24851363489786546,0.24851363489786546,-0.3933697500200478,-0.3933697500200478,-0.3933697500200478,0.6418833849179133,0.6418833849179133,0.6418833849179133,0.0,0.0,0.0,45.690116128586055
2021-08-22,45.441870330189715,38.33743949753138,54.27740853755553,45.441870330189715,45.441870330189715,1.2129533425091965,1.2129533425091965,1.2129533425091965,0.6352679616023125,0.6352679616023125,0.6352679616023125,0.5776853809068839,0.5776853809068839,0.5776853809068839,0.0,0.0,0.0,46.65482367269891
2021-08-23,45.44213816669126,38.465559791912426,55.26493028758866,45.44213816669126,45.44213816669126,0.7194494626035894,0.7194494626035894,0.7194494626035894,0.21329333042313015,0.21329333042313015,0.21329333042313015,0.5061561321804594,0.5061561321804594,0.5061561321804594,0.0,0.0,0.0,46.16158762929485
2021-08-24,45.442406003192794,37.60557489040907,54.49442713858596,45.442406003192794,45.442406003192794,0.657752096734365,0.657752096734365,0.657752096734365,0.22905847395081097,0.22905847395081097,0.22905847395081097,0.42869362278355383,0.42869362278355383,0.42869362278355383,0.0,0.0,0.0,46.10015809992716
2021-08-25,45.44267383969432,37.25391437295184,54.05315289063517,45.44267383969432,45.44267383969432,0.20901554837358813,0.20901554837358813,0.20901554837358813,-0.1377802654523371,-0.1377802654523371,-0.1377802654523371,0.3467958138259253,0.3467958138259253,0.3467958138259253,0.0,0.0,0.0,45.65168938806791
2021-08-26,45.442941676195865,36.88094148717357,54.346988265681816,45.442941676195865,45.442941676195865,0.17900832513679174,0.17900832513679174,0.17900832513679174,-0.08301648233978767,-0.08301648233978767,-0.08301648233978767,0.2620248074765794,0.2620248074765794,0.2620248074765794,0.0,0.0,0.0,45.62195000133266
2021-08-27,45.44320951269739,36.29520292590451,53.11336521296328,45.44320951269739,45.44320951269739,-0.2874837056265046,-0.2874837056265046,-0.2874837056265046,-0.46345326816703564,-0.46345326816703564,-0.46345326816703564,0.17596956254053098,0.17596956254053098,0.17596956254053098,0.0,0.0,0.0,45.15572580707089
2021-08-28,45.443477349198936,36.87517977070631,53.84601000431022,45.443477349198936,45.443477349198936,-0.3031616721253071,-0.3031616721253071,-0.3031616721253071,-0.3933697500198388,-0.3933697500198388,-0.3933697500198388,0.09020807789453172,0.09020807789453172,0.09020807789453172,0.0,0.0,0.0,45.14031567707363
2021-08-29,45.44374518570047,38.01670030710615,55.30560259713315,45.44374518570047,45.44374518570047,0.6415379375396972,0.6415379375396972,0.6415379375396972,0.6352679616034972,0.6352679616034972,0.6352679616034972,0.0062699759361999185,0.0062699759361999185,0.0062699759361999185,0.0,0.0,0.0,46.08528312324017
2021-08-30,45.444013022202,37.25265995697834,54.022265039080075,45.444013022202,45.444013022202,0.13889374132941107,0.13889374132941107,0.13889374132941107,0.21329333042284726,0.21329333042284726,0.21329333042284726,-0.07439958909343619,-0.07439958909343619,-0.07439958909343619,0.0,0.0,0.0,45.58290676353141
2021-08-31,45.44428085870354,36.90034420605609,54.048087486222904,45.44428085870354,45.44428085870354,0.07858467058593958,0.07858467058593958,0.07858467058593958,0.2290584739511778,0.2290584739511778,0.2290584739511778,-0.15047380336523822,-0.15047380336523822,-0.15047380336523822,0.0,0.0,0.0,45.52286552928948
2021-09-01,45.44454869520507,36.466329910097926,53.406743022771096,45.44454869520507,45.44454869520507,-0.3585552698408402,-0.3585552698408402,-0.3585552698408402,-0.1377802654520041,-0.1377802654520041,-0.1377802654520041,-0.2207750043888361,-0.2207750043888361,-0.2207750043888361,0.0,0.0,0.0,45.08599342536423
2021-09-02,45.444816531706614,36.19447350979133,53.423443560751956,45.444816531706614,45.444816531706614,-0.367318144819787,-0.367318144819787,-0.367318144819787,-0.08301648233884311,-0.08301648233884311,-0.08301648233884311,-0.28430166248094385,-0.28430166248094385,-0.28430166248094385,0.0,0.0,0.0,45.07749838688683
2021-09-03,45.44508436820815,35.57414924009864,53.11935877974815,45.44508436820815,45.44508436820815,-0.803704125859967,-0.803704125859967,-0.803704125859967,-0.46345326816681964,-0.46345326816681964,-0.46345326816681964,-0.34025085769314733,-0.34025085769314733,-0.34025085769314733,0.0,0.0,0.0,44.641380242348184
2021-09-04,45.44535220470968,36.33228049689562,53.621924621531846,45.44535220470968,45.44535220470968,-0.7814054372897181,-0.7814054372897181,-0.7814054372897181,-0.3933697500196298,-0.3933697500196298,-0.3933697500196298,-0.38803568727008825,-0.38803568727008825,-0.38803568727008825,0.0,0.0,0.0,44.66394676741996
2021-09-05,45.44562004121122,37.52361889234258,54.04689319944263,45.44562004121122,45.44562004121122,0.20797079842450802,0.20797079842450802,0.20797079842450802,0.6352679616033032,0.6352679616033032,0.6352679616033032,-0.42729716317879524,-0.42729716317879524,-0.42729716317879524,0.0,0.0,0.0,45.653590839635726
2021-09-06,45.44588787771275,36.9314132482032,53.77827900464041,45.44588787771275,45.44588787771275,-0.24461696463479218,-0.24461696463479218,-0.24461696463479218,0.21329333042413598,0.21329333042413598,0.21329333042413598,-0.45791029505892816,-0.45791029505892816,-0.45791029505892816,0.0,0.0,0.0,45.201270913077956
2021-09-07,45.44615571421429,36.12029606364677,53.10302422612262,45.44615571421429,45.44615571421429,-0.2509257237433819,-0.2509257237433819,-0.2509257237433819,0.2290584739515446,0.2290584739515446,0.2290584739515446,-0.4799841976949265,-0.4799841976949265,-0.4799841976949265,0.0,0.0,0.0,45.195229990470914
2021-09-08,45.44642355071583,36.80547662363054,53.25162636529774,45.44642355071583,45.44642355071583,-0.6316364757266417,-0.6316364757266417,-0.6316364757266417,-0.13778026545293737,-0.13778026545293737,-0.13778026545293737,-0.4938562102737043,-0.4938562102737043,-0.4938562102737043,0.0,0.0,0.0,44.814787074989184
2021-09-09,45.446691387217356,35.896961369893425,52.52231414959626,45.446691387217356,45.446691387217356,-0.583096645956099,-0.583096645956099,-0.583096645956099,-0.08301648234104482,-0.08301648234104482,-0.08301648234104482,-0.5000801636150543,-0.5000801636150543,-0.5000801636150543,0.0,0.0,0.0,44.86359474126126
2021-09-10,45.4469592237189,36.511753829831704,52.9106097989564,45.4469592237189,45.4469592237189,-0.962862345695832,-0.962862345695832,-0.962862345695832,-0.46345326816660365,-0.46345326816660365,-0.46345326816660365,-0.4994090775292284,-0.4994090775292284,-0.4994090775292284,0.0,0.0,0.0,44.48409687802307
2021-09-11,45.44722706022043,35.799251579335696,53.11393268513386,45.44722706022043,45.44722706022043,-0.886142459904008,-0.886142459904008,-0.886142459904008,-0.3933697500221427,-0.3933697500221427,-0.3933697500221427,-0.4927727098818654,-0.4927727098818654,-0.4927727098818654,0.0,0.0,0.0,44.56108460031642
2021-09-12,45.44749489672197,36.78417711320575,53.616552158823445,45.44749489672197,45.44749489672197,0.15401745326457456,0.15401745326457456,0.15401745326457456,0.6352679616037986,0.6352679616037986,0.6352679616037986,-0.48125050833922406,-0.48125050833922406,-0.48125050833922406,0.0,0.0,0.0,45.60151234998654
2021-09-13,45.447762733223506,37.06717976516494,53.28199655167509,45.447762733223506,45.447762733223506,-0.25274730150399405,-0.25274730150399405,-0.25274730150399405,0.21329333042384235,0.21329333042384235,0.21329333042384235,-0.4660406319278364,-0.4660406319278364,-0.4660406319278364,0.0,0.0,0.0,45.19501543171951
2021-09-14,45.448030569725034,36.9050949163371,52.742097530431295,45.448030569725034,45.448030569725034,-0.21936733562383243,-0.21936733562383243,-0.21936733562383243,0.22905847395148846,0.22905847395148846,0.22905847395148846,-0.4484258095753209,-0.4484258095753209,-0.4484258095753209,0.0,0.0,0.0,45.228663234101205
2021-09-15,45.44829840622658,36.7078757303308,53.37913517104013,45.44829840622658,45.44829840622658,-0.5675171496492315,-0.5675171496492315,-0.5675171496492315,-0.13778026545260433,-0.13778026545260433,-0.13778026545260433,-0.4297368841966272,-0.4297368841966272,-0.4297368841966272,0.0,0.0,0.0,44.88078125657734
2021-09-16,45.44856624272811,36.842607112741476,52.830423852837185,45.44856624272811,45.44856624272811,-0.49433143397160273,-0.49433143397160273,-0.49433143397160273,-0.08301648234010026,-0.08301648234010026,-0.08301648234010026,-0.4113149516315025,-0.4113149516315025,-0.4113149516315025,0.0,0.0,0.0,44.95423480875651
2021-09-17,45.44883407922965,36.16229243223623,53.3134887667385,45.44883407922965,45.44883407922965,-0.8579263104295176,-0.8579263104295176,-0.8579263104295176,-0.46345326816561105,-0.46345326816561105,-0.46345326816561105,-0.3944730422639066,-0.3944730422639066,-0.3944730422639066,0.0,0.0,0.0,44.59090776880013
2021-09-18,45.449101915731184,36.388228096210504,53.01730119518532,45.449101915731184,45.449101915731184,-0.7738280585390979,-0.7738280585390979,-0.7738280585390979,-0.39336975002193375,-0.39336975002193375,-0.39336975002193375,-0.3804583085171643,-0.3804583085171643,-0.3804583085171643,0.0,0.0,0.0,44.67527385719209
2021-09-19,45.44936975223271,38.03332675037356,54.603686194621304,45.44936975223271,45.44936975223271,0.2648522884431176,0.2648522884431176,0.2648522884431176,0.6352679616036048,0.6352679616036048,0.6352679616036048,-0.3704156731604872,-0.3704156731604872,-0.3704156731604872,0.0,0.0,0.0,45.71422204067583
2021-09-20,45.449637588734255,36.84325442275167,53.84564442005816,45.449637588734255,45.449637588734255,-0.1520605312505421,-0.1520605312505421,-0.1520605312505421,0.21329333042357018,0.21329333042357018,0.21329333042357018,-0.3653538616741123,-0.3653538616741123,-0.3653538616741123,0.0,0.0,0.0,45.297577057483714
2021-09-21,45.44990542523579,36.41369448369406,53.70988693797501,45.44990542523579,45.44990542523579,-0.13705621358951453,-0.13705621358951453,-0.13705621358951453,0.22905847395043782,0.22905847395043782,0.22905847395043782,-0.36611468753995235,-0.36611468753995235,-0.36611468753995235,0.0,0.0,0.0,45.312849211646274
2021-09-22,45.450173261737326,37.036782161336674,53.13107432471994,45.450173261737326,45.450173261737326,-0.5111266489793385,-0.5111266489793385,-0.5111266489793385,-0.13778026545251779,-0.13778026545251779,-0.13778026545251779,-0.3733463835268206,-0.3733463835268206,-0.3733463835268206,0.0,0.0,0.0,44.93904661275799
2021-09-23,45.45044109823887,36.80341416102038,53.40806469863171,45.45044109823887,45.45044109823887,-0.47049815900852926,-0.47049815900852926,-0.47049815900852926,-0.08301648234072882,-0.08301648234072882,-0.08301648234072882,-0.3874816766678004,-0.3874816766678004,-0.3874816766678004,0.0,0.0,0.0,44.97994293923034
2021-09-24,45.45074283272598,36.44355054035981,53.329392240695306,45.45074283272598,45.45074283272598,-0.8721744601292585,-0.8721744601292585,-0.8721744601292585,-0.46345326816696336,-0.46345326816696336,-0.46345326816696336,-0.40872119196229506,-0.40872119196229506,-0.40872119196229506,0.0,0.0,0.0,44.57856837259672
2021-09-25,45.451044567213096,35.920569313525846,53.758375740999504,45.451044567213096,45.451044567213096,-0.8303923926189257,-0.8303923926189257,-0.8303923926189257,-0.3933697500204718,-0.3933697500204718,-0.3933697500204718,-0.43702264259845397,-0.43702264259845397,-0.43702264259845397,0.0,0.0,0.0,44.62065217459417
2021-09-26,45.451346301700205,37.466194019333905,53.83113268055951,45.451346301700205,45.451346301700205,0.1631718358368194,0.1631718358368194,0.1631718358368194,0.6352679616041,0.6352679616041,0.6352679616041,-0.4720961257672806,-0.4720961257672806,-0.4720961257672806,0.0,0.0,0.0,45.614518137537026
2021-09-27,45.451648036187315,36.1394367328836,52.89437066333241,45.451648036187315,45.451648036187315,-0.3001123658344969,-0.3001123658344969,-0.3001123658344969,0.21329333042327647,0.21329333042327647,0.21329333042327647,-0.5134056962577733,-0.5134056962577733,-0.5134056962577733,0.0,0.0,0.0,45.15153567035282
2021-09-28,45.45194977067443,37.02649930189919,53.43750293288122,45.45194977067443,45.45194977067443,-0.3311187646054033,-0.3311187646054033,-0.3311187646054033,0.22905847395080467,0.22905847395080467,0.22905847395080467,-0.5601772385562078,-0.5601772385562078,-0.5601772385562078,0.0,0.0,0.0,45.120831006069025
2021-09-29,45.45225150516154,36.59424047997199,53.38252222784408,45.45225150516154,45.45225150516154,-0.7491927712021998,-0.7491927712021998,-0.7491927712021998,-0.1377802654521848,-0.1377802654521848,-0.1377802654521848,-0.611412505750015,-0.611412505750015,-0.611412505750015,0.0,0.0,0.0,44.70305873395934
2021-09-30,45.45255323964866,36.669345355008105,53.59022891724923,45.45255323964866,45.45255323964866,-0.7489255262022428,-0.7489255262022428,-0.7489255262022428,-0.08301648233978426,-0.08301648233978426,-0.08301648233978426,-0.6659090438624584,-0.6659090438624584,-0.6659090438624584,0.0,0.0,0.0,44.703627713446416
2021-10-01,45.45285497413577,35.921438216561484,52.72941246040746,45.45285497413577,45.45285497413577,-1.185738845065014,-1.185738845065014,-1.185738845065014,-0.463453268165179,-0.463453268165179,-0.463453268165179,-0.7222855768998346,-0.7222855768998346,-0.7222855768998346,0.0,0.0,0.0,44.26711612907076
2021-10-02,45.453156708622885,35.75715951052064,52.56143413055978,45.453156708622885,45.453156708622885,-1.1723820443644641,-1.1723820443644641,-1.1723820443644641,-0.39336975002151575,-0.39336975002151575,-0.39336975002151575,-0.7790122943429483,-0.7790122943429483,-0.7790122943429483,0.0,0.0,0.0,44.28077466425842
2021-10-03,45.453458443109994,36.679902119747865,53.92399060404714,45.453458443109994,45.453458443109994,-0.19917740065495723,-0.19917740065495723,-0.19917740065495723,0.6352679616027314,0.6352679616027314,0.6352679616027314,-0.8344453622576886,-0.8344453622576886,-0.8344453622576886,0.0,0.0,0.0,45.254281042455034
2021-10-04,45.453760177597104,36.69709428501355,52.96424140730273,45.453760177597104,45.453760177597104,-0.6735715441108157,-0.6735715441108157,-0.6735715441108157,0.21329333042299353,0.21329333042299353,0.21329333042299353,-0.8868648745338091,-0.8868648745338091,-0.8868648745338091,0.0,0.0,0.0,44.78018863348629
2021-10-05,45.45406191208422,36.43480792408764,53.301650100377884,45.45406191208422,45.45406191208422,-0.7054569005365219,-0.7054569005365219,-0.7054569005365219,0.22905847395117143,0.22905847395117143,0.22905847395117143,-0.9345153744876933,-0.9345153744876933,-0.9345153744876933,0.0,0.0,0.0,44.748605011547696
2021-10-06,45.45436364657133,35.893404774361535,53.25344305981821,45.45436364657133,45.45436364657133,-1.113428276678145,-1.113428276678145,-1.113428276678145,-0.1377802654531181,-0.1377802654531181,-0.1377802654531181,-0.975648011225027,-0.975648011225027,-0.975648011225027,0.0,0.0,0.0,44.34093536989319
2021-10-07,45.45466538105845,36.05095764541946,53.45309049239797,45.45466538105845,45.45466538105845,-1.0915798337014702,-1.0915798337014702,-1.0915798337014702,-0.08301648234041285,-0.08301648234041285,-0.08301648234041285,-1.0085633513610575,-1.0085633513610575,-1.0085633513610575,0.0,0.0,0.0,44.363085547356974
2021-10-08,45.45496711554556,35.33724664353309,52.43369556126304,45.45496711554556,45.45496711554556,-1.4951071140682464,-1.4951071140682464,-1.4951071140682464,-0.4634532681657548,-0.4634532681657548,-0.4634532681657548,-1.0316538459024915,-1.0316538459024915,-1.0316538459024915,0.0,0.0,0.0,43.95986000147731
2021-10-09,45.45526885003268,35.4992589729693,52.27143158184171,45.45526885003268,45.45526885003268,-1.436814704890695,-1.436814704890695,-1.436814704890695,-0.3933697500200538,-0.3933697500200538,-0.3933697500200538,-1.043444954870641,-1.043444954870641,-1.043444954870641,0.0,0.0,0.0,44.01845414514199
2021-10-10,45.45557058451979,36.90871639831688,52.98811009420108,45.45557058451979,45.45557058451979,-0.40736599682064556,-0.40736599682064556,-0.40736599682064556,0.6352679616032268,0.6352679616032268,0.6352679616032268,-1.0426339584238724,-1.0426339584238724,-1.0426339584238724,0.0,0.0,0.0,45.048204587699146
2021-10-11,45.45587231900691,35.87455842528743,52.99906701756778,45.45587231900691,45.45587231900691,-0.8148322018226248,-0.8148322018226248,-0.8148322018226248,0.21329333042428225,0.21329333042428225,0.21329333042428225,-1.0281255322469072,-1.0281255322469072,-1.0281255322469072,0.0,0.0,0.0,44.64104011718428
2021-10-12,45.45617405349402,36.24771826249678,53.023557120886444,45.45617405349402,45.45617405349402,-0.77000476164548,-0.77000476164548,-0.77000476164548,0.22905847395082954,0.22905847395082954,0.22905847395082954,-0.9990632355963095,-0.9990632355963095,-0.9990632355963095,0.0,0.0,0.0,44.686169291848536
2021-10-13,45.45647578798113,36.03586055080684,53.73836686045426,45.45647578798113,45.45647578798113,-1.092636416390006,-1.092636416390006,-1.092636416390006,-0.13778026545151878,-0.13778026545151878,-0.13778026545151878,-0.9548561509384873,-0.9548561509384873,-0.9548561509384873,0.0,0.0,0.0,44.36383937159112
2021-10-14,45.45677752246824,35.79699744817335,52.496195037526036,45.45677752246824,45.45677752246824,-0.978216504797432,-0.978216504797432,-0.978216504797432,-0.08301648233955186,-0.08301648233955186,-0.08301648233955186,-0.8952000224578802,-0.8952000224578802,-0.8952000224578802,0.0,0.0,0.0,44.47856101767081
2021-10-15,45.45707925695535,36.22902938480916,52.83744406786088,45.45707925695535,45.45707925695535,-1.2835456324026189,-1.2835456324026189,-1.2835456324026189,-0.46345326816397037,-0.46345326816397037,-0.46345326816397037,-0.8200923642386483,-0.8200923642386483,-0.8200923642386483,0.0,0.0,0.0,44.17353362455273
2021-10-16,45.45738099144247,35.92335082504049,52.507938129934615,45.45738099144247,45.45738099144247,-1.1232108947731358,-1.1232108947731358,-1.1232108947731358,-0.39336975001859187,-0.39336975001859187,-0.39336975001859187,-0.7298411447545439,-0.7298411447545439,-0.7298411447545439,0.0,0.0,0.0,44.33417009666933
2021-10-17,45.45768272592958,36.44390993391624,53.441309447837995,45.45768272592958,45.45768272592958,0.010201162393516577,0.010201162393516577,0.010201162393516577,0.6352679616030329,0.6352679616030329,0.6352679616030329,-0.6250667992095162,-0.6250667992095162,-0.6250667992095162,0.0,0.0,0.0,45.467883888323094
2021-10-18,45.4579844604167,36.99789545719491,53.8838294517764,45.4579844604167,45.4579844604167,-0.29340414145813176,-0.29340414145813176,-0.29340414145813176,0.21329333042399937,0.21329333042399937,0.21329333042399937,-0.5066974718821311,-0.5066974718821311,-0.5066974718821311,0.0,0.0,0.0,45.16458031895856
2021-10-19,45.458286194903806,37.02080582843559,53.29415945002427,45.458286194903806,45.458286194903806,-0.14689906944561873,-0.14689906944561873,-0.14689906944561873,0.22905847395219087,0.22905847395219087,0.22905847395219087,-0.3759575433978096,-0.3759575433978096,-0.3759575433978096,0.0,0.0,0.0,45.31138712545819
2021-10-20,45.458587929390916,36.477121685515776,53.15810653646668,45.458587929390916,45.458587929390916,-0.3721299147198751,-0.3721299147198751,-0.3721299147198751,-0.1377802654524521,-0.1377802654524521,-0.1377802654524521,-0.23434964926742308,-0.23434964926742308,-0.23434964926742308,0.0,0.0,0.0,45.08645801467104
2021-10-21,45.45888966387803,36.56895021346033,54.01835169683448,45.45888966387803,45.45888966387803,-0.16664702488822675,-0.16664702488822675,-0.16664702488822675,-0.08301648234018043,-0.08301648234018043,-0.08301648234018043,-0.0836305425480463,-0.0836305425480463,-0.0836305425480463,0.0,0.0,0.0,45.292242638989805
2021-10-22,45.45919139836514,36.736859855076794,53.56838911021439,45.45919139836514,45.45919139836514,-0.3892345599264245,-0.3892345599264245,-0.3892345599264245,-0.4634532681653228,-0.4634532681653228,-0.4634532681653228,0.07421870823889831,0.07421870823889831,0.07421870823889831,0.0,0.0,0.0,45.06995683843872
2021-10-23,45.45949313285226,36.7842878848241,53.989174519003285,45.45949313285226,45.45949313285226,-0.1563421820966037,-0.1563421820966037,-0.1563421820966037,-0.3933697500183829,-0.3933697500183829,-0.3933697500183829,0.23702756792177918,0.23702756792177918,0.23702756792177918,0.0,0.0,0.0,45.30315095075566
2021-10-24,45.45979486733937,38.28584516055803,54.894317969380964,45.45979486733937,45.45979486733937,1.0377431612300576,1.0377431612300576,1.0377431612300576,0.6352679616042176,0.6352679616042176,0.6352679616042176,0.40247519962584,0.40247519962584,0.40247519962584,0.0,0.0,0.0,46.49753802856942
2021-10-25,45.460096601826486,38.106648252920955,54.70138533465881,45.460096601826486,45.460096601826486,0.7814264499039292,0.7814264499039292,0.7814264499039292,0.2132933304237164,0.2132933304237164,0.2132933304237164,0.5681331194802127,0.5681331194802127,0.5681331194802127,0.0,0.0,0.0,46.24152305173042
2021-10-26,45.460398336313595,37.421504957976275,54.41427772970885,45.460398336313595,45.460398336313595,0.9605689117878499,0.9605689117878499,0.9605689117878499,0.22905847395114023,0.22905847395114023,0.22905847395114023,0.7315104378367095,0.7315104378367095,0.7315104378367095,0.0,0.0,0.0,46.42096724810145
2021-10-27,45.460700070800705,37.940165637766036,54.52665892191629,45.460700070800705,45.460700070800705,0.752320462049527,0.752320462049527,0.752320462049527,-0.13778026545338543,-0.13778026545338543,-0.13778026545338543,0.8901007275029125,0.8901007275029125,0.8901007275029125,0.0,0.0,0.0,46.21302053285023
2021-10-28,45.46100180528782,37.60693298753541,54.70308221242894,45.46100180528782,45.46100180528782,0.9584130426537749,0.9584130426537749,0.9584130426537749,-0.08301648234080898,-0.08301648234080898,-0.08301648234080898,1.041429524994584,1.041429524994584,1.041429524994584,0.0,0.0,0.0,46.419414847941596
2021-10-29,45.46130353977493,38.00853001830784,55.18006280637811,45.46130353977493,45.46130353977493,0.7196481905822643,0.7196481905822643,0.7196481905822643,-0.46345326816510674,-0.46345326816510674,-0.46345326816510674,1.183101458747371,1.183101458747371,1.183101458747371,0.0,0.0,0.0,46.180951730357194
2021-10-30,45.46160527426205,38.4175383245563,55.114664598793006,45.46160527426205,45.46160527426205,0.9194762587294505,0.9194762587294505,0.9194762587294505,-0.39336975001964286,-0.39336975001964286,-0.39336975001964286,1.3128460087490934,1.3128460087490934,1.3128460087490934,0.0,0.0,0.0,46.3810815329915
2021-10-31,45.461907008749165,38.766160052229544,55.854788783872884,45.461907008749165,45.461907008749165,2.063828896371173,2.063828896371173,2.063828896371173,0.6352679616040235,0.6352679616040235,0.6352679616040235,1.4285609347671488,1.4285609347671488,1.4285609347671488,0.0,0.0,0.0,47.525735905120335
2021-11-01,45.46220874323628,39.007834044767066,55.19757389669349,45.46220874323628,45.46220874323628,1.7416457947964488,1.7416457947964488,1.7416457947964488,0.21329333042343349,0.21329333042343349,0.21329333042343349,1.528352464373015,1.528352464373015,1.528352464373015,0.0,0.0,0.0,47.20385453803273
2021-11-02,45.46251047772339,39.21139952164707,55.706039865044026,45.46251047772339,45.46251047772339,1.8396298798551751,1.8396298798551751,1.8396298798551751,0.22905847395150705,0.22905847395150705,0.22905847395150705,1.610571405903668,1.610571405903668,1.610571405903668,0.0,0.0,0.0,47.302140357578565
2021-11-03,45.4628122122105,38.60034185906282,55.38038548747799,45.4628122122105,45.4628122122105,1.5360641781326816,1.5360641781326816,1.5360641781326816,-0.13778026545305233,-0.13778026545305233,-0.13778026545305233,1.673844443585734,1.673844443585734,1.673844443585734,0.0,0.0,0.0,46.998876390343185
2021-11-04,45.46311394669762,38.493442130081704,55.692169408989265,45.46311394669762,45.46311394669762,1.6340834976533412,1.6340834976533412,1.6340834976533412,-0.083016482339948,-0.083016482339948,-0.083016482339948,1.7170999799932891,1.7170999799932891,1.7170999799932891,0.0,0.0,0.0,47.09719744435096
2021-11-05,45.46341568118473,38.8540985698195,54.95588281610813,45.46341568118473,45.46341568118473,1.2761347441361344,1.2761347441361344,1.2761347441361344,-0.46345326816489074,-0.46345326816489074,-0.46345326816489074,1.739588012301025,1.739588012301025,1.739588012301025,0.0,0.0,0.0,46.739550425320864
2021-11-06,45.463717415671844,38.49594085449314,54.928258766820385,45.463717415671844,45.463717415671844,1.347523910521884,1.347523910521884,1.347523910521884,-0.3933697500206867,-0.3933697500206867,-0.3933697500206867,1.7408936605425707,1.7408936605425707,1.7408936605425707,0.0,0.0,0.0,46.81124132619373
2021-11-07,45.464019150158954,39.21626905952618,57.236914734173595,45.464019150158954,45.464019150158954,2.356212066871767,2.356212066871767,2.356212066871767,0.6352679616038296,0.6352679616038296,0.6352679616038296,1.7209441052679375,1.7209441052679375,1.7209441052679375,0.0,0.0,0.0,47.820231217030724
2021-11-08,45.46432088464607,38.77816532372797,56.318281147346106,45.46432088464607,45.46432088464607,1.8933021657815947,1.8933021657815947,1.8933021657815947,0.21329333042313986,0.21329333042313986,0.21329333042313986,1.6800088353584548,1.6800088353584548,1.6800088353584548,0.0,0.0,0.0,47.35762305042766
2021-11-09,45.46462261913318,39.4785112246847,56.66757289076673,45.46462261913318,45.46462261913318,1.847751725041198,1.847751725041198,1.847751725041198,0.22905847395116513,0.22905847395116513,0.22905847395116513,1.618693251090033,1.618693251090033,1.618693251090033,0.0,0.0,0.0,47.31237434417438
2021-11-10,45.46492435362029,38.26091415348794,55.31972441567268,45.46492435362029,45.46492435362029,1.4001455440777937,1.4001455440777937,1.4001455440777937,-0.13778026545423214,-0.13778026545423214,-0.13778026545423214,1.5379258095320258,1.5379258095320258,1.5379258095320258,0.0,0.0,0.0,46.865069897698085
2021-11-11,45.46522608810741,39.233415674659256,54.91649006045208,45.46522608810741,45.46522608810741,1.355922553552188,1.355922553552188,1.355922553552188,-0.08301648233900347,-0.08301648233900347,-0.08301648233900347,1.4389390358911913,1.4389390358911913,1.4389390358911913,0.0,0.0,0.0,46.8211486416596
2021-11-12,45.46552782259452,38.43308399154477,54.90226327234574,45.46552782259452,45.46552782259452,0.8597915842608939,0.8597915842608939,0.8597915842608939,-0.46345326816467475,-0.46345326816467475,-0.46345326816467475,1.3232448524255684,1.3232448524255684,1.3232448524255684,0.0,0.0,0.0,46.325319406855414
2021-11-13,45.46582955708163,37.83387359068915,54.86207788351941,45.46582955708163,45.46582955708163,0.7992350432732919,0.7992350432732919,0.7992350432732919,-0.3933697500192248,-0.3933697500192248,-0.3933697500192248,1.1926047932925166,1.1926047932925166,1.1926047932925166,0.0,0.0,0.0,46.265064600354926
2021-11-14,45.46613129156874,39.04156264473688,55.85274667760766,45.46613129156874,45.46613129156874,1.6842637382354113,1.6842637382354113,1.6842637382354113,0.6352679616031504,0.6352679616031504,0.6352679616031504,1.0489957766322606,1.0489957766322606,1.0489957766322606,0.0,0.0,0.0,47.15039502980415
2021-11-15,45.46643302605586,38.025884109826144,55.52829446458445,45.46643302605586,45.46643302605586,1.1078655226369154,1.1078655226369154,1.1078655226369154,0.21329333042442858,0.21329333042442858,0.21329333042442858,0.8945721922124868,0.8945721922124868,0.8945721922124868,0.0,0.0,0.0,46.574298548692774
2021-11-16,45.46673476054297,38.50196888975651,55.37857073733526,45.46673476054297,45.46673476054297,0.9606836061934176,0.9606836061934176,0.9606836061934176,0.22905847395082327,0.22905847395082327,0.22905847395082327,0.7316251322425944,0.7316251322425944,0.7316251322425944,0.0,0.0,0.0,46.42741836673639
2021-11-17,45.46703649503008,37.48813904173886,54.031572891206416,45.46703649503008,45.46703649503008,0.4247593777478663,0.4247593777478663,0.4247593777478663,-0.13778026545263275,-0.13778026545263275,-0.13778026545263275,0.5625396432004991,0.5625396432004991,0.5625396432004991,0.0,0.0,0.0,45.89179587277795
2021-11-18,45.467338229517196,37.34329117293385,54.8972637711745,45.467338229517196,45.467338229517196,0.30673442446822047,0.30673442446822047,0.30673442446822047,-0.08301648234120514,-0.08301648234120514,-0.08301648234120514,0.3897509068094256,0.3897509068094256,0.3897509068094256,0.0,0.0,0.0,45.774072653985414
2021-11-19,45.467639964004306,37.10410934531914,53.10379905035914,45.467639964004306,45.467639964004306,-0.24775299999969974,-0.24775299999969974,-0.24775299999969974,-0.463453268166027,-0.463453268166027,-0.463453268166027,0.21570026816632729,0.21570026816632729,0.21570026816632729,0.0,0.0,0.0,45.21988696400461
2021-11-20,45.46794169849142,36.72308036078183,53.633754873875425,45.46794169849142,45.46794169849142,-0.35057773145483273,-0.35057773145483273,-0.35057773145483273,-0.3933697500190158,-0.3933697500190158,-0.3933697500190158,0.04279201856418306,0.04279201856418306,0.04279201856418306,0.0,0.0,0.0,45.11736396703659
2021-11-21,45.46824343297853,37.59275552809962,54.5037094425681,45.46824343297853,45.46824343297853,0.5086197718025893,0.5086197718025893,0.5086197718025893,0.6352679616029564,0.6352679616029564,0.6352679616029564,-0.126648189800367,-0.126648189800367,-0.126648189800367,0.0,0.0,0.0,45.976863204781125
2021-11-22,45.46854516746565,36.79312786342924,53.74727042753439,45.46854516746565,45.46854516746565,-0.07711913888466411,-0.07711913888466411,-0.07711913888466411,0.2132933304241349,0.2132933304241349,0.2132933304241349,-0.290412469308799,-0.290412469308799,-0.290412469308799,0.0,0.0,0.0,45.39142602858099
2021-11-23,45.468846901952766,36.60878548396421,53.38664757644357,45.468846901952766,45.468846901952766,-0.21738812755305364,-0.21738812755305364,-0.21738812755305364,0.2290584739504813,0.2290584739504813,0.2290584739504813,-0.44644660150353493,-0.44644660150353493,-0.44644660150353493,0.0,0.0,0.0,45.251458774399715
2021-11-24,45.469148636439876,36.32439162296402,53.468813370995875,45.469148636439876,45.469148636439876,-0.7306623078277368,-0.7306623078277368,-0.7306623078277368,-0.13778026545356611,-0.13778026545356611,-0.13778026545356611,-0.5928820423741706,-0.5928820423741706,-0.5928820423741706,0.0,0.0,0.0,44.73848632861214
2021-11-25,45.46945037092699,36.09244295343829,52.35605869694417,45.46945037092699,45.46945037092699,-0.8110799287205628,-0.8110799287205628,-0.8110799287205628,-0.08301648234026059,-0.08301648234026059,-0.08301648234026059,-0.7280634463803022,-0.7280634463803022,-0.7280634463803022,0.0,0.0,0.0,44.65837044220643
2021-11-26,45.4697521054141,34.88448176823644,52.82009333322132,45.4697521054141,45.4697521054141,-1.3140245032747178,-1.3140245032747178,-1.3140245032747178,-0.46345326816503446,-0.46345326816503446,-0.46345326816503446,-0.8505712351096834,-0.8505712351096834,-0.8505712351096834,0.0,0.0,0.0,44.155727602139386
2021-11-27,45.47005383990122,35.91113855019565,52.04214986222362,45.47005383990122,45.47005383990122,-1.3526086031569835,-1.3526086031569835,-1.3526086031569835,-0.3933697500188068,-0.3933697500188068,-0.3933697500188068,-0.9592388531381767,-0.9592388531381767,-0.9592388531381767,0.0,0.0,0.0,44.11744523674424
2021-11-28,45.47035557438833,36.915040863023634,53.338506380681025,45.47035557438833,45.47035557438833,-0.41789651482116735,-0.41789651482116735,-0.41789651482116735,0.6352679616041411,0.6352679616041411,0.6352679616041411,-1.0531644764253085,-1.0531644764253085,-1.0531644764253085,0.0,0.0,0.0,45.05245905956716
2021-11-29,45.470657308875445,36.092426108540145,52.59018400390471,45.470657308875445,45.470657308875445,-0.9184237341321022,-0.9184237341321022,-0.9184237341321022,0.21329333042386275,0.21329333042386275,0.21329333042386275,-1.1317170645559649,-1.1317170645559649,-1.1317170645559649,0.0,0.0,0.0,44.55223357474334
2021-11-30,45.470959043362555,35.69702480385699,52.796410948307326,45.470959043362555,45.470959043362555,-0.9654783005180558,-0.9654783005180558,-0.9654783005180558,0.2290584739508481,0.2290584739508481,0.2290584739508481,-1.194536774468904,-1.194536774468904,-1.194536774468904,0.0,0.0,0.0,44.5054807428445
2021-12-01,45.471260777849665,35.79270164998135,52.34677147756211,45.471260777849665,45.471260777849665,-1.3793101425874044,-1.3793101425874044,-1.3793101425874044,-0.13778026545221322,-0.13778026545221322,-0.13778026545221322,-1.2415298771351913,-1.2415298771351913,-1.2415298771351913,0.0,0.0,0.0,44.09195063526226
2021-12-02,45.47156251233678,35.6813605809426,52.06431094734786,45.47156251233678,45.47156251233678,-1.355874919542416,-1.355874919542416,-1.355874919542416,-0.08301648233931605,-0.08301648233931605,-0.08301648233931605,-1.2728584372031002,-1.2728584372031002,-1.2728584372031002,0.0,0.0,0.0,44.115687592794366
2021-12-03,45.47188042952746,35.131891310158196,52.47500303830914,45.47188042952746,45.47188042952746,-1.752378394479626,-1.752378394479626,-1.752378394479626,-0.46345326816638677,-0.46345326816638677,-0.46345326816638677,-1.288925126313239,-1.288925126313239,-1.288925126313239,0.0,0.0,0.0,43.71950203504783
2021-12-04,45.472198346718145,34.72070852928298,51.702699186070625,45.472198346718145,45.472198346718145,-1.6837233912427065,-1.6837233912427065,-1.6837233912427065,-0.3933697500185978,-0.3933697500185978,-0.3933697500185978,-1.2903536412241088,-1.2903536412241088,-1.2903536412241088,0.0,0.0,0.0,43.788474955475436
2021-12-05,45.47251626390882,35.951142043454546,53.2122098834647,45.47251626390882,45.47251626390882,-0.6426973243511329,-0.6426973243511329,-0.6426973243511329,0.635267961603947,0.635267961603947,0.635267961603947,-1.27796528595508,-1.27796528595508,-1.27796528595508,0.0,0.0,0.0,44.82981893955769
2021-12-06,45.472834181099515,35.653715851203025,52.65423356676719,45.472834181099515,45.472834181099515,-1.039459020590901,-1.039459020590901,-1.039459020590901,0.21329333042356902,0.21329333042356902,0.21329333042356902,-1.2527523510144698,-1.2527523510144698,-1.2527523510144698,0.0,0.0,0.0,44.43337516050861
2021-12-07,45.47315209829019,36.32604467199875,53.38238416598053,45.47315209829019,45.47315209829019,-0.986790507058547,-0.986790507058547,-0.986790507058547,0.22905847395150078,0.22905847395150078,0.22905847395150078,-1.2158489810100477,-1.2158489810100477,-1.2158489810100477,0.0,0.0,0.0,44.48636159123165
2021-12-08,45.47347001548087,35.92002914969482,52.3658268932438,45.47347001548087,45.47347001548087,-1.3062805288503674,-1.3062805288503674,-1.3062805288503674,-0.13778026545314656,-0.13778026545314656,-0.13778026545314656,-1.1685002633972206,-1.1685002633972206,-1.1685002633972206,0.0,0.0,0.0,44.167189486630505
2021-12-09,45.473787932671556,36.18878798250453,52.71224240567045,45.473787932671556,45.473787932671556,-1.1950467774804867,-1.1950467774804867,-1.1950467774804867,-0.08301648234151773,-0.08301648234151773,-0.08301648234151773,-1.1120302951389691,-1.1120302951389691,-1.1120302951389691,0.0,0.0,0.0,44.27874115519107
2021-12-10,45.474105849862234,34.90395873923078,52.13200746089611,45.474105849862234,45.474105849862234,-1.5112632584969934,-1.5112632584969934,-1.5112632584969934,-0.4634532681646024,-0.4634532681646024,-0.4634532681646024,-1.047809990332391,-1.047809990332391,-1.047809990332391,0.0,0.0,0.0,43.96284259136524
2021-12-11,45.47442376705292,36.33305990777124,52.13125783695459,45.47442376705292,45.47442376705292,-1.3705951305133197,-1.3705951305133197,-1.3705951305133197,-0.39336975002111063,-0.39336975002111063,-0.39336975002111063,-0.9772253804922093,-0.9772253804922093,-0.9772253804922093,0.0,0.0,0.0,44.103828636539596
2021-12-12,45.474741684243604,36.40413369522525,53.86322502108176,45.474741684243604,45.474741684243604,-0.2663791690962607,-0.2663791690962607,-0.2663791690962607,0.6352679616025786,0.6352679616025786,0.6352679616025786,-0.9016471306988393,-0.9016471306988393,-0.9016471306988393,0.0,0.0,0.0,45.20836251514734
2021-12-13,45.47505960143429,36.15715572540176,53.15767348651126,45.47505960143429,45.47505960143429,-0.6091086196910622,-0.6091086196910622,-0.6091086196910622,0.21329333042327536,0.21329333042327536,0.21329333042327536,-0.8224019501143376,-0.8224019501143376,-0.8224019501143376,0.0,0.0,0.0,44.865950981743225
2021-12-14,45.47537751862497,36.6658356148004,53.432950669918455,45.47537751862497,45.47537751862497,-0.5116880417076721,-0.5116880417076721,-0.5116880417076721,0.22905847395186754,0.22905847395186754,0.22905847395186754,-0.7407465156595398,-0.7407465156595398,-0.7407465156595398,0.0,0.0,0.0,44.963689476917295
2021-12-15,45.475695435815645,36.66516341151757,53.10346208383421,45.475695435815645,45.475695435815645,-0.7956247199914289,-0.7956247199914289,-0.7956247199914289,-0.13778026545281352,-0.13778026545281352,-0.13778026545281352,-0.6578444545386154,-0.6578444545386154,-0.6578444545386154,0.0,0.0,0.0,44.680070715824215
2021-12-16,45.47601335300633,36.48391826447786,53.54676663958356,45.47601335300633,45.47601335300633,-0.6577633289710597,-0.6577633289710597,-0.6577633289710597,-0.08301648234057317,-0.08301648234057317,-0.08301648234057317,-0.5747468466304866,-0.5747468466304866,-0.5747468466304866,0.0,0.0,0.0,44.81825002403527
2021-12-17,45.47633127019701,35.97340628198602,52.098812982204954,45.47633127019701,45.47633127019701,-0.9558298818024796,-0.9558298818024796,-0.9558298818024796,-0.4634532681659548,-0.4634532681659548,-0.4634532681659548,-0.492376613636525,-0.492376613636525,-0.492376613636525,0.0,0.0,0.0,44.52050138839453
2021-12-18,45.4766491873877,36.39764726704469,52.650320136865645,45.4766491873877,45.4766491873877,-0.8048868105939478,-0.8048868105939478,-0.8048868105939478,-0.3933697500209017,-0.3933697500209017,-0.3933697500209017,-0.41151706057304627,-0.41151706057304627,-0.41151706057304627,0.0,0.0,0.0,44.67176237679375
2021-12-19,45.47696710457838,37.29145610547527,53.480424095312486,45.47696710457838,45.47696710457838,0.30246323245924905,0.30246323245924905,0.30246323245924905,0.6352679616023845,0.6352679616023845,0.6352679616023845,-0.3328047291431354,-0.3328047291431354,-0.3328047291431354,0.0,0.0,0.0,45.779430337037624
2021-12-20,45.47728502176906,36.927525625142614,54.18836186147768,45.47728502176906,45.47728502176906,-0.04343328381596459,-0.04343328381596459,-0.04343328381596459,0.21329333042300314,0.21329333042300314,0.21329333042300314,-0.25672661423896775,-0.25672661423896775,-0.25672661423896775,0.0,0.0,0.0,45.4338517379531
2021-12-21,45.47760293895974,37.0178274804799,54.13016467643155,45.47760293895974,45.47760293895974,0.045436787154495055,0.045436787154495055,0.045436787154495055,0.22905847395081694,0.22905847395081694,0.22905847395081694,-0.18362168679632188,-0.18362168679632188,-0.18362168679632188,0.0,0.0,0.0,45.523039726114234
2021-12-22,45.47792085615042,37.231241199228286,53.54887900158288,45.47792085615042,45.47792085615042,-0.25146682645645385,-0.25146682645645385,-0.25146682645645385,-0.1377802654524805,-0.1377802654524805,-0.1377802654524805,-0.11368656100397334,-0.11368656100397334,-0.11368656100397334,0.0,0.0,0.0,45.22645402969397
2021-12-23,45.478238773341104,36.430675028910336,53.870835747996495,45.478238773341104,45.478238773341104,-0.13000152615091426,-0.13000152615091426,-0.13000152615091426,-0.08301648233971216,-0.08301648233971216,-0.08301648233971216,-0.0469850438112021,-0.0469850438112021,-0.0469850438112021,0.0,0.0,0.0,45.34823724719019
2021-12-24,45.47855669053179,36.41757444520092,53.4866706766185,45.47855669053179,45.47855669053179,-0.4469144802598702,-0.4469144802598702,-0.4469144802598702,-0.4634532681673071,-0.4634532681673071,-0.4634532681673071,0.016538787907436847,0.016538787907436847,0.016538787907436847,0.0,0.0,0.0,45.03164221027192
2021-12-25,45.478874607722474,36.800821833455984,53.284995411984326,45.478874607722474,45.478874607722474,-0.3163253297705948,-0.3163253297705948,-0.3163253297705948,-0.3933697500194397,-0.3933697500194397,-0.3933697500194397,0.07704442024884488,0.07704442024884488,0.07704442024884488,0.0,0.0,0.0,45.16254927795188
2021-12-26,45.47919252491315,37.83297240641244,54.91216538725887,45.47919252491315,45.47919252491315,0.7700441162506544,0.7700441162506544,0.7700441162506544,0.6352679616028799,0.6352679616028799,0.6352679616028799,0.1347761546477745,0.1347761546477745,0.1347761546477745,0.0,0.0,0.0,46.249236641163805
2021-12-27,45.47951044210383,37.13381649203451,54.080860002194264,45.47951044210383,45.47951044210383,0.40333567829738365,0.40333567829738365,0.40333567829738365,0.21329333042270948,0.21329333042270948,0.21329333042270948,0.19004234787467417,0.19004234787467417,0.19004234787467417,0.0,0.0,0.0,45.88284612040121
2021-12-28,45.479828359294515,37.20639541368213,54.129940297719116,45.479828359294515,45.479828359294515,0.47225172634140516,0.47225172634140516,0.47225172634140516,0.22905847395146953,0.22905847395146953,0.22905847395146953,0.24319325238993564,0.24319325238993564,0.24319325238993564,0.0,0.0,0.0,45.95208008563592
2021-12-29,45.4801462764852,37.06156158616149,54.414901334533205,45.4801462764852,45.4801462764852,0.15681783373535974,0.15681783373535974,0.15681783373535974,-0.13778026545214747,-0.13778026545214747,-0.13778026545214747,0.29459809918750723,0.29459809918750723,0.29459809918750723,0.0,0.0,0.0,45.63696411022056
2021-12-30,45.480464193675886,37.674683720944294,54.08481594984761,45.480464193675886,45.480464193675886,0.2616055966335247,0.2616055966335247,0.2616055966335247,-0.08301648233876766,-0.08301648233876766,-0.08301648233876766,0.3446220789722923,0.3446220789722923,0.3446220789722923,0.0,0.0,0.0,45.74206979030941
2021-12-31,45.48078211086656,37.108946958282715,53.800171289908974,45.48078211086656,45.48078211086656,-0.06984939288913983,-0.06984939288913983,-0.06984939288913983,-0.4634532681655228,-0.4634532681655228,-0.4634532681655228,0.39360387527638296,0.39360387527638296,0.39360387527638296,0.0,0.0,0.0,45.410932717977424
2022-01-01,45.48110002805725,36.7343640508304,54.47589589802621,45.48110002805725,45.48110002805725,0.04846463505952115,0.04846463505952115,0.04846463505952115,-0.3933697500204836,-0.3933697500204836,-0.3933697500204836,0.4418343850800048,0.4418343850800048,0.4418343850800048,0.0,0.0,0.0,45.52956466311677
2022-01-02,45.48141794524793,38.33902280136474,55.53683078306007,45.48141794524793,45.48141794524793,1.124805190772581,1.124805190772581,1.124805190772581,0.6352679616033753,0.6352679616033753,0.6352679616033753,0.4895372291692055,0.4895372291692055,0.4895372291692055,0.0,0.0,0.0,46.60622313602051
2022-01-03,45.481735862438605,37.577881511775196,55.32585081238072,45.481735862438605,45.481735862438605,0.7501449370736065,0.7501449370736065,0.7501449370736065,0.21329333042399823,0.21329333042399823,0.21329333042399823,0.5368516066496084,0.5368516066496084,0.5368516066496084,0.0,0.0,0.0,46.23188079951221
2022-01-04,45.4820537796293,37.29757112078549,54.43397573166804,45.4820537796293,45.4820537796293,0.8128764608819203,0.8128764608819203,0.8128764608819203,0.22905847395112758,0.22905847395112758,0.22905847395112758,0.5838179869307928,0.5838179869307928,0.5838179869307928,0.0,0.0,0.0,46.29493024051122
2022-01-05,45.482371696819975,37.69215215195463,54.37001442379609,45.482371696819975,45.482371696819975,0.492586794094137,0.492586794094137,0.492586794094137,-0.13778026545308078,-0.13778026545308078,-0.13778026545308078,0.630367059547218,0.630367059547218,0.630367059547218,0.0,0.0,0.0,45.97495849091411
2022-01-06,45.48268961401066,37.269078066133574,54.65611051398767,45.48268961401066,45.48268961401066,0.5932957967534009,0.5932957967534009,0.5932957967534009,-0.08301648233939621,-0.08301648233939621,-0.08301648233939621,0.6763122790927971,0.6763122790927971,0.6763122790927971,0.0,0.0,0.0,46.07598541076406
2022-01-07,45.48300753120134,37.77147436319559,54.35618250688887,45.48300753120134,45.48300753120134,0.25789298313347586,0.25789298313347586,0.25789298313347586,-0.46345326816687504,-0.46345326816687504,-0.46345326816687504,0.7213462513003509,0.7213462513003509,0.7213462513003509,0.0,0.0,0.0,45.74090051433481
2022-01-08,45.48332544839202,36.973928322823944,54.39898882384325,45.48332544839202,45.48332544839202,0.3716713589457975,0.3716713589457975,0.3716713589457975,-0.39336975002174357,-0.39336975002174357,-0.39336975002174357,0.7650411089675411,0.7650411089675411,0.7650411089675411,0.0,0.0,0.0,45.85499680733782
2022-01-09,45.4836433655827,38.334551097881615,55.57349848564338,45.4836433655827,45.4836433655827,1.4421208869259705,1.4421208869259705,1.4421208869259705,0.6352679616038707,0.6352679616038707,0.6352679616038707,0.8068529253220998,0.8068529253220998,0.8068529253220998,0.0,0.0,0.0,46.92576425250867
2022-01-10,45.483961282773386,38.516038577502044,55.89412867098617,45.483961282773386,45.483961282773386,1.0594234402489764,1.0594234402489764,1.0594234402489764,0.21329333042370455,0.21329333042370455,0.21329333042370455,0.8461301098252718,0.8461301098252718,0.8461301098252718,0.0,0.0,0.0,46.54338472302236
2022-01-11,45.48427919996407,38.521207592995964,55.15833449580591,45.48427919996407,45.48427919996407,1.1111841036930978,1.1111841036930978,1.1111841036930978,0.22905847395149448,0.22905847395149448,0.22905847395149448,0.8821256297416035,0.8821256297416035,0.8821256297416035,0.0,0.0,0.0,46.59546330365717
2022-01-12,45.48459711715475,37.63360524703526,54.478601656637615,45.48459711715475,45.48459711715475,0.7762325369236462,0.7762325369236462,0.7762325369236462,-0.13778026545148142,-0.13778026545148142,-0.13778026545148142,0.9140128023751276,0.9140128023751276,0.9140128023751276,0.0,0.0,0.0,46.26082965407839
2022-01-13,45.484915034345434,37.91022963495964,54.81432932372689,45.484915034345434,45.484915034345434,0.8578878276439417,0.8578878276439417,0.8578878276439417,-0.08301648234002479,-0.08301648234002479,-0.08301648234002479,0.9409043099839665,0.9409043099839665,0.9409043099839665,0.0,0.0,0.0,46.34280286198938
2022-01-14,45.48523295153611,37.26995436805667,53.817197112715256,45.48523295153611,45.48523295153611,0.4984207360231531,0.4984207360231531,0.4984207360231531,-0.46345326816431415,-0.46345326816431415,-0.46345326816431415,0.9618740041874673,0.9618740041874673,0.9618740041874673,0.0,0.0,0.0,45.98365368755927
2022-01-15,45.4855508687268,37.705905213843,53.853085047272636,45.4855508687268,45.4855508687268,0.5826112411229575,0.5826112411229575,0.5826112411229575,-0.3933697500215345,-0.3933697500215345,-0.3933697500215345,0.975980991144492,0.975980991144492,0.975980991144492,0.0,0.0,0.0,46.06816210984975
2022-01-16,45.48586878591748,38.60227016347567,56.280333224227846,45.48586878591748,45.48586878591748,1.617563386327583,1.617563386327583,1.617563386327583,0.6352679616036766,0.6352679616036766,0.6352679616036766,0.9822954247239063,0.9822954247239063,0.9822954247239063,0.0,0.0,0.0,47.103432172245064
2022-01-17,45.48618670310816,38.25884686475088,55.06348327362319,45.48618670310816,45.48618670310816,1.1932187142073782,1.1932187142073782,1.1932187142073782,0.21329333042342166,0.21329333042342166,0.21329333042342166,0.9799253837839565,0.9799253837839565,0.9799253837839565,0.0,0.0,0.0,46.679405417315536
2022-01-18,45.486504620298845,37.86572472125225,55.2362889089546,45.486504620298845,45.486504620298845,1.1971026467589796,1.1971026467589796,1.1971026467589796,0.22905847395186124,0.22905847395186124,0.22905847395186124,0.9680441728071184,0.9680441728071184,0.9680441728071184,0.0,0.0,0.0,46.68360726705782
2022-01-19,45.48682253748952,37.66258423704991,53.93758429237071,45.48682253748952,45.48682253748952,0.8081370979546292,0.8081370979546292,0.8081370979546292,-0.13778026545266123,-0.13778026545266123,-0.13778026545266123,0.9459173634072903,0.9459173634072903,0.9459173634072903,0.0,0.0,0.0,46.29495963544415
2022-01-20,45.48714045468021,38.206597734622314,54.29116903728282,45.48714045468021,45.48714045468021,0.8299124059099305,0.8299124059099305,0.8299124059099305,-0.08301648234065337,-0.08301648234065337,-0.08301648234065337,0.9129288882505839,0.9129288882505839,0.9129288882505839,0.0,0.0,0.0,46.31705286059014
2022-01-21,45.487458371870886,37.49821572279381,54.10206304160036,45.487458371870886,45.487458371870886,0.4051522407752791,0.4051522407752791,0.4051522407752791,-0.4634532681656665,-0.4634532681656665,-0.4634532681656665,0.8686055089409456,0.8686055089409456,0.8686055089409456,0.0,0.0,0.0,45.892610612646166
2022-01-22,45.48777628906158,37.371344017825784,53.83132777368277,45.48777628906158,45.48777628906158,0.4192692553135715,0.4192692553135715,0.4192692553135715,-0.3933697500200727,-0.3933697500200727,-0.3933697500200727,0.8126390053336441,0.8126390053336441,0.8126390053336441,0.0,0.0,0.0,45.90704554437515
2022-01-23,45.488094206252256,38.81095436406824,55.49549609761485,45.488094206252256,45.488094206252256,1.380173436689768,1.380173436689768,1.380173436689768,0.6352679616048614,0.6352679616048614,0.6352679616048614,0.7449054750849065,0.7449054750849065,0.7449054750849065,0.0,0.0,0.0,46.86826764294202
2022-01-24,45.488412123442934,38.09754599684822,54.64601202603997,45.488412123442934,45.488412123442934,0.8787745186656891,0.8787745186656891,0.8787745186656891,0.2132933304247212,0.2132933304247212,0.2132933304247212,0.6654811882409678,0.6654811882409678,0.6654811882409678,0.0,0.0,0.0,46.36718664210862
2022-01-25,45.48873004063362,37.911027936368306,54.13091139696459,45.48873004063362,45.48873004063362,0.8037129851084898,0.8037129851084898,0.8037129851084898,0.2290584739508106,0.2290584739508106,0.2290584739508106,0.5746545111576793,0.5746545111576793,0.5746545111576793,0.0,0.0,0.0,46.29244302574211
2022-01-26,45.4890479578243,37.13077354253377,54.47372888260745,45.4890479578243,45.4890479578243,0.3351532301918542,0.3351532301918542,0.3351532301918542,-0.1377802654523282,-0.1377802654523282,-0.1377802654523282,0.4729334956441824,0.4729334956441824,0.4729334956441824,0.0,0.0,0.0,45.824201188016154
2022-01-27,45.48936587501498,37.0421455564697,54.429068011954605,45.48936587501498,45.48936587501498,0.2780323388211338,0.2780323388211338,0.2780323388211338,-0.08301648233970882,-0.08301648233970882,-0.08301648233970882,0.36104882116084264,0.36104882116084264,0.36104882116084264,0.0,0.0,0.0,45.76739821383612
2022-01-28,45.48968379220567,37.12874240246916,53.086231713092026,45.48968379220567,45.48968379220567,-0.22350138986990128,-0.22350138986990128,-0.22350138986990128,-0.46345326816545046,-0.46345326816545046,-0.46345326816545046,0.23995187829554923,0.23995187829554923,0.23995187829554923,0.0,0.0,0.0,45.266182402335765
2022-01-29,45.49000170939635,36.49571049401999,53.80750153411721,45.49000170939635,45.49000170939635,-0.28256186163553215,-0.28256186163553215,-0.28256186163553215,-0.39336975001861074,-0.39336975001861074,-0.39336975001861074,0.11080788838307858,0.11080788838307858,0.11080788838307858,0.0,0.0,0.0,45.20743984776082
2022-01-30,45.49031962658703,37.77902445266956,54.7124201187023,45.49031962658703,45.49031962658703,0.6102520263709551,0.6102520263709551,0.6102520263709551,0.6352679616028034,0.6352679616028034,0.6352679616028034,-0.0250159352318483,-0.0250159352318483,-0.0250159352318483,0.0,0.0,0.0,46.10057165295799
2022-01-31,45.49063754377771,37.0847540560358,54.40432074203603,45.49063754377771,45.49063754377771,0.04732626378366833,0.04732626378366833,0.04732626378366833,0.21329333042443824,0.21329333042443824,0.21329333042443824,-0.1659670666407699,-0.1659670666407699,-0.1659670666407699,0.0,0.0,0.0,45.537963807561376
2022-02-01,45.490955460968394,37.26021626515045,54.076106289082944,45.490955460968394,45.490955460968394,-0.08127048464337239,-0.08127048464337239,-0.08127048464337239,0.2290584739511774,0.2290584739511774,0.2290584739511774,-0.3103289585945498,-0.3103289585945498,-0.3103289585945498,0.0,0.0,0.0,45.409684976325025
2022-02-02,45.49127337815907,36.786643125538525,53.72879346837932,45.49127337815907,45.49127337815907,-0.5940268741709988,-0.5940268741709988,-0.5940268741709988,-0.13778026545326152,-0.13778026545326152,-0.13778026545326152,-0.45624660871773715,-0.45624660871773715,-0.45624660871773715,0.0,0.0,0.0,44.89724650398807
2022-02-03,45.491591295349764,36.94811795607253,53.0057646739491,45.491591295349764,45.491591295349764,-0.6847724442039839,-0.6847724442039839,-0.6847724442039839,-0.08301648234191049,-0.08301648234191049,-0.08301648234191049,-0.6017559618620735,-0.6017559618620735,-0.6017559618620735,0.0,0.0,0.0,44.80681885114578
2022-02-04,45.49190921254044,35.838503353188926,52.586857289005735,45.49190921254044,45.49190921254044,-1.2082698839738901,-1.2082698839738901,-1.2082698839738901,-0.46345326816445787,-0.46345326816445787,-0.46345326816445787,-0.7448166158094321,-0.7448166158094321,-0.7448166158094321,0.0,0.0,0.0,44.28363932856655
2022-02-05,45.49222712973113,35.316852830956165,53.299563542385066,45.49222712973113,45.49222712973113,-1.2767169639223985,-1.2767169639223985,-1.2767169639223985,-0.3933697500196547,-0.3933697500196547,-0.3933697500196547,-0.883347213902744,-0.883347213902744,-0.883347213902744,0.0,0.0,0.0,44.21551016580873
2022-02-06,45.492545046921805,36.26544462265863,53.5197450483034,45.492545046921805,45.492545046921805,-0.37999487518351693,-0.37999487518351693,-0.37999487518351693,0.6352679616032988,0.6352679616032988,0.6352679616032988,-1.0152628367868157,-1.0152628367868157,-1.0152628367868157,0.0,0.0,0.0,45.112550171738285
2022-02-07,45.49286296411248,36.02526667865343,52.89839079371705,45.49286296411248,45.49286296411248,-0.9252203176231729,-0.9252203176231729,-0.9252203176231729,0.21329333042414447,0.21329333042414447,0.21329333042414447,-1.1385136480473175,-1.1385136480473175,-1.1385136480473175,0.0,0.0,0.0,44.56764264648931
2022-02-08,45.49318088130317,35.87349373727285,53.27873905396767,45.49318088130317,45.49318088130317,-1.0220655325821244,-1.0220655325821244,-1.0220655325821244,0.2290584739508355,0.2290584739508355,0.2290584739508355,-1.2511240065329599,-1.2511240065329599,-1.2511240065329599,0.0,0.0,0.0,44.47111534872104
2022-02-09,45.49349879849385,36.170601326238305,52.870235790624115,45.49349879849385,45.49349879849385,-1.4890114981090774,-1.4890114981090774,-1.4890114981090774,-0.1377802654541948,-0.1377802654541948,-0.1377802654541948,-1.3512312326548828,-1.3512312326548828,-1.3512312326548828,0.0,0.0,0.0,44.004487300384774
2022-02-10,45.49381671568453,35.70127697379896,52.481484717369284,45.49381671568453,45.49381671568453,-1.5201396901335988,-1.5201396901335988,-1.5201396901335988,-0.08301648233947637,-0.08301648233947637,-0.08301648233947637,-1.4371232077941225,-1.4371232077941225,-1.4371232077941225,0.0,0.0,0.0,43.973677025550934
2022-02-11,45.49414230902856,34.64549202157933,51.9730093373116,45.49414230902856,45.49414230902856,-1.9707272635858344,-1.9707272635858344,-1.9707272635858344,-0.4634532681642419,-0.4634532681642419,-0.4634532681642419,-1.5072739954215926,-1.5072739954215926,-1.5072739954215926,0.0,0.0,0.0,43.523415045442725
2022-02-12,45.49446790237259,35.603534689586326,52.20676866738617,45.49446790237259,45.49446790237259,-1.9537464497821733,-1.9537464497821733,-1.9537464497821733,-0.39336975001819274,-0.39336975001819274,-0.39336975001819274,-1.5603766997639805,-1.5603766997639805,-1.5603766997639805,0.0,0.0,0.0,43.54072145259042
2022-02-13,45.49479349571662,35.88137213997816,53.03279170830626,45.49479349571662,45.49479349571662,-0.9601048608076354,-0.9601048608076354,-0.9601048608076354,0.6352679616031048,0.6352679616031048,0.6352679616031048,-1.5953728224107402,-1.5953728224107402,-1.5953728224107402,0.0,0.0,0.0,44.53468863490899
2022-02-14,45.49511908906064,35.80587111252023,52.074091892026345,45.49511908906064,45.49511908906064,-1.3981841079861357,-1.3981841079861357,-1.3981841079861357,0.21329333042386164,0.21329333042386164,0.21329333042386164,-1.6114774384099972,-1.6114774384099972,-1.6114774384099972,0.0,0.0,0.0,44.096934981074504
2022-02-15,45.49544468240467,36.01493043975595,52.401461396444674,45.49544468240467,45.49544468240467,-1.379141116138075,-1.379141116138075,-1.379141116138075,0.22905847395148812,0.22905847395148812,0.22905847395148812,-1.6081995900895634,-1.6081995900895634,-1.6081995900895634,0.0,0.0,0.0,44.116303566266595
2022-02-16,45.4957702757487,34.9247120775372,51.91756958872085,45.4957702757487,45.4957702757487,-1.7231376529677678,-1.7231376529677678,-1.7231376529677678,-0.13778026545259545,-0.13778026545259545,-0.13778026545259545,-1.5853573875151725,-1.5853573875151725,-1.5853573875151725,0.0,0.0,0.0,43.77263262278093
2022-02-17,45.49609586909273,35.19240391850828,51.74738830583349,45.49609586909273,45.49609586909273,-1.6261038898215194,-1.6261038898215194,-1.6261038898215194,-0.08301648234167805,-0.08301648234167805,-0.08301648234167805,-1.5430874074798415,-1.5430874074798415,-1.5430874074798415,0.0,0.0,0.0,43.869991979271205
2022-02-18,45.49642146243675,35.08117740343949,52.106912076893494,45.49642146243675,45.49642146243675,-1.9453013642121755,-1.9453013642121755,-1.9453013642121755,-0.4634532681655942,-0.4634532681655942,-0.4634532681655942,-1.4818480960465814,-1.4818480960465814,-1.4818480960465814,0.0,0.0,0.0,43.55112009822457
2022-02-19,45.49674705578078,35.691851002710926,51.99363083901177,45.49674705578078,45.49674705578078,-1.7957867507246366,-1.7957867507246366,-1.7957867507246366,-0.3933697500179837,-0.3933697500179837,-0.3933697500179837,-1.4024170007066528,-1.4024170007066528,-1.4024170007066528,0.0,0.0,0.0,43.70096030505614
2022-02-20,45.49707264912481,36.58681403136006,53.50587075397093,45.49707264912481,45.49707264912481,-0.6706138229951408,-0.6706138229951408,-0.6706138229951408,0.6352679616029108,0.6352679616029108,0.6352679616029108,-1.3058817845980517,-1.3058817845980517,-1.3058817845980517,0.0,0.0,0.0,44.82645882612967
2022-02-21,45.49739824246884,37.19637207719647,53.24762690363903,45.49739824246884,45.49739824246884,-0.9803317739252891,-0.9803317739252891,-0.9803317739252891,0.213293330423568,0.213293330423568,0.213293330423568,-1.193625104348857,-1.193625104348857,-1.193625104348857,0.0,0.0,0.0,44.517066468543554
2022-02-22,45.49772383581287,36.074236120297165,53.43895347219652,45.49772383581287,45.49772383581287,-0.8382450882132249,-0.8382450882132249,-0.8382450882132249,0.2290584739511462,0.2290584739511462,0.2290584739511462,-1.0673035621643712,-1.0673035621643712,-1.0673035621643712,0.0,0.0,0.0,44.65947874759964
2022-02-23,45.498049429156886,36.26470064981524,52.64684039537587,45.498049429156886,45.498049429156886,-1.066601334521207,-1.066601334521207,-1.066601334521207,-0.13778026545352878,-0.13778026545352878,-0.13778026545352878,-0.9288210690676784,-0.9288210690676784,-0.9288210690676784,0.0,0.0,0.0,44.43144809463568
2022-02-24,45.498375022500916,36.2885990884138,53.072678134234444,45.498375022500916,45.498375022500916,-0.8633135592275859,-0.8633135592275859,-0.8633135592275859,-0.08301648234073351,-0.08301648234073351,-0.08301648234073351,-0.7802970768868523,-0.7802970768868523,-0.7802970768868523,0.0,0.0,0.0,44.63506146327333
2022-02-25,45.498700615844946,35.85374981774979,53.29950249259332,45.498700615844946,45.498700615844946,-1.0874835172494013,-1.0874835172494013,-1.0874835172494013,-0.4634532681653782,-0.4634532681653782,-0.4634532681653782,-0.624030249084023,-0.624030249084023,-0.624030249084023,0.0,0.0,0.0,44.41121709859554
2022-02-26,45.499026209188976,36.090085412536574,52.422347372882555,45.499026209188976,45.499026209188976,-0.8558279923045805,-0.8558279923045805,-0.8558279923045805,-0.39336975002049657,-0.39336975002049657,-0.39336975002049657,-0.4624582422840839,-0.4624582422840839,-0.4624582422840839,0.0,0.0,0.0,44.64319821688439
2022-02-27,45.499351802533,37.65820609597425,53.642627156536264,45.499351802533,45.499351802533,0.3371536025314349,0.3371536025314349,0.3371536025314349,0.6352679616029209,0.6352679616029209,0.6352679616029209,-0.29811435907148603,-0.29811435907148603,-0.29811435907148603,0.0,0.0,0.0,45.836505405064436
2022-02-28,45.49967739587703,36.89309729800733,53.9648981222149,45.49967739587703,45.49967739587703,0.07971142415385393,0.07971142415385393,0.07971142415385393,0.2132933304232957,0.2132933304232957,0.2132933304232957,-0.1335819062694418,-0.1335819062694418,-0.1335819062694418,0.0,0.0,0.0,45.579388820030886
2022-03-01,45.50000298922106,36.552472670973266,54.81623806616313,45.50000298922106,45.50000298922106,0.257611324245807,0.257611324245807,0.257611324245807,0.22905847395151305,0.22905847395151305,0.22905847395151305,0.028552850294293976,0.028552850294293976,0.028552850294293976,0.0,0.0,0.0,45.75761431346687
2022-03-02,45.50032858256509,36.94659374844374,53.79103822294915,45.50032858256509,45.50032858256509,0.047967939517006064,0.047967939517006064,0.047967939517006064,-0.13778026545319577,-0.13778026545319577,-0.13778026545319577,0.18574820497020184,0.18574820497020184,0.18574820497020184,0.0,0.0,0.0,45.5482965220821
2022-03-03,45.50065417590911,37.710049546656286,54.1670944086664,45.50065417590911,45.50065417590911,0.25253757421434875,0.25253757421434875,0.25253757421434875,-0.08301648233987251,-0.08301648233987251,-0.08301648233987251,0.33555405655422127,0.33555405655422127,0.33555405655422127,0.0,0.0,0.0,45.75319175012346
2022-03-04,45.50097976925314,37.60275978295342,54.26782805765843,45.50097976925314,45.50097976925314,0.012204261169569904,0.012204261169569904,0.012204261169569904,-0.46345326816673055,-0.46345326816673055,-0.46345326816673055,0.47565752933630046,0.47565752933630046,0.47565752933630046,0.0,0.0,0.0,45.513184030422714
2022-03-05,45.501305362597165,37.30385152253601,53.89916665073273,45.501305362597165,45.501305362597165,0.21055649323175044,0.21055649323175044,0.21055649323175044,-0.39336975002028757,-0.39336975002028757,-0.39336975002028757,0.603926243252038,0.603926243252038,0.603926243252038,0.0,0.0,0.0,45.711861855828914
2022-03-06,45.501630955941195,38.485396989603714,54.93656209130706,45.501630955941195,45.501630955941195,1.353716307500812,1.353716307500812,1.353716307500812,0.6352679616034163,0.6352679616034163,0.6352679616034163,0.7184483458973958,0.7184483458973958,0.7184483458973958,0.0,0.0,0.0,46.855347263442006
2022-03-07,45.501956549285225,38.635222806380966,54.81438234275848,45.501956549285225,45.501956549285225,1.0308618091407469,1.0308618091407469,1.0308618091407469,0.21329333042300208,0.21329333042300208,0.21329333042300208,0.8175684787177449,0.8175684787177449,0.8175684787177449,0.0,0.0,0.0,46.53281835842597
2022-03-08,45.50228214262925,38.535416224663045,54.508956280208224,45.50228214262925,45.50228214262925,1.1289774012084899,1.1289774012084899,1.1289774012084899,0.22905847395117113,0.22905847395117113,0.22905847395117113,0.8999189272573187,0.8999189272573187,0.8999189272573187,0.0,0.0,0.0,46.631259543837736
2022-03-09,45.50260773597328,38.086088323062604,54.459367815538236,45.50260773597328,45.50260773597328,0.8266650339981961,0.8266650339981961,0.8266650339981961,-0.13778026545310917,-0.13778026545310917,-0.13778026545310917,0.9644452994513053,0.9644452994513053,0.9644452994513053,0.0,0.0,0.0,46.329272769971475
2022-03-10,45.50293332931731,38.15416523628881,54.947972377671114,45.50293332931731,45.50293332931731,0.9274097023137773,0.9274097023137773,0.9274097023137773,-0.08301648234050107,-0.08301648234050107,-0.08301648234050107,1.0104261846542784,1.0104261846542784,1.0104261846542784,0.0,0.0,0.0,46.43034303163108
2022-03-11,45.50325892266134,37.60019397804859,54.950214494479425,45.50325892266134,45.50325892266134,0.574033099043438,0.574033099043438,0.574033099043438,-0.46345326816494614,-0.46345326816494614,-0.46345326816494614,1.0374863672083843,1.0374863672083843,1.0374863672083843,0.0,0.0,0.0,46.07729202170478
2022-03-12,45.50358451600536,37.43660591779933,54.215793976153726,45.50358451600536,45.50358451600536,0.6522335493556757,0.6522335493556757,0.6522335493556757,-0.3933697500188256,-0.3933697500188256,-0.3933697500188256,1.0456032993745015,1.0456032993745015,1.0456032993745015,0.0,0.0,0.0,46.15581806536104
2022-03-13,45.50391010934939,38.95505056369692,56.10054124460772,45.50391010934939,45.50391010934939,1.6703746381801774,1.6703746381801774,1.6703746381801774,0.6352679616032222,0.6352679616032222,0.6352679616032222,1.035106676576955,1.035106676576955,1.035106676576955,0.0,0.0,0.0,47.17428474752957
2022-03-14,45.50423570269342,38.314370902105146,55.15470222239142,45.50423570269342,45.50423570269342,1.2199644306969581,1.2199644306969581,1.2199644306969581,0.2132933304242908,0.2132933304242908,0.2132933304242908,1.0066711002726674,1.0066711002726674,1.0066711002726674,0.0,0.0,0.0,46.72420013339038
2022-03-15,45.504561296037444,38.41494045098465,55.22422946829318,45.504561296037444,45.504561296037444,1.1903604311903278,1.1903604311903278,1.1903604311903278,0.22905847395153792,0.22905847395153792,0.22905847395153792,0.9613019572387899,0.9613019572387899,0.9613019572387899,0.0,0.0,0.0,46.69492172722777
2022-03-16,45.504886889381474,37.76734735538935,53.9381094612476,45.504886889381474,45.504886889381474,0.7625345201839742,0.7625345201839742,0.7625345201839742,-0.13778026545277616,-0.13778026545277616,-0.13778026545277616,0.9003147856367503,0.9003147856367503,0.9003147856367503,0.0,0.0,0.0,46.26742140956545
2022-03-17,45.5052124827255,37.2798396193866,54.47714530199854,45.5052124827255,45.5052124827255,0.7422920523777321,0.7422920523777321,0.7422920523777321,-0.08301648234112964,-0.08301648234112964,-0.08301648234112964,0.8253085347188618,0.8253085347188618,0.8253085347188618,0.0,0.0,0.0,46.24750453510323
2022-03-18,45.50553807606953,37.83339628535019,55.75854146700827,45.50553807606953,45.50553807606953,0.2746799853761243,0.2746799853761243,0.2746799853761243,-0.46345326816629845,-0.46345326816629845,-0.46345326816629845,0.7381332535424228,0.7381332535424228,0.7381332535424228,0.0,0.0,0.0,45.78021806144565
2022-03-19,45.50586366941356,37.628454825833764,54.21408130975473,45.50586366941356,45.50586366941356,0.2474831116756212,0.2474831116756212,0.2474831116756212,-0.3933697500186166,-0.3933697500186166,-0.3933697500186166,0.6408528616942378,0.6408528616942378,0.6408528616942378,0.0,0.0,0.0,45.75334678108918
2022-03-20,45.50618926275759,38.28363284264095,55.19768869800448,45.50618926275759,45.50618926275759,1.1709717207615482,1.1709717207615482,1.1709717207615482,0.6352679616030283,0.6352679616030283,0.6352679616030283,0.5357037591585196,0.5357037591585196,0.5357037591585196,0.0,0.0,0.0,46.67716098351914
2022-03-21,45.50651485610161,37.5630016599127,53.855331031095034,45.50651485610161,45.50651485610161,0.6383434512224225,0.6383434512224225,0.6383434512224225,0.2132933304240079,0.2132933304240079,0.2132933304240079,0.42505012079841464,0.42505012079841464,0.42505012079841464,0.0,0.0,0.0,46.144858307324036
2022-03-22,45.50684044944564,37.754412546225154,54.508828715035136,45.50684044944564,45.50684044944564,0.5403952653666971,0.5403952653666971,0.5403952653666971,0.22905847395048728,0.22905847395048728,0.22905847395048728,0.31133679141620973,0.31133679141620973,0.31133679141620973,0.0,0.0,0.0,46.04723571481234
2022-03-23,45.50716604278967,36.80123012960052,54.51338942919358,45.50716604278967,45.50716604278967,0.05926048294649681,0.05926048294649681,0.05926048294649681,-0.13778026545244315,-0.13778026545244315,-0.13778026545244315,0.19704074839893995,0.19704074839893995,0.19704074839893995,0.0,0.0,0.0,45.56642652573617
2022-03-24,45.5074916361337,37.12731720690325,53.85417410603777,45.5074916361337,45.5074916361337,0.0016056470301239827,0.0016056470301239827,0.0016056470301239827,-0.08301648234018512,-0.08301648234018512,-0.08301648234018512,0.0846221293703091,0.0846221293703091,0.0846221293703091,0.0,0.0,0.0,45.509097283163825
2022-03-25,45.507817229477716,36.5810226216962,53.5287003821291,45.507817229477716,45.507817229477716,-0.486977436877283,-0.486977436877283,-0.486977436877283,-0.46345326816530585,-0.46345326816530585,-0.46345326816530585,-0.0235241687119771,-0.0235241687119771,-0.0235241687119771,0.0,0.0,0.0,45.020839792600434
2022-03-26,45.508142822821746,36.10644905664243,53.072832651190325,45.508142822821746,45.508142822821746,-0.518485075245632,-0.518485075245632,-0.518485075245632,-0.39336975002112956,-0.39336975002112956,-0.39336975002112956,-0.12511532522450253,-0.12511532522450253,-0.12511532522450253,0.0,0.0,0.0,44.98965774757612
2022-03-27,45.508468416165776,37.683473838439504,55.19272156900621,45.508468416165776,45.508468416165776,0.41724305499393316,0.41724305499393316,0.41724305499393316,0.6352679616035238,0.6352679616035238,0.6352679616035238,-0.21802490660959062,-0.21802490660959062,-0.21802490660959062,0.0,0.0,0.0,45.92571147115971
2022-03-28,45.508794009509806,37.27892497460277,54.76966391287358,45.508794009509806,45.508794009509806,-0.08703041688944273,-0.08703041688944273,-0.08703041688944273,0.213293330423725,0.213293330423725,0.213293330423725,-0.30032374731316774,-0.30032374731316774,-0.30032374731316774,0.0,0.0,0.0,45.421763592620366
2022-03-29,45.509119602853836,37.32376478969709,53.632261216239336,45.509119602853836,45.509119602853836,-0.14125809657547334,-0.14125809657547334,-0.14125809657547334,0.22905847395085413,0.22905847395085413,0.22905847395085413,-0.37031657052632744,-0.37031657052632744,-0.37031657052632744,0.0,0.0,0.0,45.367861506278366
2022-03-30,45.50944519619786,37.01737807005598,53.48293302091157,45.50944519619786,45.50944519619786,-0.564353876205419,-0.564353876205419,-0.564353876205419,-0.13778026545235667,-0.13778026545235667,-0.13778026545235667,-0.4265736107530622,-0.4265736107530622,-0.4265736107530622,0.0,0.0,0.0,44.94509131999244
2022-03-31,45.50977078954189,35.937567024391676,53.659560768694725,45.50977078954189,45.50977078954189,-0.5509730909858654,-0.5509730909858654,-0.5509730909858654,-0.08301648233924057,-0.08301648233924057,-0.08301648233924057,-0.4679566086466248,-0.4679566086466248,-0.4679566086466248,0.0,0.0,0.0,44.958797698556026
2022-04-01,45.51009638288592,35.53019936086618,52.92081701628591,45.51009638288592,45.51009638288592,-0.9570919387147945,-0.9570919387147945,-0.9570919387147945,-0.4634532681650899,-0.4634532681650899,-0.4634532681650899,-0.4936386705497047,-0.4936386705497047,-0.4936386705497047,0.0,0.0,0.0,44.55300444417112
2022-04-02,45.51042197622995,36.7716975771673,53.271796639207835,45.51042197622995,45.51042197622995,-0.8964873680995611,-0.8964873680995611,-0.8964873680995611,-0.39336975002217345,-0.39336975002217345,-0.39336975002217345,-0.5031176180773876,-0.5031176180773876,-0.5031176180773876,0.0,0.0,0.0,44.613934608130386
2022-04-03,45.51074756957397,37.423581981633816,54.05151330090847,45.51074756957397,45.51074756957397,0.1390453676937556,0.1390453676937556,0.1390453676937556,0.6352679616040191,0.6352679616040191,0.6352679616040191,-0.4962225939102635,-0.4962225939102635,-0.4962225939102635,0.0,0.0,0.0,45.649792937267726
2022-04-04,45.511073162917995,36.60710783547422,52.93355268604439,45.511073162917995,45.511073162917995,-0.25982050518239685,-0.25982050518239685,-0.25982050518239685,0.2132933304234313,0.2132933304234313,0.2132933304234313,-0.47311383560582815,-0.47311383560582815,-0.47311383560582815,0.0,0.0,0.0,45.2512526577356
2022-04-05,45.511398756262025,36.83099068440488,54.07289246697171,45.511398756262025,45.511398756262025,-0.20521720246305428,-0.20521720246305428,-0.20521720246305428,0.22905847395150666,0.22905847395150666,0.22905847395150666,-0.4342756764145609,-0.4342756764145609,-0.4342756764145609,0.0,0.0,0.0,45.30618155379897
2022-04-06,45.511724349606055,36.175586055918494,52.79529441781025,45.511724349606055,45.511724349606055,-0.5182832429728208,-0.5182832429728208,-0.5182832429728208,-0.1377802654532899,-0.1377802654532899,-0.1377802654532899,-0.380502977519531,-0.380502977519531,-0.380502977519531,0.0,0.0,0.0,44.993441106633234
2022-04-07,45.512049942950085,37.18753146734175,54.09620000211779,45.512049942950085,45.512049942950085,-0.39589781886319264,-0.39589781886319264,-0.39589781886319264,-0.08301648233986914,-0.08301648233986914,-0.08301648233986914,-0.3128813365233235,-0.3128813365233235,-0.3128813365233235,0.0,0.0,0.0,45.116152124086895
2022-04-08,45.51237553629411,36.61519157095037,53.04712175121053,45.51237553629411,45.51237553629411,-0.6962148174208156,-0.6962148174208156,-0.6962148174208156,-0.46345326816487387,-0.46345326816487387,-0.46345326816487387,-0.23276154925594172,-0.23276154925594172,-0.23276154925594172,0.0,0.0,0.0,44.81616071887329
2022-04-09,45.51270112963814,36.84423230988779,53.49965723964047,45.51270112963814,45.51270112963814,-0.5350986730901569,-0.5350986730901569,-0.5350986730901569,-0.3933697500207115,-0.3933697500207115,-0.3933697500207115,-0.14172892306944532,-0.14172892306944532,-0.14172892306944532,0.0,0.0,0.0,44.977602456547984
2022-04-10,45.51302672298217,37.82422909911107,54.70235447716996,45.51302672298217,45.51302672298217,0.5936998145541849,0.5936998145541849,0.5936998145541849,0.6352679616026504,0.6352679616026504,0.6352679616026504,-0.0415681470484656,-0.0415681470484656,-0.0415681470484656,0.0,0.0,0.0,46.10672653753635
2022-04-11,45.5133523163262,37.03577768009872,53.760369831220046,45.5133523163262,45.5133523163262,0.27906881487737917,0.27906881487737917,0.27906881487737917,0.21329333042313764,0.21329333042313764,0.21329333042313764,0.06577548445424153,0.06577548445424153,0.06577548445424153,0.0,0.0,0.0,45.792421131203575
2022-04-12,45.51367790967022,38.00758692226709,54.24627307727681,45.51367790967022,45.51367790967022,0.40729609976993003,0.40729609976993003,0.40729609976993003,0.22905847395116474,0.22905847395116474,0.22905847395116474,0.1782376258187653,0.1782376258187653,0.1782376258187653,0.0,0.0,0.0,45.92097400944015
2022-04-13,45.51400350301425,37.24087231268528,54.39676392142467,45.51400350301425,45.51400350301425,0.1558980242710543,0.1558980242710543,0.1558980242710543,-0.13778026545169053,-0.13778026545169053,-0.13778026545169053,0.29367828972274485,0.29367828972274485,0.29367828972274485,0.0,0.0,0.0,45.669901527285305
2022-04-14,45.514329096358274,36.72258932244452,54.15498439973566,45.514329096358274,45.514329096358274,0.3269096761285286,0.3269096761285286,0.3269096761285286,-0.08301648234049772,-0.08301648234049772,-0.08301648234049772,0.40992615846902636,0.40992615846902636,0.40992615846902636,0.0,0.0,0.0,45.841238772486804
2022-04-15,45.514654689702304,37.51156143729715,53.86744659539268,45.514654689702304,45.514654689702304,0.06136956496140072,0.06136956496140072,0.06136956496140072,-0.46345326816622623,-0.46345326816622623,-0.46345326816622623,0.5248228331276269,0.5248228331276269,0.5248228331276269,0.0,0.0,0.0,45.57602425466371
2022-04-16,45.514980283046334,37.02847628127562,53.39894056146054,45.514980283046334,45.514980283046334,0.24289631818207308,0.24289631818207308,0.24289631818207308,-0.3933697500205025,-0.3933697500205025,-0.3933697500205025,0.6362660682025756,0.6362660682025756,0.6362660682025756,0.0,0.0,0.0,45.75787660122841
2022-04-17,45.51530587639036,38.54951081599582,55.573970783419185,45.51530587639036,45.51530587639036,1.3775190342496815,1.3775190342496815,1.3775190342496815,0.6352679616024565,0.6352679616024565,0.6352679616024565,0.7422510726472249,0.7422510726472249,0.7422510726472249,0.0,0.0,0.0,46.89282491064004
2022-04-18,45.51563146973439,38.430810336437986,55.56459610168033,45.51563146973439,45.51563146973439,1.0542023421767206,1.0542023421767206,1.0542023421767206,0.21329333042285467,0.21329333042285467,0.21329333042285467,0.8409090117538658,0.8409090117538658,0.8409090117538658,0.0,0.0,0.0,46.56983381191111
2022-04-19,45.51595706307842,37.938096284895714,54.96266175364363,45.51595706307842,45.51595706307842,1.1596003913434327,1.1596003913434327,1.1596003913434327,0.22905847395082285,0.22905847395082285,0.22905847395082285,0.9305419173926097,0.9305419173926097,0.9305419173926097,0.0,0.0,0.0,46.67555745442185
2022-04-20,45.51628265642245,37.63401213949051,55.12181037532116,45.51628265642245,45.51628265642245,0.8718730390107312,0.8718730390107312,0.8718730390107312,-0.1377802654526239,-0.1377802654526239,-0.1377802654526239,1.009653304463355,1.009653304463355,1.009653304463355,0.0,0.0,0.0,46.38815569543318
2022-04-21,45.51660824976648,38.45254476146307,54.94092039561078,45.51660824976648,45.51660824976648,0.9939574147205469,0.9939574147205469,0.9939574147205469,-0.08301648233963671,-0.08301648233963671,-0.08301648233963671,1.0769738970601834,1.0769738970601834,1.0769738970601834,0.0,0.0,0.0,46.510565664487025
2022-04-22,45.51693384658796,37.66279064969641,55.04695240017031,45.51693384658796,45.51693384658796,0.6680287180226927,0.6680287180226927,0.6680287180226927,-0.4634532681636653,-0.4634532681636653,-0.4634532681636653,1.131481986186358,1.131481986186358,1.131481986186358,0.0,0.0,0.0,46.18496256461065
2022-04-23,45.51725944340945,37.902825109957696,54.11924759688164,45.51725944340945,45.51725944340945,0.7790483190026061,0.7790483190026061,0.7790483190026061,-0.3933697500190406,-0.3933697500190406,-0.3933697500190406,1.1724180690216468,1.1724180690216468,1.1724180690216468,0.0,0.0,0.0,46.296307762412056
2022-04-24,45.517585040230934,38.44097878782244,56.041367050743546,45.517585040230934,45.517585040230934,1.8345615162877151,1.8345615162877151,1.8345615162877151,0.6352679616036413,0.6352679616036413,0.6352679616036413,1.1992935546840737,1.1992935546840737,1.1992935546840737,0.0,0.0,0.0,47.35214655651865
2022-04-25,45.517910637052424,38.52828287349404,55.517851439013675,45.517910637052424,45.517910637052424,1.425186790330069,1.425186790330069,1.425186790330069,0.21329333042257176,0.21329333042257176,0.21329333042257176,1.2118934599074973,1.2118934599074973,1.2118934599074973,0.0,0.0,0.0,46.94309742738249
2022-04-26,45.51823623387391,38.461434677155204,55.44285386654877,45.51823623387391,45.51823623387391,1.4393316307409156,1.4393316307409156,1.4393316307409156,0.22905847395147547,0.22905847395147547,0.22905847395147547,1.2102731567894403,1.2102731567894403,1.2102731567894403,0.0,0.0,0.0,46.95756786461482
2022-04-27,45.5185618306954,38.09356145851549,55.15011649872003,45.5185618306954,45.5185618306954,1.05696910498798,1.05696910498798,1.05696910498798,-0.1377802654522909,-0.1377802654522909,-0.1377802654522909,1.194749370440271,1.194749370440271,1.194749370440271,0.0,0.0,0.0,46.575530935683375
2022-04-28,45.51888742751688,38.069843756928066,54.91137724439832,45.51888742751688,45.51888742751688,1.0828692714643915,1.0828692714643915,1.0828692714643915,-0.08301648233869216,-0.08301648233869216,-0.08301648233869216,1.1658857538030838,1.1658857538030838,1.1658857538030838,0.0,0.0,0.0,46.60175669898127
2022-04-29,45.51921302433837,37.938124579237616,54.78520280404399,45.51921302433837,45.51921302433837,0.6610202189026755,0.6610202189026755,0.6610202189026755,-0.4634532681650176,-0.4634532681650176,-0.4634532681650176,1.1244734870676931,1.1244734870676931,1.1244734870676931,0.0,0.0,0.0,46.18023324324105
2022-04-30,45.51953862115985,38.22991454332704,54.29439656243769,45.51953862115985,45.51953862115985,0.6781377071339626,0.6781377071339626,0.6781377071339626,-0.39336975001883157,-0.39336975001883157,-0.39336975001883157,1.0715074571527943,1.0715074571527943,1.0715074571527943,0.0,0.0,0.0,46.19767632829382
2022-05-01,45.519864217981336,38.52963763080466,56.24572409527676,45.519864217981336,45.519864217981336,1.6434266278323517,1.6434266278323517,1.6434266278323517,0.6352679616034472,0.6352679616034472,0.6352679616034472,1.0081586662289046,1.0081586662289046,1.0081586662289046,0.0,0.0,0.0,47.16329084581369
2022-05-02,45.520189814802826,38.53459655607479,55.41038155113632,45.520189814802826,45.520189814802826,1.1490369254351107,1.1490369254351107,1.1490369254351107,0.2132933304238605,0.2132933304238605,0.2132933304238605,0.9357435950112503,0.9357435950112503,0.9357435950112503,0.0,0.0,0.0,46.66922674023794
2022-05-03,45.52051541162431,37.77428783119812,54.46599313611496,45.52051541162431,45.52051541162431,1.0847497788696594,1.0847497788696594,1.0847497788696594,0.22905847395113355,0.22905847395113355,0.22905847395113355,0.855691304918526,0.855691304918526,0.855691304918526,0.0,0.0,0.0,46.60526519049397
2022-05-04,45.5208410084458,37.70415810625707,54.528049867341416,45.5208410084458,45.5208410084458,0.6317288364171765,0.6317288364171765,0.6317288364171765,-0.13778026545322417,-0.13778026545322417,-0.13778026545322417,0.7695091018704007,0.7695091018704007,0.7695091018704007,0.0,0.0,0.0,46.152569844862974
2022-05-05,45.52116660526728,37.9357412066862,54.05687282688935,45.52116660526728,45.52116660526728,0.5957311204245976,0.5957311204245976,0.5957311204245976,-0.08301648234089383,-0.08301648234089383,-0.08301648234089383,0.6787476027654915,0.6787476027654915,0.6787476027654915,0.0,0.0,0.0,46.11689772569188
2022-05-06,45.52149220208877,37.60108387192151,54.14705420372954,45.52149220208877,45.52149220208877,0.12151277508610538,0.12151277508610538,0.12151277508610538,-0.4634532681632333,-0.4634532681632333,-0.4634532681632333,0.5849660432493387,0.5849660432493387,0.5849660432493387,0.0,0.0,0.0,45.643004977174876
2022-05-07,45.521817798910256,37.15248818411488,54.13984601598457,45.521817798910256,45.521817798910256,0.09632889251428503,0.09632889251428503,0.09632889251428503,-0.39336975002134444,-0.39336975002134444,-0.39336975002134444,0.48969864253562945,0.48969864253562945,0.48969864253562945,0.0,0.0,0.0,45.61814669142454
2022-05-08,45.522143395731746,38.10343955267792,55.397192733373345,45.522143395731746,45.522143395731746,1.0296907601436973,1.0296907601436973,1.0296907601436973,0.6352679616039426,0.6352679616039426,0.6352679616039426,0.39442279853975454,0.39442279853975454,0.39442279853975454,0.0,0.0,0.0,46.55183415587544
2022-05-09,45.52246899255323,37.51265127385256,54.72730971965113,45.52246899255323,45.52246899255323,0.5138231560751665,0.5138231560751665,0.5138231560751665,0.21329333042357757,0.21329333042357757,0.21329333042357757,0.3005298256515889,0.3005298256515889,0.3005298256515889,0.0,0.0,0.0,46.0362921486284
2022-05-10,45.52279458937472,37.04618436263504,54.12387060761535,45.52279458937472,45.52279458937472,0.43835734378334834,0.43835734378334834,0.43835734378334834,0.22905847395150036,0.22905847395150036,0.22905847395150036,0.20929886983184798,0.20929886983184798,0.20929886983184798,0.0,0.0,0.0,45.961151933158064
2022-05-11,45.5231201861962,37.451929675525015,53.6340614192285,45.5231201861962,45.5231201861962,-0.015905721984797404,-0.015905721984797404,-0.015905721984797404,-0.13778026545289118,-0.13778026545289118,-0.13778026545289118,0.12187454346809377,0.12187454346809377,0.12187454346809377,0.0,0.0,0.0,45.5072144642114
2022-05-12,45.52344578301769,37.02882679998098,54.02762608434829,45.52344578301769,45.52344578301769,-0.04376776433986523,-0.04376776433986523,-0.04376776433986523,-0.08301648233994931,-0.08301648233994931,-0.08301648233994931,0.03924871800008409,0.03924871800008409,0.03924871800008409,0.0,0.0,0.0,45.479678018677824
2022-05-13,45.523771379839175,36.589230781608094,53.471822776131404,45.523771379839175,45.523771379839175,-0.5012064696478297,-0.5012064696478297,-0.5012064696478297,-0.46345326816458554,-0.46345326816458554,-0.46345326816458554,-0.03775320148324399,-0.03775320148324399,-0.03775320148324399,0.0,0.0,0.0,45.02256491019135
2022-05-14,45.52409697666067,36.53364980234561,54.00835374409278,45.52409697666067,45.52409697666067,-0.5018510657552814,-0.5018510657552814,-0.5018510657552814,-0.39336975002113544,-0.39336975002113544,-0.39336975002113544,-0.10848131573414589,-0.10848131573414589,-0.10848131573414589,0.0,0.0,0.0,45.02224591090539
2022-05-15,45.524422573482155,37.54898324318723,54.55336457071448,45.524422573482155,45.524422573482155,0.4628024570427916,0.4628024570427916,0.4628024570427916,0.6352679616037487,0.6352679616037487,0.6352679616037487,-0.17246550456095708,-0.17246550456095708,-0.17246550456095708,0.0,0.0,0.0,45.98722503052495
2022-05-16,45.52474817030364,37.56164305403748,53.84034894040241,45.52474817030364,45.52474817030364,-0.01612164672041213,-0.01612164672041213,-0.01612164672041213,0.21329333042329476,0.21329333042329476,0.21329333042329476,-0.22941497714370687,-0.22941497714370687,-0.22941497714370687,0.0,0.0,0.0,45.508626523583224
2022-05-17,45.52507376712513,37.140714580541186,54.57922393063674,45.52507376712513,45.52507376712513,-0.05015478957255726,-0.05015478957255726,-0.05015478957255726,0.22905847395044968,0.22905847395044968,0.22905847395044968,-0.27921326352300696,-0.27921326352300696,-0.27921326352300696,0.0,0.0,0.0,45.47491897755257
2022-05-18,45.52539936394661,36.45150682429641,53.72727397942183,45.52539936394661,45.52539936394661,-0.4596891914393659,-0.4596891914393659,-0.4596891914393659,-0.13778026545280464,-0.13778026545280464,-0.13778026545280464,-0.3219089259865613,-0.3219089259865613,-0.3219089259865613,0.0,0.0,0.0,45.065710172507245
2022-05-19,45.5257249607681,36.30108661436137,53.65539776315594,45.5257249607681,45.5257249607681,-0.44071885707385555,-0.44071885707385555,-0.44071885707385555,-0.08301648234057787,-0.08301648234057787,-0.08301648234057787,-0.3577023747332777,-0.3577023747332777,-0.3577023747332777,0.0,0.0,0.0,45.08500610369425
2022-05-20,45.526050557589585,35.910767757189674,53.00116432418059,45.526050557589585,45.526050557589585,-0.8503825344152013,-0.8503825344152013,-0.8503825344152013,-0.46345326816593785,-0.46345326816593785,-0.46345326816593785,-0.3869292662492634,-0.3869292662492634,-0.3869292662492634,0.0,0.0,0.0,44.67566802317438
2022-05-21,45.526376154411075,36.15357510597466,53.12446000279231,45.526376154411075,45.526376154411075,-0.8034107929713208,-0.8034107929713208,-0.8034107929713208,-0.39336975001967356,-0.39336975001967356,-0.39336975001967356,-0.4100410429516473,-0.4100410429516473,-0.4100410429516473,0.0,0.0,0.0,44.722965361439755
2022-05-22,45.52670175123256,37.30231290481332,53.495473644634245,45.52670175123256,45.52670175123256,0.20768472472277294,0.20768472472277294,0.20768472472277294,0.635267961604244,0.635267961604244,0.635267961604244,-0.4275832368814711,-0.4275832368814711,-0.4275832368814711,0.0,0.0,0.0,45.73438647595533
2022-05-23,45.52702734805405,37.22172397189299,53.40835730684717,45.52702734805405,45.52702734805405,-0.2268788766050108,-0.2268788766050108,-0.2268788766050108,0.2132933304245726,0.2132933304245726,0.2132933304245726,-0.4401722070295834,-0.4401722070295834,-0.4401722070295834,0.0,0.0,0.0,45.300148471449035
2022-05-24,45.52735294487553,36.95458641720929,53.71680981691604,45.52735294487553,45.52735294487553,-0.21941253427364887,-0.21941253427364887,-0.21941253427364887,0.22905847395081658,0.22905847395081658,0.22905847395081658,-0.44847100822446545,-0.44847100822446545,-0.44847100822446545,0.0,0.0,0.0,45.30794041060188
2022-05-25,45.52767854169702,36.80351406039753,53.44659124178432,45.52767854169702,45.52767854169702,-0.590945364208559,-0.590945364208559,-0.590945364208559,-0.13778026545247157,-0.13778026545247157,-0.13778026545247157,-0.45316509875608746,-0.45316509875608746,-0.45316509875608746,0.0,0.0,0.0,44.93673317748846
2022-05-26,45.528004138518504,36.07259508509936,53.53400470754906,45.528004138518504,45.528004138518504,-0.5379550663898005,-0.5379550663898005,-0.5379550663898005,-0.08301648233971687,-0.08301648233971687,-0.08301648233971687,-0.4549385840500836,-0.4549385840500836,-0.4549385840500836,0.0,0.0,0.0,44.990049072128706
2022-05-27,45.528329735339994,36.19239927721925,53.088107241812416,45.528329735339994,45.528329735339994,-0.9179049332889715,-0.9179049332889715,-0.9179049332889715,-0.46345326816572197,-0.46345326816572197,-0.46345326816572197,-0.4544516651232496,-0.4544516651232496,-0.4544516651232496,0.0,0.0,0.0,44.61042480205102
2022-05-28,45.52865533216148,36.58371200747121,53.48694550241341,45.52865533216148,45.52865533216148,-0.8456896641895906,-0.8456896641895906,-0.8456896641895906,-0.3933697500207174,-0.3933697500207174,-0.3933697500207174,-0.4523199141688732,-0.4523199141688732,-0.4523199141688732,0.0,0.0,0.0,44.682965667971885
2022-05-29,45.52898092898297,37.346194293748695,53.8915956247088,45.52898092898297,45.52898092898297,0.18617202476294586,0.18617202476294586,0.18617202476294586,0.6352679616028755,0.6352679616028755,0.6352679616028755,-0.4490959368399296,-0.4490959368399296,-0.4490959368399296,0.0,0.0,0.0,45.715152953745914
2022-05-30,45.52930652580445,36.76944991139341,53.723850459512484,45.52930652580445,45.52930652580445,-0.23196057296909062,-0.23196057296909062,-0.23196057296909062,0.21329333042430046,0.21329333042430046,0.21329333042430046,-0.44525390339339105,-0.44525390339339105,-0.44525390339339105,0.0,0.0,0.0,45.29734595283536
2022-05-31,45.52963212262594,37.17920966705227,54.436910417323126,45.52963212262594,45.52963212262594,-0.212118867118808,-0.212118867118808,-0.212118867118808,0.22905847395118334,0.22905847395118334,0.22905847395118334,-0.44117734106999135,-0.44117734106999135,-0.44117734106999135,0.0,0.0,0.0,45.31751325550713
2022-06-01,45.529957719447424,36.6787888749501,53.76794986861666,45.529957719447424,45.529957719447424,-0.5749307458066668,-0.5749307458066668,-0.5749307458066668,-0.1377802654534049,-0.1377802654534049,-0.1377802654534049,-0.4371504803532619,-0.4371504803532619,-0.4371504803532619,0.0,0.0,0.0,44.955026973640756
2022-06-02,45.53028331626891,35.759432954448194,53.226509426283386,45.53028331626891,45.53028331626891,-0.5163698232564752,-0.5163698232564752,-0.5163698232564752,-0.08301648234034543,-0.08301648234034543,-0.08301648234034543,-0.43335334091612965,-0.43335334091612965,-0.43335334091612965,0.0,0.0,0.0,45.01391349301243
2022-06-03,45.5306089130904,36.62365630233953,52.982493346828925,45.5306089130904,45.5306089130904,-0.8933139001653407,-0.8933139001653407,-0.8933139001653407,-0.4634532681662976,-0.4634532681662976,-0.4634532681662976,-0.42986063199904323,-0.42986063199904323,-0.42986063199904323,0.0,0.0,0.0,44.63729501292506
2022-06-04,45.53093450991188,35.87960820566631,53.00452380466702,45.53093450991188,45.53093450991188,-0.820014179793272,-0.820014179793272,-0.820014179793272,-0.3933697500192555,-0.3933697500192555,-0.3933697500192555,-0.42664442977401656,-0.42664442977401656,-0.42664442977401656,0.0,0.0,0.0,44.71092033011861
2022-06-05,45.53126010673337,36.98741206967393,53.96875759126122,45.53126010673337,45.53126010673337,0.2116874776451922,0.2116874776451922,0.2116874776451922,0.6352679616040602,0.6352679616040602,0.6352679616040602,-0.423580483958868,-0.423580483958868,-0.423580483958868,0.0,0.0,0.0,45.74294758437856
2022-06-06,45.53158570355486,36.7538459212062,54.53640422155998,45.53158570355486,45.53158570355486,-0.20716457017294002,-0.20716457017294002,-0.20716457017294002,0.2132933304240068,0.2132933304240068,0.2132933304240068,-0.4204579005969468,-0.4204579005969468,-0.4204579005969468,0.0,0.0,0.0,45.32442113338192
2022-06-07,45.53191130037635,36.68732810649006,54.14949283200841,45.53191130037635,45.53191130037635,-0.18793337639880028,-0.18793337639880028,-0.18793337639880028,0.22905847395084145,0.22905847395084145,0.22905847395084145,-0.4169918503496417,-0.4169918503496417,-0.4169918503496417,0.0,0.0,0.0,45.34397792397755
2022-06-08,45.53223689719783,36.90945003861341,53.21961645631062,45.53223689719783,45.53223689719783,-0.5506191299950497,-0.5506191299950497,-0.5506191299950497,-0.13778026545180555,-0.13778026545180555,-0.13778026545180555,-0.4128388645432441,-0.4128388645432441,-0.4128388645432441,0.0,0.0,0.0,44.981617767202785
2022-06-09,45.532562494019324,36.29942016561045,53.49361910486095,45.532562494019324,45.532562494019324,-0.49063068925577,-0.49063068925577,-0.49063068925577,-0.08301648234097402,-0.08301648234097402,-0.08301648234097402,-0.40761420691479594,-0.40761420691479594,-0.40761420691479594,0.0,0.0,0.0,45.04193180476356
2022-06-10,45.53288809084081,36.293313261486134,53.06314413024877,45.53288809084081,45.53288809084081,-0.8643640176927269,-0.8643640176927269,-0.8643640176927269,-0.4634532681645133,-0.4634532681645133,-0.4634532681645133,-0.40091074952821354,-0.40091074952821354,-0.40091074952821354,0.0,0.0,0.0,44.66852407314808
2022-06-11,45.5332136876623,36.50188256067452,53.26178010805067,45.5332136876623,45.5332136876623,-0.7856884883415277,-0.7856884883415277,-0.7856884883415277,-0.3933697500177936,-0.3933697500177936,-0.3933697500177936,-0.3923187383237341,-0.3923187383237341,-0.3923187383237341,0.0,0.0,0.0,44.74752519932077
2022-06-12,45.53353928448378,37.18876308697511,54.59873346277902,45.53353928448378,45.53353928448378,0.2538221532611307,0.2538221532611307,0.2538221532611307,0.6352679616038661,0.6352679616038661,0.6352679616038661,-0.3814458083427355,-0.3814458083427355,-0.3814458083427355,0.0,0.0,0.0,45.78736143774491
2022-06-13,45.53386488130527,37.16094777896973,53.7618390849108,45.53386488130527,45.53386488130527,-0.1546432711446638,-0.1546432711446638,-0.1546432711446638,0.21329333042372384,0.21329333042372384,0.21329333042372384,-0.36793660156838764,-0.36793660156838764,-0.36793660156838764,0.0,0.0,0.0,45.379221610160606
2022-06-14,45.53419047812675,36.71362691254115,54.116250848709754,45.53419047812675,45.53419047812675,-0.12243287774552096,-0.12243287774552096,-0.12243287774552096,0.22905847395220277,0.22905847395220277,0.22905847395220277,-0.3514913516977237,-0.3514913516977237,-0.3514913516977237,0.0,0.0,0.0,45.41175760038123
2022-06-15,45.53451607494824,36.64688351666052,53.23115906538503,45.53451607494824,45.53451607494824,-0.46966309518325816,-0.46966309518325816,-0.46966309518325816,-0.1377802654527389,-0.1377802654527389,-0.1377802654527389,-0.3318828297305193,-0.3318828297305193,-0.3318828297305193,0.0,0.0,0.0,45.064852979764986
2022-06-16,45.534841671769726,36.88324789666345,53.70111521341114,45.534841671769726,45.534841671769726,-0.3919875735329364,-0.3919875735329364,-0.3919875735329364,-0.0830164823416026,-0.0830164823416026,-0.0830164823416026,-0.3089710911913338,-0.3089710911913338,-0.3089710911913338,0.0,0.0,0.0,45.14285409823679
2022-06-17,45.535167268591216,35.95318400383278,52.324846707591725,45.535167268591216,45.535167268591216,-0.7461687970026656,-0.7461687970026656,-0.7461687970026656,-0.46345326816586563,-0.46345326816586563,-0.46345326816586563,-0.28271552883679996,-0.28271552883679996,-0.28271552883679996,0.0,0.0,0.0,44.78899847158855
2022-06-18,45.5354928654127,36.62625921042513,52.98990426946043,45.5354928654127,45.5354928654127,-0.6465535621296313,-0.6465535621296313,-0.6465535621296313,-0.3933697500175846,-0.3933697500175846,-0.3933697500175846,-0.2531838121120467,-0.2531838121120467,-0.2531838121120467,0.0,0.0,0.0,44.88893930328307
2022-06-19,45.53581846223418,37.65159749573909,53.935744285041146,45.53581846223418,45.53581846223418,0.41471057731286926,0.41471057731286926,0.41471057731286926,0.6352679616024974,0.6352679616024974,0.6352679616024974,-0.22055738428962823,-0.22055738428962823,-0.22055738428962823,0.0,0.0,0.0,45.95052903954705
2022-06-20,45.53614405905567,37.06713315453412,54.03755621029935,45.53614405905567,45.53614405905567,0.028160042713050525,0.028160042713050525,0.028160042713050525,0.21329333042344092,0.21329333042344092,0.21329333042344092,-0.18513328771039042,-0.18513328771039042,-0.18513328771039042,0.0,0.0,0.0,45.56430410176872
2022-06-21,45.536469655877156,36.90827052255901,54.64727412347657,45.536469655877156,45.536469655877156,0.08173627983789832,0.08173627983789832,0.08173627983789832,0.22905847395115217,0.22905847395115217,0.22905847395115217,-0.14732219411325384,-0.14732219411325384,-0.14732219411325384,0.0,0.0,0.0,45.618205935715054
2022-06-22,45.536795252698646,37.19732985960169,53.882318805558754,45.536795252698646,45.536795252698646,-0.245422893218838,-0.245422893218838,-0.245422893218838,-0.13778026545138597,-0.13778026545138597,-0.13778026545138597,-0.10764262776745205,-0.10764262776745205,-0.10764262776745205,0.0,0.0,0.0,45.29137235947981
2022-06-23,45.53712084952013,37.571595379459346,53.50438059506749,45.53712084952013,45.53712084952013,-0.14972796328735782,-0.14972796328735782,-0.14972796328735782,-0.08301648234065803,-0.08301648234065803,-0.08301648234065803,-0.06671148094669978,-0.06671148094669978,-0.06671148094669978,0.0,0.0,0.0,45.387392886232774
2022-06-24,45.53744644634162,36.89964470134454,53.37390401004291,45.53744644634162,45.53744644634162,-0.48868429931616525,-0.48868429931616525,-0.48868429931616525,-0.4634532681656496,-0.4634532681656496,-0.4634532681656496,-0.025231031150515712,-0.025231031150515712,-0.025231031150515712,0.0,0.0,0.0,45.04876214702546
2022-06-25,45.5377720431631,36.57259974255955,53.460346662331816,45.5377720431631,45.5377720431631,-0.3773425243015717,-0.3773425243015717,-0.3773425243015717,-0.39336975001884456,-0.39336975001884456,-0.39336975001884456,0.016027225717272837,0.016027225717272837,0.016027225717272837,0.0,0.0,0.0,45.16042951886153
2022-06-26,45.53809763998459,37.87492711285806,54.54683167625878,45.53809763998459,45.53809763998459,0.6915094767343796,0.6915094767343796,0.6915094767343796,0.6352679616023037,0.6352679616023037,0.6352679616023037,0.0562415151320759,0.0562415151320759,0.0562415151320759,0.0,0.0,0.0,46.229607116718974
2022-06-27,45.538423236806075,37.5574632450421,54.11214746854627,45.538423236806075,45.538423236806075,0.3078543298483629,0.3078543298483629,0.3078543298483629,0.213293330423158,0.213293330423158,0.213293330423158,0.09456099942520492,0.09456099942520492,0.09456099942520492,0.0,0.0,0.0,45.846277566654436
2022-06-28,45.538748833627565,37.81986963190135,54.06617082012955,45.538748833627565,45.538748833627565,0.35918717257570887,0.35918717257570887,0.35918717257570887,0.22905847395151896,0.22905847395151896,0.22905847395151896,0.13012869862418994,0.13012869862418994,0.13012869862418994,0.0,0.0,0.0,45.897936006203274
2022-06-29,45.539074430449055,36.715813262107304,54.475209318854574,45.539074430449055,45.539074430449055,0.024325223031955747,0.024325223031955747,0.024325223031955747,-0.1377802654523193,-0.1377802654523193,-0.1377802654523193,0.16210548848427503,0.16210548848427503,0.16210548848427503,0.0,0.0,0.0,45.563399653481014
2022-06-30,45.53940002727054,37.31192768724434,53.73675998128476,45.53940002727054,45.53940002727054,0.10667802428131613,0.10667802428131613,0.10667802428131613,-0.08301648233979703,-0.08301648233979703,-0.08301648233979703,0.18969450662111317,0.18969450662111317,0.18969450662111317,0.0,0.0,0.0,45.646078051551854
2022-07-01,45.53972562185192,36.962769143418534,53.63584274729685,45.53972562185192,45.53972562185192,-0.25128799326292506,-0.25128799326292506,-0.25128799326292506,-0.4634532681654336,-0.4634532681654336,-0.4634532681654336,0.21216527490250853,0.21216527490250853,0.21216527490250853,0.0,0.0,0.0,45.288437628588994
2022-07-02,45.5400512164333,37.2220546540175,54.04049676565341,45.5400512164333,45.5400512164333,-0.16449290755861312,-0.16449290755861312,-0.16449290755861312,-0.39336975001988833,-0.39336975001988833,-0.39336975001988833,0.22887684246127526,0.22887684246127526,0.22887684246127526,0.0,0.0,0.0,45.37555830887469
2022-07-03,45.54037681101468,37.988923810330206,55.00107645250463,45.54037681101468,45.54037681101468,0.8745672306692759,0.8745672306692759,0.8745672306692759,0.6352679616034883,0.6352679616034883,0.6352679616034883,0.2392992690657877,0.2392992690657877,0.2392992690657877,0.0,0.0,0.0,46.41494404168396
2022-07-04,45.540702405596065,38.154173507168586,54.00076413919665,45.540702405596065,45.540702405596065,0.4563261333568449,0.4563261333568449,0.4563261333568449,0.21329333042286433,0.21329333042286433,0.21329333042286433,0.24303280293398052,0.24303280293398052,0.24303280293398052,0.0,0.0,0.0,45.99702853895291
2022-07-05,45.54102800017744,37.90374707712691,54.81018600203464,45.54102800017744,45.54102800017744,0.4688826335160257,0.4688826335160257,0.4688826335160257,0.22905847395117704,0.22905847395117704,0.22905847395117704,0.23982415956484862,0.23982415956484862,0.23982415956484862,0.0,0.0,0.0,46.009910633693465
2022-07-06,45.541353594758824,37.02179805490813,54.3233528806882,45.541353594758824,45.541353594758824,0.09179911212520872,0.09179911212520872,0.09179911212520872,-0.13778026545325261,-0.13778026545325261,-0.13778026545325261,0.22957937757846134,0.22957937757846134,0.22957937757846134,0.0,0.0,0.0,45.63315270688403
2022-07-07,45.54167918934021,37.073760532495676,53.83568260208673,45.54167918934021,45.54167918934021,0.12935632980533715,0.12935632980533715,0.12935632980533715,-0.0830164823388525,-0.0830164823388525,-0.0830164823388525,0.21237281214418965,0.21237281214418965,0.21237281214418965,0.0,0.0,0.0,45.67103551914555
2022-07-08,45.54200478392159,36.11295982198568,53.69213452654085,45.54200478392159,45.54200478392159,-0.27500134396428166,-0.27500134396428166,-0.27500134396428166,-0.46345326816521754,-0.46345326816521754,-0.46345326816521754,0.18845192420093587,0.18845192420093587,0.18845192420093587,0.0,0.0,0.0,45.26700343995731
2022-07-09,45.542330378502974,37.39188998250091,53.72883069920467,45.542330378502974,45.542330378502974,-0.2351321181905913,-0.2351321181905913,-0.2351321181905913,-0.39336975001967944,-0.39336975001967944,-0.39336975001967944,0.15823763182908818,0.15823763182908818,0.15823763182908818,0.0,0.0,0.0,45.30719826031238
2022-07-10,45.54265597308435,37.577176020984254,53.98804994843141,45.54265597308435,45.54265597308435,0.7575880675912837,0.7575880675912837,0.7575880675912837,0.6352679616032944,0.6352679616032944,0.6352679616032944,0.12232010598798934,0.12232010598798934,0.12232010598798934,0.0,0.0,0.0,46.300244040675636
2022-07-11,45.542981567665734,36.926040541446234,53.92359949122046,45.542981567665734,45.542981567665734,0.29474334382045436,0.29474334382045436,0.29474334382045436,0.2132933304241531,0.2132933304241531,0.2132933304241531,0.08145001339630129,0.08145001339630129,0.08145001339630129,0.0,0.0,0.0,45.83772491148619
2022-07-12,45.54330716224712,37.303301830604475,53.86983694711723,45.54330716224712,45.54330716224712,0.2655838053065772,0.2655838053065772,0.2655838053065772,0.22905847395083512,0.22905847395083512,0.22905847395083512,0.03652533135574212,0.03652533135574212,0.03652533135574212,0.0,0.0,0.0,45.808890967553694
2022-07-13,45.5436327568285,36.42051787724385,53.678443674390536,45.5436327568285,45.5436327568285,-0.1492062858216123,-0.1492062858216123,-0.1492062858216123,-0.13778026545165326,-0.13778026545165326,-0.13778026545165326,-0.011426020369959027,-0.011426020369959027,-0.011426020369959027,0.0,0.0,0.0,45.39442647100689
2022-07-14,45.543958351409884,36.70511408423412,54.70037744640458,45.543958351409884,45.543958351409884,-0.1442838525391273,-0.1442838525391273,-0.1442838525391273,-0.08301648234105417,-0.08301648234105417,-0.08301648234105417,-0.0612673701980731,-0.0612673701980731,-0.0612673701980731,0.0,0.0,0.0,45.39967449887076
2022-07-15,45.54428394599126,36.634847292293934,53.02499824225515,45.54428394599126,45.54428394599126,-0.5752311083913583,-0.5752311083913583,-0.5752311083913583,-0.4634532681665699,-0.4634532681665699,-0.4634532681665699,-0.11177784022478832,-0.11177784022478832,-0.11177784022478832,0.0,0.0,0.0,44.969052837599904
2022-07-16,45.544609540572644,36.98858015001641,53.870128653537755,45.544609540572644,45.544609540572644,-0.5550494327111275,-0.5550494327111275,-0.5550494327111275,-0.39336975002219227,-0.39336975002219227,-0.39336975002219227,-0.16167968268893518,-0.16167968268893518,-0.16167968268893518,0.0,0.0,0.0,44.989560107861514
2022-07-17,45.54493513515402,37.2894195315542,54.52398727114683,45.54493513515402,45.54493513515402,0.4256002006488696,0.4256002006488696,0.4256002006488696,0.6352679616031003,0.6352679616031003,0.6352679616031003,-0.20966776095423073,-0.20966776095423073,-0.20966776095423073,0.0,0.0,0.0,45.97053533580289
2022-07-18,45.5452607297354,37.073716407631075,53.843923237898665,45.5452607297354,45.5452607297354,-0.04114713154393305,-0.04114713154393305,-0.04114713154393305,0.21329333042385942,0.21329333042385942,0.21329333042385942,-0.25444046196779246,-0.25444046196779246,-0.25444046196779246,0.0,0.0,0.0,45.50411359819147
2022-07-19,45.54558632431679,36.83777953917509,53.22050950798757,45.54558632431679,45.54558632431679,-0.06567280452306301,-0.06567280452306301,-0.06567280452306301,0.22905847395148773,0.22905847395148773,0.22905847395148773,-0.2947312784745507,-0.2947312784745507,-0.2947312784745507,0.0,0.0,0.0,45.479913519793726
2022-07-20,45.54591191889816,37.34122313298464,53.940930144147806,45.54591191889816,45.54591191889816,-0.46712053534166503,-0.46712053534166503,-0.46712053534166503,-0.13778026545258654,-0.13778026545258654,-0.13778026545258654,-0.3293402698890785,-0.3293402698890785,-0.3293402698890785,0.0,0.0,0.0,45.0787913835565
2022-07-21,45.54623751347955,36.527105446650424,53.72515620956264,45.54623751347955,45.54623751347955,-0.4401810840198455,-0.4401810840198455,-0.4401810840198455,-0.08301648234010962,-0.08301648234010962,-0.08301648234010962,-0.35716460167973585,-0.35716460167973585,-0.35716460167973585,0.0,0.0,0.0,45.1060564294597
2022-07-22,45.54656310806093,36.54890449100465,53.035818329602705,45.54656310806093,45.54656310806093,-0.8406806429275957,-0.8406806429275957,-0.8406806429275957,-0.4634532681655773,-0.4634532681655773,-0.4634532681655773,-0.3772273747620184,-0.3772273747620184,-0.3772273747620184,0.0,0.0,0.0,44.705882465133335
2022-07-23,45.54688870264231,36.43099962858708,53.25930964941599,45.54688870264231,45.54688870264231,-0.7820737386995289,-0.7820737386995289,-0.7820737386995289,-0.3933697500207304,-0.3933697500207304,-0.3933697500207304,-0.3887039886787985,-0.3887039886787985,-0.3887039886787985,0.0,0.0,0.0,44.76481496394278
2022-07-24,45.5472142972237,37.1329195697438,53.70659967998259,45.5472142972237,45.5472142972237,0.2443226270436006,0.2443226270436006,0.2443226270436006,0.635267961604285,0.635267961604285,0.635267961604285,-0.3909453345606845,-0.3909453345606845,-0.3909453345606845,0.0,0.0,0.0,45.7915369242673
2022-07-25,45.54753989180507,36.70842903780503,54.48157269762378,45.54753989180507,45.54753989180507,-0.17020385445022698,-0.17020385445022698,-0.17020385445022698,0.21329333042358725,0.21329333042358725,0.21329333042358725,-0.38349718487381423,-0.38349718487381423,-0.38349718487381423,0.0,0.0,0.0,45.377336037354844
2022-07-26,45.547865486386456,37.146159208256414,54.39925110555016,45.547865486386456,45.547865486386456,-0.13705676112150766,-0.13705676112150766,-0.13705676112150766,0.22905847395114584,0.22905847395114584,0.22905847395114584,-0.36611523507265353,-0.36611523507265353,-0.36611523507265353,0.0,0.0,0.0,45.41080872526495
2022-07-27,45.54819108096784,35.96228624216334,53.00754716863106,45.54819108096784,45.54819108096784,-0.47655562081738506,-0.47655562081738506,-0.47655562081738506,-0.13778026545250002,-0.13778026545250002,-0.13778026545250002,-0.338775355364885,-0.338775355364885,-0.338775355364885,0.0,0.0,0.0,45.07163546015045
2022-07-28,45.54851667554922,36.24172018444845,53.87012072122639,45.54851667554922,45.54851667554922,-0.3846952086459199,-0.3846952086459199,-0.3846952086459199,-0.08301648233916507,-0.08301648233916507,-0.08301648233916507,-0.3016787263067548,-0.3016787263067548,-0.3016787263067548,0.0,0.0,0.0,45.1638214669033
2022-07-29,45.548842270130606,36.29084110914989,52.82085110915021,45.548842270130606,45.548842270130606,-0.7187049251968911,-0.7187049251968911,-0.7187049251968911,-0.46345326816692967,-0.46345326816692967,-0.46345326816692967,-0.25525165702996144,-0.25525165702996144,-0.25525165702996144,0.0,0.0,0.0,44.83013734493372
2022-07-30,45.54916786471198,36.913734409381526,53.762708770688704,45.54916786471198,45.54916786471198,-0.5935097663982989,-0.5935097663982989,-0.5935097663982989,-0.3933697500205214,-0.3933697500205214,-0.3933697500205214,-0.20014001637777756,-0.20014001637777756,-0.20014001637777756,0.0,0.0,0.0,44.955658098313684
2022-07-31,45.54949345929336,37.71659613546924,54.67163748067855,45.54949345929336,45.54949345929336,0.49806961980221875,0.49806961980221875,0.49806961980221875,0.635267961604091,0.635267961604091,0.635267961604091,-0.13719834180187238,-0.13719834180187238,-0.13719834180187238,0.0,0.0,0.0,46.047563079095575
2022-08-01,45.54981905387474,37.486425559570606,54.215589362285016,45.54981905387474,45.54981905387474,0.14581950535866534,0.14581950535866534,0.14581950535866534,0.21329333042329363,0.21329333042329363,0.21329333042329363,-0.0674738250646283,-0.0674738250646283,-0.0674738250646283,0.0,0.0,0.0,45.69563855923341
2022-08-02,45.550144648456126,37.3794263912827,54.472184575516366,45.550144648456126,45.550144648456126,0.2368729697475851,0.2368729697475851,0.2368729697475851,0.22905847395080392,0.22905847395080392,0.22905847395080392,0.007814495796781172,0.007814495796781172,0.007814495796781172,0.0,0.0,0.0,45.78701761820371
2022-08-03,45.55047024303751,37.5083078612878,54.36796699523827,45.55047024303751,45.55047024303751,-0.05047937988738717,-0.05047937988738717,-0.05047937988738717,-0.1377802654534333,-0.1377802654534333,-0.1377802654534333,0.08730088556604614,0.08730088556604614,0.08730088556604614,0.0,0.0,0.0,45.499990863150124
2022-08-04,45.550795837618885,37.184145793398905,53.326222572623905,45.550795837618885,45.550795837618885,0.08648535413522922,0.08648535413522922,0.08648535413522922,-0.08301648234136678,-0.08301648234136678,-0.08301648234136678,0.169501836476596,0.169501836476596,0.169501836476596,0.0,0.0,0.0,45.63728119175411
2022-08-05,45.55112143220027,36.6597311631046,53.889763757625296,45.55112143220027,45.55112143220027,-0.21060516482336292,-0.21060516482336292,-0.21060516482336292,-0.463453268163577,-0.463453268163577,-0.463453268163577,0.2528481033402141,0.2528481033402141,0.2528481033402141,0.0,0.0,0.0,45.340516267376906
2022-08-06,45.55144702678165,37.20691018717055,54.17704123536552,45.55144702678165,45.55144702678165,-0.05765064939607332,-0.05765064939607332,-0.05765064939607332,-0.3933697500203123,-0.3933697500203123,-0.3933697500203123,0.335719100624239,0.335719100624239,0.335719100624239,0.0,0.0,0.0,45.49379637738558
2022-08-07,45.551772621363035,38.49345043685035,55.445855996975396,45.551772621363035,45.551772621363035,1.0517468091998095,1.0517468091998095,1.0517468091998095,0.6352679616027225,0.6352679616027225,0.6352679616027225,0.41647884759708687,0.41647884759708687,0.41647884759708687,0.0,0.0,0.0,46.60351943056285
2022-08-08,45.55209821594442,37.72932010635446,53.93893444952482,45.55209821594442,45.55209821594442,0.7068059327847872,0.7068059327847872,0.7068059327847872,0.21329333042299983,0.21329333042299983,0.21329333042299983,0.49351260236178734,0.49351260236178734,0.49351260236178734,0.0,0.0,0.0,46.25890414872921
2022-08-09,45.552423810525795,37.14431317888534,54.98541319482942,45.552423810525795,45.552423810525795,0.7943217755204309,0.7943217755204309,0.7943217755204309,0.22905847395117074,0.22905847395117074,0.22905847395117074,0.5652633015692602,0.5652633015692602,0.5652633015692602,0.0,0.0,0.0,46.346745586046225
2022-08-10,45.55274940510718,37.07491903130006,54.13950076119786,45.55274940510718,45.55274940510718,0.4924866551465445,0.4924866551465445,0.4924866551465445,-0.13778026545310026,-0.13778026545310026,-0.13778026545310026,0.6302669205996447,0.6302669205996447,0.6302669205996447,0.0,0.0,0.0,46.04523606025372
2022-08-11,45.55307499968856,37.51348072213979,54.60784703867565,45.55307499968856,45.55307499968856,0.604169406889637,0.604169406889637,0.604169406889637,-0.08301648234042223,-0.08301648234042223,-0.08301648234042223,0.6871858892300592,0.6871858892300592,0.6871858892300592,0.0,0.0,0.0,46.1572444065782
2022-08-12,45.553400594269945,37.347777709779535,54.43769349256591,45.553400594269945,45.553400594269945,0.2713864716981082,0.2713864716981082,0.2713864716981082,-0.4634532681641527,-0.4634532681641527,-0.4634532681641527,0.7348397398622609,0.7348397398622609,0.7348397398622609,0.0,0.0,0.0,45.82478706596805
2022-08-13,45.55372618885132,37.0040874450868,54.95727542662676,45.55372618885132,45.55372618885132,0.37886247833812925,0.37886247833812925,0.37886247833812925,-0.3933697500201033,-0.3933697500201033,-0.3933697500201033,0.7722322283582326,0.7722322283582326,0.7722322283582326,0.0,0.0,0.0,45.93258866718945
2022-08-14,45.554051783432705,38.906096183006184,55.819786011965334,45.554051783432705,45.554051783432705,1.4338422115127245,1.4338422115127245,1.4338422115127245,0.6352679616025285,0.6352679616025285,0.6352679616025285,0.7985742499101959,0.7985742499101959,0.7985742499101959,0.0,0.0,0.0,46.98789399494543
2022-08-15,45.55437737801408,38.49744610397742,54.91443080652893,45.55437737801408,45.55437737801408,1.0265953026519834,1.0265953026519834,1.0265953026519834,0.21329333042272772,0.21329333042272772,0.21329333042272772,0.8133019722292557,0.8133019722292557,0.8133019722292557,0.0,0.0,0.0,46.580972680666065
2022-08-16,45.554702972595464,38.15896457373102,55.10251202565281,45.554702972595464,45.554702972595464,1.045148197158191,1.045148197158191,1.045148197158191,0.2290584739501201,0.2290584739501201,0.2290584739501201,0.8160897232080708,0.8160897232080708,0.8160897232080708,0.0,0.0,0.0,46.599851169753656
2022-08-17,45.55502856717685,37.47472934350073,54.35204920612436,45.55502856717685,45.55502856717685,0.6690770318286918,0.6690770318286918,0.6690770318286918,-0.13778026545276728,-0.13778026545276728,-0.13778026545276728,0.8068572972814589,0.8068572972814589,0.8068572972814589,0.0,0.0,0.0,46.22410559900554
2022-08-18,45.555354161758224,37.47360716712408,54.572773861210784,45.555354161758224,45.555354161758224,0.7027549985238499,0.7027549985238499,0.7027549985238499,-0.08301648233956124,-0.08301648233956124,-0.08301648233956124,0.7857714808634112,0.7857714808634112,0.7857714808634112,0.0,0.0,0.0,46.258109160282075
2022-08-19,45.55567975633961,37.29083666137124,53.96645567987848,45.55567975633961,45.55567975633961,0.28978847088675824,0.28978847088675824,0.28978847088675824,-0.4634532681639367,-0.4634532681639367,-0.4634532681639367,0.753241739050695,0.753241739050695,0.753241739050695,0.0,0.0,0.0,45.84546822722636
2022-08-20,45.55600535092099,37.32176392228408,53.864463848271306,45.55600535092099,45.55600535092099,0.31654039973279796,0.31654039973279796,0.31654039973279796,-0.39336975001864144,-0.39336975001864144,-0.39336975001864144,0.7099101497514394,0.7099101497514394,0.7099101497514394,0.0,0.0,0.0,45.87254575065379
2022-08-21,45.556330945502374,38.90642066695668,55.2141359389616,45.556330945502374,45.556330945502374,1.2919037754797924,1.2919037754797924,1.2919037754797924,0.6352679616030238,0.6352679616030238,0.6352679616030238,0.6566358138767685,0.6566358138767685,0.6566358138767685,0.0,0.0,0.0,46.84823472098217
2022-08-22,45.55665654008376,38.15049915294501,54.55855584801327,45.55665654008376,45.55665654008376,0.8077674381003027,0.8077674381003027,0.8077674381003027,0.2132933304240057,0.2132933304240057,0.2132933304240057,0.5944741076762969,0.5944741076762969,0.5944741076762969,0.0,0.0,0.0,46.36442397818406
2022-08-23,45.556982134665134,38.086882782651,54.18169093355362,45.556982134665134,45.556982134665134,0.7537097461414974,0.7537097461414974,0.7537097461414974,0.2290584739514814,0.2290584739514814,0.2290584739514814,0.524651272190016,0.524651272190016,0.524651272190016,0.0,0.0,0.0,46.31069188080663
2022-08-24,45.55730772924652,37.18265119021973,54.61925286102343,45.55730772924652,45.55730772924652,0.3107546864545022,0.3107546864545022,0.3107546864545022,-0.13778026545243427,-0.13778026545243427,-0.13778026545243427,0.4485349519069365,0.4485349519069365,0.4485349519069365,0.0,0.0,0.0,45.86806241570102
2022-08-25,45.5576333238279,37.280372276205235,54.19316689588328,45.5576333238279,45.5576333238279,0.2845849147029331,0.2845849147029331,0.2845849147029331,-0.08301648233861668,-0.08301648233861668,-0.08301648233861668,0.36760139704154976,0.36760139704154976,0.36760139704154976,0.0,0.0,0.0,45.84221823853083
2022-08-26,45.557958918409284,36.23953011864373,54.39996812246085,45.557958918409284,45.557958918409284,-0.18005313938978296,-0.18005313938978296,-0.18005313938978296,-0.463453268165289,-0.463453268165289,-0.463453268165289,0.2834001287755061,0.2834001287755061,0.2834001287755061,0.0,0.0,0.0,45.3779057790195
2022-08-27,45.55828451299067,36.628914077462724,53.707159081278796,45.55828451299067,45.55828451299067,-0.19585281785988148,-0.19585281785988148,-0.19585281785988148,-0.3933697500196853,-0.3933697500196853,-0.3933697500196853,0.19751693215980382,0.19751693215980382,0.19751693215980382,0.0,0.0,0.0,45.36243169513079
2022-08-28,45.55861010757204,38.05937953821224,54.92963799084767,45.55861010757204,45.55861010757204,0.7468040470285319,0.7468040470285319,0.7468040470285319,0.6352679616035192,0.6352679616035192,0.6352679616035192,0.1115360854250126,0.1115360854250126,0.1115360854250126,0.0,0.0,0.0,46.30541415460058
2022-08-29,45.55893570215342,37.240882596158144,54.29683696451954,45.55893570215342,45.55893570215342,0.2402960864612722,0.2402960864612722,0.2402960864612722,0.21329333042373352,0.21329333042373352,0.21329333042373352,0.0270027560375387,0.0270027560375387,0.0270027560375387,0.0,0.0,0.0,45.79923178861469
2022-08-30,45.5592612967348,36.50213246904596,54.75126938761613,45.5592612967348,45.5592612967348,0.1744449663172196,0.1744449663172196,0.1744449663172196,0.2290584739511395,0.2290584739511395,0.2290584739511395,-0.05461350763391992,-0.05461350763391992,-0.05461350763391992,0.0,0.0,0.0,45.73370626305202
2022-08-31,45.55958689131619,37.11884936691155,53.796616571310054,45.55958689131619,45.55958689131619,-0.269733550236378,-0.269733550236378,-0.269733550236378,-0.13778026545336758,-0.13778026545336758,-0.13778026545336758,-0.13195328478301044,-0.13195328478301044,-0.13195328478301044,0.0,0.0,0.0,45.289853341079805
2022-09-01,45.55991248589757,36.860640830011036,54.106233241352484,45.55991248589757,45.55991248589757,-0.2868154160076833,-0.2868154160076833,-0.2868154160076833,-0.08301648234081839,-0.08301648234081839,-0.08301648234081839,-0.2037989336668649,-0.2037989336668649,-0.2037989336668649,0.0,0.0,0.0,45.273097069889886
2022-09-02,45.560238080478946,36.45544796204124,53.23170074498225,45.560238080478946,45.560238080478946,-0.7325558658392278,-0.7325558658392278,-0.7325558658392278,-0.46345326816664134,-0.46345326816664134,-0.46345326816664134,-0.2691025976725864,-0.2691025976725864,-0.2691025976725864,0.0,0.0,0.0,44.827682214639715
2022-09-03,45.56056367506033,36.38879333306524,53.57932893304449,45.56056367506033,45.56056367506033,-0.7203796159349037,-0.7203796159349037,-0.7203796159349037,-0.3933697500209453,-0.3933697500209453,-0.3933697500209453,-0.3270098659139585,-0.3270098659139585,-0.3270098659139585,0.0,0.0,0.0,44.84018405912543
2022-09-04,45.56088926964171,37.25827624752892,54.79270730109353,45.56088926964171,45.56088926964171,0.25838946717704264,0.25838946717704264,0.25838946717704264,0.6352679616040147,0.6352679616040147,0.6352679616040147,-0.3768784944269719,-0.3768784944269719,-0.3768784944269719,0.0,0.0,0.0,45.81927873681875
2022-09-05,45.561214864223096,37.279839332422455,54.21971598780626,45.561214864223096,45.561214864223096,-0.20499838478955373,-0.20499838478955373,-0.20499838478955373,0.2132933304234399,0.2132933304234399,0.2132933304234399,-0.41829171521299363,-0.41829171521299363,-0.41829171521299363,0.0,0.0,0.0,45.35621647943354
2022-09-06,45.56154045880448,36.49471925184547,53.72165508839505,45.56154045880448,45.56154045880448,-0.2220073196838587,-0.2220073196838587,-0.2220073196838587,0.22905847395150633,0.22905847395150633,0.22905847395150633,-0.45106579363536503,-0.45106579363536503,-0.45106579363536503,0.0,0.0,0.0,45.33953313912062
2022-09-07,45.561866053385856,36.372999716776384,53.37763199677967,45.561866053385856,45.561866053385856,-0.6130319022350817,-0.6130319022350817,-0.6130319022350817,-0.13778026545176825,-0.13778026545176825,-0.13778026545176825,-0.4752516367833135,-0.4752516367833135,-0.4752516367833135,0.0,0.0,0.0,44.94883415115078
2022-09-08,45.56219164796724,36.14394567297135,54.03955376540006,45.56219164796724,45.56219164796724,-0.5741468851524436,-0.5741468851524436,-0.5741468851524436,-0.08301648233995737,-0.08301648233995737,-0.08301648233995737,-0.49113040281248627,-0.49113040281248627,-0.49113040281248627,0.0,0.0,0.0,44.988044762814795
2022-09-09,45.562517243752225,36.098266435192265,53.385120332077484,45.562517243752225,45.562517243752225,-0.9626564785109691,-0.9626564785109691,-0.9626564785109691,-0.463453268164857,-0.463453268164857,-0.463453268164857,-0.49920321034611215,-0.49920321034611215,-0.49920321034611215,0.0,0.0,0.0,44.59986076524125
2022-09-10,45.56284283953722,36.16533464111288,52.82240101066407,45.56284283953722,45.56284283953722,-0.8935449441003949,-0.8935449441003949,-0.8935449441003949,-0.39336975002073626,-0.39336975002073626,-0.39336975002073626,-0.5001751940796586,-0.5001751940796586,-0.5001751940796586,0.0,0.0,0.0,44.66929789543682
2022-09-11,45.563168435322204,37.64227050451646,54.07570528904894,45.563168435322204,45.563168435322204,0.14033366748766116,0.14033366748766116,0.14033366748766116,0.6352679616038207,0.6352679616038207,0.6352679616038207,-0.4949342941161595,-0.4949342941161595,-0.4949342941161595,0.0,0.0,0.0,45.703502102809864
2022-09-12,45.56349403110719,36.981798900616354,53.49451900763564,45.56349403110719,45.56349403110719,-0.27123196835774066,-0.27123196835774066,-0.27123196835774066,0.2132933304231569,0.2132933304231569,0.2132933304231569,-0.4845252987808975,-0.4845252987808975,-0.4845252987808975,0.0,0.0,0.0,45.29226206274945
2022-09-13,45.56381962689218,36.384528502906846,54.565986176552265,45.56381962689218,45.56381962689218,-0.24106130646035748,-0.24106130646035748,-0.24106130646035748,0.22905847395187315,0.22905847395187315,0.22905847395187315,-0.4701197804122306,-0.4701197804122306,-0.4701197804122306,0.0,0.0,0.0,45.322758320431824
2022-09-14,45.56414522267717,36.542021406235136,53.424902477703476,45.56414522267717,45.56414522267717,-0.5907629333982933,-0.5907629333982933,-0.5907629333982933,-0.137780265452948,-0.137780265452948,-0.137780265452948,-0.4529826679453452,-0.4529826679453452,-0.4529826679453452,0.0,0.0,0.0,44.973382289278874
2022-09-15,45.564470818462155,36.67519881262077,53.814106885788775,45.564470818462155,45.564470818462155,-0.5174527687077081,-0.5174527687077081,-0.5174527687077081,-0.08301648234058594,-0.08301648234058594,-0.08301648234058594,-0.4344362863671221,-0.4344362863671221,-0.4344362863671221,0.0,0.0,0.0,45.04701804975445
2022-09-16,45.56479641424714,36.5555817825908,53.03684470916742,45.56479641424714,45.56479641424714,-0.8792760273618428,-0.8792760273618428,-0.8792760273618428,-0.46345326816620935,-0.46345326816620935,-0.46345326816620935,-0.4158227591956335,-0.4158227591956335,-0.4158227591956335,0.0,0.0,0.0,44.6855203868853
2022-09-17,45.565122010032134,36.586775575771235,53.40704537515062,45.565122010032134,45.565122010032134,-0.7918354643472916,-0.7918354643472916,-0.7918354643472916,-0.3933697500192743,-0.3933697500192743,-0.3933697500192743,-0.39846571432801725,-0.39846571432801725,-0.39846571432801725,0.0,0.0,0.0,44.77328654568484
2022-09-18,45.56544760581712,37.34386257656232,54.37701873075097,45.56544760581712,45.56544760581712,0.25163570678691544,0.25163570678691544,0.25163570678691544,0.6352679616031414,0.6352679616031414,0.6352679616031414,-0.3836322548162259,-0.3836322548162259,-0.3836322548162259,0.0,0.0,0.0,45.81708331260403
2022-09-19,45.565773201602106,37.577705683976404,53.329082706428224,45.565773201602106,45.565773201602106,-0.15920282335579866,-0.15920282335579866,-0.15920282335579866,0.21329333042444568,0.21329333042444568,0.21329333042444568,-0.37249615378024437,-0.37249615378024437,-0.37249615378024437,0.0,0.0,0.0,45.40657037824631
2022-09-20,45.5660987973871,36.638863788359785,54.49900782008913,45.5660987973871,45.5660987973871,-0.13704473285284507,-0.13704473285284507,-0.13704473285284507,0.2290584739508225,0.2290584739508225,0.2290584739508225,-0.3661032068036676,-0.3661032068036676,-0.3661032068036676,0.0,0.0,0.0,45.429054064534256
2022-09-21,45.566424393172085,36.62405571494951,53.12753404845015,45.566424393172085,45.566424393172085,-0.5031198917803789,-0.5031198917803789,-0.5031198917803789,-0.137780265452615,-0.137780265452615,-0.137780265452615,-0.36533962632776396,-0.36533962632776396,-0.36533962632776396,0.0,0.0,0.0,45.063304501391706
2022-09-22,45.56674998895707,37.31949385411684,53.87646008912914,45.56674998895707,45.56674998895707,-0.45392077433155126,-0.45392077433155126,-0.45392077433155126,-0.08301648233964137,-0.08301648233964137,-0.08301648233964137,-0.3709042919919099,-0.3709042919919099,-0.3709042919919099,0.0,0.0,0.0,45.11282921462552
2022-09-23,45.567075584742064,36.57040022537743,53.29735861073247,45.567075584742064,45.567075584742064,-0.8467388483335716,-0.8467388483335716,-0.8467388483335716,-0.46345326816599336,-0.46345326816599336,-0.46345326816599336,-0.3832855801675782,-0.3832855801675782,-0.3832855801675782,0.0,0.0,0.0,44.72033673640849
2022-09-24,45.56740118052705,35.994456578101534,53.256141180073605,45.56740118052705,45.56740118052705,-0.796113137386951,-0.796113137386951,-0.796113137386951,-0.39336975001781244,-0.39336975001781244,-0.39336975001781244,-0.40274338736913856,-0.40274338736913856,-0.40274338736913856,0.0,0.0,0.0,44.771288043140096
2022-09-25,45.56772677631204,37.497264464541296,53.98354008672628,45.56772677631204,45.56772677631204,0.20597112325397335,0.20597112325397335,0.20597112325397335,0.6352679616029474,0.6352679616029474,0.6352679616029474,-0.4292968383489741,-0.4292968383489741,-0.4292968383489741,0.0,0.0,0.0,45.77369789956602
2022-09-26,45.56805237209703,36.676505282213135,53.376940123222916,45.56805237209703,45.56805237209703,-0.24942470310283135,-0.24942470310283135,-0.24942470310283135,0.21329333042416282,0.21329333042416282,0.21329333042416282,-0.4627180335269942,-0.4627180335269942,-0.4627180335269942,0.0,0.0,0.0,45.318627668994196
2022-09-27,45.56837796788202,36.9137958898776,53.77809522209234,45.56837796788202,45.56837796788202,-0.2734735712857588,-0.2734735712857588,-0.2734735712857588,0.22905847395118933,0.22905847395118933,0.22905847395118933,-0.5025320452369482,-0.5025320452369482,-0.5025320452369482,0.0,0.0,0.0,45.294904396596266
2022-09-28,45.56870356366701,36.64006828699494,53.293198180811125,45.56870356366701,45.56870356366701,-0.6858034870634363,-0.6858034870634363,-0.6858034870634363,-0.13778026545354832,-0.13778026545354832,-0.13778026545354832,-0.548023221609888,-0.548023221609888,-0.548023221609888,0.0,0.0,0.0,44.88290007660357
2022-09-29,45.56902915945199,36.339669260604744,52.56830113587212,45.56902915945199,45.56902915945199,-0.681264186731187,-0.681264186731187,-0.681264186731187,-0.08301648234026997,-0.08301648234026997,-0.08301648234026997,-0.5982477043909171,-0.5982477043909171,-0.5982477043909171,0.0,0.0,0.0,44.88776497272081
2022-09-30,45.569354755236986,36.10635990710985,52.868896749816486,45.569354755236986,45.569354755236986,-1.1155051844410584,-1.1155051844410584,-1.1155051844410584,-0.46345326816500076,-0.46345326816500076,-0.46345326816500076,-0.6520519162760579,-0.6520519162760579,-0.6520519162760579,0.0,0.0,0.0,44.45384957079593
2022-10-01,45.56968035102197,35.79414055849079,53.0864575797646,45.56968035102197,45.56968035102197,-1.1014663781191893,-1.1014663781191893,-1.1014663781191893,-0.3933697500188563,-0.3933697500188563,-0.3933697500188563,-0.7080966281003331,-0.7080966281003331,-0.7080966281003331,0.0,0.0,0.0,44.46821397290278
2022-10-02,45.57000594680696,36.948194587082796,53.49315754726755,45.57000594680696,45.57000594680696,-0.12961811829383676,-0.12961811829383676,-0.12961811829383676,0.6352679616041321,0.6352679616041321,0.6352679616041321,-0.7648860798979689,-0.7648860798979689,-0.7648860798979689,0.0,0.0,0.0,45.440387828513124
2022-10-03,45.570331542591944,36.682620441751915,53.40218391401367,45.570331542591944,45.570331542591944,-0.6075081753463091,-0.6075081753463091,-0.6075081753463091,0.21329333042386903,0.21329333042386903,0.21329333042386903,-0.8208015057701781,-0.8208015057701781,-0.8208015057701781,0.0,0.0,0.0,44.96282336724563
2022-10-04,45.57065713837694,36.118344516029254,53.127629782146826,45.57065713837694,45.57065713837694,-0.6450798296467162,-0.6450798296467162,-0.6450798296467162,0.22905847395084736,0.22905847395084736,0.22905847395084736,-0.8741383035975635,-0.8741383035975635,-0.8741383035975635,0.0,0.0,0.0,44.92557730873022
2022-10-05,45.57098273416192,35.14163412587951,52.92347363766281,45.57098273416192,45.57098273416192,-1.0609262650089644,-1.0609262650089644,-1.0609262650089644,-0.13778026545219538,-0.13778026545219538,-0.13778026545219538,-0.9231459995567689,-0.9231459995567689,-0.9231459995567689,0.0,0.0,0.0,44.51005646915296
2022-10-06,45.57130832994691,36.28267909426428,52.84402279529698,45.57130832994691,45.57130832994691,-1.0490865686317346,-1.0490865686317346,-1.0490865686317346,-0.08301648233932543,-0.08301648233932543,-0.08301648233932543,-0.9660700862924092,-0.9660700862924092,-0.9660700862924092,0.0,0.0,0.0,44.52222176131517
2022-10-07,45.5716339257319,35.4646664471964,52.37314127162818,45.5716339257319,45.5716339257319,-1.4646480323155742,-1.4646480323155742,-1.4646480323155742,-0.4634532681647847,-0.4634532681647847,-0.4634532681647847,-1.0011947641507897,-1.0011947641507897,-1.0011947641507897,0.0,0.0,0.0,44.10698589341633
2022-10-08,45.57195952151689,35.58980279746083,53.08997368990636,45.57195952151689,45.57195952151689,-1.420255338311628,-1.420255338311628,-1.420255338311628,-0.39336975001739444,-0.39336975001739444,-0.39336975001739444,-1.0268855882942338,-1.0268855882942338,-1.0268855882942338,0.0,0.0,0.0,44.15170418320526
2022-10-09,45.572285117301874,36.635718266877056,53.80615839081213,45.572285117301874,45.572285117301874,-0.4063630597566174,-0.4063630597566174,-0.4063630597566174,0.6352679616039382,0.6352679616039382,0.6352679616039382,-1.0416310213605555,-1.0416310213605555,-1.0416310213605555,0.0,0.0,0.0,45.16592205754526
2022-10-10,45.57261071308687,36.921036866583265,52.82740475992139,45.57261071308687,45.57261071308687,-0.8307885812904713,-0.8307885812904713,-0.8307885812904713,0.21329333042358617,0.21329333042358617,0.21329333042358617,-1.0440819117140574,-1.0440819117140574,-1.0440819117140574,0.0,0.0,0.0,44.7418221317964
2022-10-11,45.57293630887185,36.40684829921477,52.96638559452378,45.57293630887185,45.57293630887185,-0.8040294867718228,-0.8040294867718228,-0.8040294867718228,0.22905847395149997,0.22905847395149997,0.22905847395149997,-1.0330879607233228,-1.0330879607233228,-1.0330879607233228,0.0,0.0,0.0,44.76890682210003
2022-10-12,45.57326190465684,36.019955244414895,52.19790453191977,45.57326190465684,45.57326190465684,-1.1455105732999875,-1.1455105732999875,-1.1455105732999875,-0.1377802654518624,-0.1377802654518624,-0.1377802654518624,-1.007730307848125,-1.007730307848125,-1.007730307848125,0.0,0.0,0.0,44.42775133135685
2022-10-13,45.573587500441825,36.26327584834406,52.822904162354384,45.573587500441825,45.573587500441825,-1.0503659304288555,-1.0503659304288555,-1.0503659304288555,-0.08301648234152709,-0.08301648234152709,-0.08301648234152709,-0.9673494480873285,-0.9673494480873285,-0.9673494480873285,0.0,0.0,0.0,44.52322157001297
2022-10-14,45.57391309622682,35.55759279011271,52.53699442651023,45.57391309622682,45.57391309622682,-1.375021068605835,-1.375021068605835,-1.375021068605835,-0.4634532681661371,-0.4634532681661371,-0.4634532681661371,-0.911567800439698,-0.911567800439698,-0.911567800439698,0.0,0.0,0.0,44.198892027620985
2022-10-15,45.574238692011804,35.63857344699242,52.98520780553465,45.574238692011804,45.574238692011804,-1.2336761160534506,-1.2336761160534506,-1.2336761160534506,-0.39336975002116026,-0.39336975002116026,-0.39336975002116026,-0.8403063660322903,-0.8403063660322903,-0.8403063660322903,0.0,0.0,0.0,44.34056257595835
2022-10-16,45.57456428779679,36.44866153015443,53.21663606678841,45.57456428779679,45.57456428779679,-0.11852708600604109,-0.11852708600604109,-0.11852708600604109,0.6352679616025695,0.6352679616025695,0.6352679616025695,-0.7537950476086106,-0.7537950476086106,-0.7537950476086106,0.0,0.0,0.0,45.45603720179075
2022-10-17,45.57488988358178,37.10285687833212,53.544377635684725,45.57488988358178,45.57488988358178,-0.43928301460786356,-0.43928301460786356,-0.43928301460786356,0.21329333042329246,0.21329333042329246,0.21329333042329246,-0.652576345031156,-0.652576345031156,-0.652576345031156,0.0,0.0,0.0,45.135606868973916
2022-10-18,45.57521547936677,36.687160756725184,53.117522504892065,45.57521547936677,45.57521547936677,-0.3084438169923156,-0.3084438169923156,-0.3084438169923156,0.2290584739511581,0.2290584739511581,0.2290584739511581,-0.5375022909434737,-0.5375022909434737,-0.5375022909434737,0.0,0.0,0.0,45.26677166237445
2022-10-19,45.575541075151754,36.65102015028243,53.241844718055695,45.575541075151754,45.575541075151754,-0.5475049087778264,-0.5475049087778264,-0.5475049087778264,-0.1377802654515294,-0.1377802654515294,-0.1377802654515294,-0.40972464332629704,-0.40972464332629704,-0.40972464332629704,0.0,0.0,0.0,45.02803616637393
2022-10-20,45.575866670936755,36.71485572648409,54.455721605145925,45.575866670936755,45.575866670936755,-0.3536949860861519,-0.3536949860861519,-0.3536949860861519,-0.08301648234058258,-0.08301648234058258,-0.08301648234058258,-0.27067850374556934,-0.27067850374556934,-0.27067850374556934,0.0,0.0,0.0,45.2221716848506
2022-10-21,45.57619226672174,36.77191945013044,53.08095456977768,45.57619226672174,45.57619226672174,-0.5855129463358676,-0.5855129463358676,-0.5855129463358676,-0.463453268165921,-0.463453268165921,-0.463453268165921,-0.12205967816994662,-0.12205967816994662,-0.12205967816994662,0.0,0.0,0.0,44.99067932038587
2022-10-22,45.576517862506726,36.89945554370499,53.631243104242444,45.576517862506726,45.576517862506726,-0.35916598788867826,-0.35916598788867826,-0.35916598788867826,-0.3933697500196983,-0.3933697500196983,-0.3933697500196983,0.03420376213102006,0.03420376213102006,0.03420376213102006,0.0,0.0,0.0,45.217351874618046
2022-10-23,45.57684345829171,37.14223610767976,54.916503443434316,45.57684345829171,45.57684345829171,0.8312530936871667,0.8312530936871667,0.8312530936871667,0.6352679616030649,0.6352679616030649,0.6352679616030649,0.1959851320841018,0.1959851320841018,0.1959851320841018,0.0,0.0,0.0,46.40809655197888
2022-10-24,45.577169054076705,37.67583686431723,54.88278516472993,45.577169054076705,45.577169054076705,0.5742906231884963,0.5742906231884963,0.5742906231884963,0.21329333042302032,0.21329333042302032,0.21329333042302032,0.3609972927654761,0.3609972927654761,0.3609972927654761,0.0,0.0,0.0,46.1514596772652
2022-10-25,45.57749464986169,37.78380956045607,54.90389257333125,45.57749464986169,45.57749464986169,0.7558929896358166,0.7558929896358166,0.7558929896358166,0.22905847395152487,0.22905847395152487,0.22905847395152487,0.5268345156842917,0.5268345156842917,0.5268345156842917,0.0,0.0,0.0,46.33338763949751
2022-10-26,45.57782024564668,36.79035522302772,54.8534881657246,45.57782024564668,45.57782024564668,0.553236900040794,0.553236900040794,0.553236900040794,-0.13778026545246266,-0.13778026545246266,-0.13778026545246266,0.6910171654932566,0.6910171654932566,0.6910171654932566,0.0,0.0,0.0,46.13105714568747
2022-10-27,45.57814584143167,38.01014294550801,55.06101179303753,45.57814584143167,45.57814584143167,0.768021771352374,0.768021771352374,0.768021771352374,-0.08301648233972157,-0.08301648233972157,-0.08301648233972157,0.8510382536920955,0.8510382536920955,0.8510382536920955,0.0,0.0,0.0,46.34616761278404
2022-10-28,45.578471437216656,38.018194357012256,54.44506587396631,45.578471437216656,45.578471437216656,0.5409576076867793,0.5409576076867793,0.5409576076867793,-0.46345326816727334,-0.46345326816727334,-0.46345326816727334,1.0044108758540526,1.0044108758540526,1.0044108758540526,0.0,0.0,0.0,46.119429044903434
2022-10-29,45.57879703300164,38.34999786410096,54.63451927400112,45.57879703300164,45.57879703300164,0.7553457772055537,0.7553457772055537,0.7553457772055537,-0.39336975001948926,-0.39336975001948926,-0.39336975001948926,1.148715527225043,1.148715527225043,1.148715527225043,0.0,0.0,0.0,46.3341428102072
2022-10-30,45.57912262878663,38.747225698293875,55.529700229669785,45.57912262878663,45.57912262878663,1.916914258022224,1.916914258022224,1.916914258022224,0.6352679616035604,0.6352679616035604,0.6352679616035604,1.2816462964186637,1.2816462964186637,1.2816462964186637,0.0,0.0,0.0,47.49603688680885
2022-10-31,45.57944822457162,38.69775456068587,55.5091013686392,45.57944822457162,45.57944822457162,1.614348294579955,1.614348294579955,1.614348294579955,0.2132933304227266,0.2132933304227266,0.2132933304227266,1.4010549641572285,1.4010549641572285,1.4010549641572285,0.0,0.0,0.0,47.193796519151576
2022-11-01,45.57977382035661,38.80706558083899,55.87490057693373,45.57977382035661,45.57977382035661,1.7340505567777205,1.7340505567777205,1.7340505567777205,0.2290584739514688,0.2290584739514688,0.2290584739514688,1.5049920828262515,1.5049920828262515,1.5049920828262515,0.0,0.0,0.0,47.313824377134324
2022-11-02,45.58009941614159,38.062153440954695,55.51710821442759,45.58009941614159,45.58009941614159,1.4539639162727322,1.4539639162727322,1.4539639162727322,-0.13778026545339594,-0.13778026545339594,-0.13778026545339594,1.5917441817261282,1.5917441817261282,1.5917441817261282,0.0,0.0,0.0,47.03406333241433
2022-11-03,45.580425011926586,38.448256982477666,55.68908699474542,45.580425011926586,45.580425011926586,1.5768498482945974,1.5768498482945974,1.5768498482945974,-0.08301648234035014,-0.08301648234035014,-0.08301648234035014,1.6598663306349475,1.6598663306349475,1.6598663306349475,0.0,0.0,0.0,47.157274860221186
2022-11-04,45.58075060771157,38.28385728556384,55.2616886307212,45.58075060771157,45.58075060771157,1.244756130351628,1.244756130351628,1.244756130351628,-0.46345326816548904,-0.46345326816548904,-0.46345326816548904,1.708209398517117,1.708209398517117,1.708209398517117,0.0,0.0,0.0,46.8255067380632
2022-11-05,45.58107620349656,39.10494623281016,55.33355806402737,45.58107620349656,45.58107620349656,1.3425717123984002,1.3425717123984002,1.3425717123984002,-0.39336975001928026,-0.39336975001928026,-0.39336975001928026,1.7359414624176805,1.7359414624176805,1.7359414624176805,0.0,0.0,0.0,46.92364791589496
2022-11-06,45.58140179928155,39.43134424168593,56.280771239335394,45.58140179928155,45.58140179928155,2.3778309126008965,2.3778309126008965,2.3778309126008965,0.6352679616033663,0.6352679616033663,0.6352679616033663,1.7425629509975302,1.7425629509975302,1.7425629509975302,0.0,0.0,0.0,47.95923271188245
2022-11-07,45.58172739506654,39.0192081545628,55.33923492446929,45.58172739506654,45.58172739506654,1.941208575210598,1.941208575210598,1.941208575210598,0.21329333042401535,0.21329333042401535,0.21329333042401535,1.7279152447865826,1.7279152447865826,1.7279152447865826,0.0,0.0,0.0,47.52293597027713
2022-11-08,45.58205299085152,39.25933870874635,55.7918302679107,45.58205299085152,45.58205299085152,1.9212410718071082,1.9212410718071082,1.9212410718071082,0.2290584739518356,0.2290584739518356,0.2290584739518356,1.6921825978552727,1.6921825978552727,1.6921825978552727,0.0,0.0,0.0,47.50329406265863
2022-11-09,45.58237858663651,38.18532892962421,55.7655565950576,45.58237858663651,45.58237858663651,1.4981071245496183,1.4981071245496183,1.4981071245496183,-0.13778026545306296,-0.13778026545306296,-0.13778026545306296,1.6358873900026811,1.6358873900026811,1.6358873900026811,0.0,0.0,0.0,47.08048571118613
2022-11-10,45.5827041824215,39.42876889832095,55.48874244490089,45.5827041824215,45.5827041824215,1.4768623791029516,1.4768623791029516,1.4768623791029516,-0.0830164823409787,-0.0830164823409787,-0.0830164823409787,1.5598788614439305,1.5598788614439305,1.5598788614439305,0.0,0.0,0.0,47.059566561524456
2022-11-11,45.58302977820649,38.53287447849414,55.27094409392592,45.58302977820649,45.58302977820649,1.0018623519889962,1.0018623519889962,1.0018623519889962,-0.46345326816684135,-0.46345326816684135,-0.46345326816684135,1.4653156201558375,1.4653156201558375,1.4653156201558375,0.0,0.0,0.0,46.584892130195485
2022-11-12,45.58335537399147,38.217665351565216,55.32707610333668,45.58335537399147,45.58335537399147,0.9602725924359299,0.9602725924359299,0.9602725924359299,-0.39336975002179314,-0.39336975002179314,-0.39336975002179314,1.353642342457723,1.353642342457723,1.353642342457723,0.0,0.0,0.0,46.5436279664274
2022-11-13,45.583680969776466,39.03563949727114,56.65659720331818,45.583680969776466,45.583680969776466,1.8618291688061148,1.8618291688061148,1.8618291688061148,0.6352679616031723,0.6352679616031723,0.6352679616031723,1.2265612072029426,1.2265612072029426,1.2265612072029426,0.0,0.0,0.0,47.445510138582584
2022-11-14,45.58400656556146,37.74875512542042,55.10680167192091,45.58400656556146,45.58400656556146,1.299292040996836,1.299292040996836,1.299292040996836,0.21329333042373247,0.21329333042373247,0.21329333042373247,1.0859987105731035,1.0859987105731035,1.0859987105731035,0.0,0.0,0.0,46.8832986065583
2022-11-15,45.584332161346445,37.560918284348745,55.098174249913725,45.584332161346445,45.584332161346445,1.1631270735818515,1.1631270735818515,1.1631270735818515,0.2290584739507849,0.2290584739507849,0.2290584739507849,0.9340685996310667,0.9340685996310667,0.9340685996310667,0.0,0.0,0.0,46.7474592349283
2022-11-16,45.58465775713144,38.16811099643398,54.55393516115186,45.58465775713144,45.58465775713144,0.6352514712170807,0.6352514712170807,0.6352514712170807,-0.13778026545272998,-0.13778026545272998,-0.13778026545272998,0.7730317366698106,0.7730317366698106,0.7730317366698106,0.0,0.0,0.0,46.21990922834852
2022-11-17,45.584983352916424,37.01575541276334,53.91235204966096,45.584983352916424,45.584983352916424,0.522237279148445,0.522237279148445,0.522237279148445,-0.08301648234003414,-0.08301648234003414,-0.08301648234003414,0.605253761488479,0.605253761488479,0.605253761488479,0.0,0.0,0.0,46.107220632064866
2022-11-18,45.585308953759906,37.00964801420759,53.83181813427944,45.585308953759906,45.585308953759906,-0.03029181411050499,-0.03029181411050499,-0.03029181411050499,-0.46345326816428045,-0.46345326816428045,-0.46345326816428045,0.43316145405377543,0.43316145405377543,0.43316145405377543,0.0,0.0,0.0,45.5550171396494
2022-11-19,45.58563455460339,36.782044917549236,53.32265787071851,45.58563455460339,45.58563455460339,-0.13417103501900723,-0.13417103501900723,-0.13417103501900723,-0.3933697500203313,-0.3933697500203313,-0.3933697500203313,0.2591987150013241,0.2591987150013241,0.2591987150013241,0.0,0.0,0.0,45.45146351958438
2022-11-20,45.58596015544688,38.14851850108641,55.032633195045236,45.58596015544688,45.58596015544688,0.7210510376392285,0.7210510376392285,0.7210510376392285,0.6352679616036677,0.6352679616036677,0.6352679616036677,0.08578307603556079,0.08578307603556079,0.08578307603556079,0.0,0.0,0.0,46.307011193086105
2022-11-21,45.58628575629036,36.96441947963511,54.06845920867283,45.58628575629036,45.58628575629036,0.12855695723029104,0.12855695723029104,0.12855695723029104,0.2132933304234495,0.2132933304234495,0.2132933304234495,-0.08473637319315847,-0.08473637319315847,-0.08473637319315847,0.0,0.0,0.0,45.714842713520646
2022-11-22,45.58661135713385,36.875315051857484,54.52305091564044,45.58661135713385,45.58661135713385,-0.021060325817527085,-0.021060325817527085,-0.021060325817527085,0.2290584739511518,0.2290584739511518,0.2290584739511518,-0.25011879976867885,-0.25011879976867885,-0.25011879976867885,0.0,0.0,0.0,45.56555103131632
2022-11-23,45.58693695797733,36.483191760524825,53.13200199260279,45.58693695797733,45.58693695797733,-0.5460486698531773,-0.5460486698531773,-0.5460486698531773,-0.13778026545264338,-0.13778026545264338,-0.13778026545264338,-0.40826840440053397,-0.40826840440053397,-0.40826840440053397,0.0,0.0,0.0,45.04088828812415
2022-11-24,45.58726255882081,36.3395150002723,53.069874209861474,45.58726255882081,45.58726255882081,-0.6402839424111303,-0.6402839424111303,-0.6402839424111303,-0.08301648233908962,-0.08301648233908962,-0.08301648233908962,-0.5572674600720406,-0.5572674600720406,-0.5572674600720406,0.0,0.0,0.0,44.94697861640968
2022-11-25,45.58758815966431,35.979653088891304,53.007057955773654,45.58758815966431,45.58758815966431,-1.1588582733787032,-1.1588582733787032,-1.1588582733787032,-0.46345326816563276,-0.46345326816563276,-0.46345326816563276,-0.6954050052130702,-0.6954050052130702,-0.6954050052130702,0.0,0.0,0.0,44.4287298862856
2022-11-26,45.58791376050779,36.568716849691846,53.3318527378911,45.58791376050779,45.58791376050779,-1.2145704394121069,-1.2145704394121069,-1.2145704394121069,-0.39336975002137514,-0.39336975002137514,-0.39336975002137514,-0.8212006893907317,-0.8212006893907317,-0.8212006893907317,0.0,0.0,0.0,44.37334332109568
2022-11-27,45.58823936135127,36.16585120834752,53.72133222915637,45.58823936135127,45.58823936135127,-0.2981554226374847,-0.2981554226374847,-0.2981554226374847,0.6352679616041631,0.6352679616041631,0.6352679616041631,-0.9334233842416478,-0.9334233842416478,-0.9334233842416478,0.0,0.0,0.0,45.290083938713785
2022-11-28,45.58856496219476,35.97152540489262,52.587996718117125,45.58856496219476,45.58856496219476,-0.8178109634476414,-0.8178109634476414,-0.8178109634476414,0.2132933304247383,0.2132933304247383,0.2132933304247383,-1.0311042938723796,-1.0311042938723796,-1.0311042938723796,0.0,0.0,0.0,44.77075399874712
2022-11-29,45.58889056303824,36.217164310755216,53.12982136310133,45.58889056303824,45.58889056303824,-0.8844859504492104,-0.8844859504492104,-0.8844859504492104,0.2290584739508098,0.2290584739508098,0.2290584739508098,-1.1135444244000203,-1.1135444244000203,-1.1135444244000203,0.0,0.0,0.0,44.70440461258903
2022-11-30,45.58921616388173,36.29076172056679,52.60648541474702,45.58921616388173,45.58921616388173,-1.3180966642659295,-1.3180966642659295,-1.3180966642659295,-0.13778026545357672,-0.13778026545357672,-0.13778026545357672,-1.1803163988123528,-1.1803163988123528,-1.1803163988123528,0.0,0.0,0.0,44.2711194996158
2022-12-01,45.58954176472521,36.12032766404177,52.781395325161256,45.58954176472521,45.58954176472521,-1.3142772103907598,-1.3142772103907598,-1.3142772103907598,-0.08301648233971817,-0.08301648233971817,-0.08301648233971817,-1.231260728051042,-1.231260728051042,-1.231260728051042,0.0,0.0,0.0,44.27526455433445
2022-12-02,45.58986736556869,35.76307758432289,52.22123125921054,45.58986736556869,45.58986736556869,-1.7299300374908815,-1.7299300374908815,-1.7299300374908815,-0.4634532681654167,-0.4634532681654167,-0.4634532681654167,-1.266476769325465,-1.266476769325465,-1.266476769325465,0.0,0.0,0.0,43.85993732807781
2022-12-03,45.59019296641218,35.64498864153074,52.96576681845271,45.59019296641218,45.59019296641218,-1.6796784655882115,-1.6796784655882115,-1.6796784655882115,-0.3933697500199132,-0.3933697500199132,-0.3933697500199132,-1.2863087155682986,-1.2863087155682986,-1.2863087155682986,0.0,0.0,0.0,43.91051450082397
2022-12-04,45.590518567255664,36.21251334442934,53.38996519901965,45.590518567255664,45.590518567255664,-0.6560591015411342,-0.6560591015411342,-0.6560591015411342,0.6352679616027946,0.6352679616027946,0.6352679616027946,-1.2913270631439286,-1.2913270631439286,-1.2913270631439286,0.0,0.0,0.0,44.93445946571453
2022-12-05,45.590844168099146,35.17066820298771,52.89113524609219,45.590844168099146,45.590844168099146,-1.0690127658393287,-1.0690127658393287,-1.0690127658393287,0.21329333042445528,0.21329333042445528,0.21329333042445528,-1.282306096263784,-1.282306096263784,-1.282306096263784,0.0,0.0,0.0,44.52183140225982
2022-12-06,45.591169768942635,35.994528244307794,53.218930917521014,45.591169768942635,45.591169768942635,-1.0311395301782305,-1.0311395301782305,-1.0311395301782305,0.22905847395117668,0.22905847395117668,0.22905847395117668,-1.2601980041294072,-1.2601980041294072,-1.2601980041294072,0.0,0.0,0.0,44.560030238764405
2022-12-07,45.59149536978612,36.620310796008845,52.61747034201768,45.59149536978612,45.59149536978612,-1.3638845745309454,-1.3638845745309454,-1.3638845745309454,-0.13778026545197733,-0.13778026545197733,-0.13778026545197733,-1.226104309078968,-1.226104309078968,-1.226104309078968,0.0,0.0,0.0,44.227610795255174
2022-12-08,45.591820970629605,35.48342551423666,52.58996742832476,45.591820970629605,45.591820970629605,-1.2642618120750237,-1.2642618120750237,-1.2642618120750237,-0.08301648234034674,-0.08301648234034674,-0.08301648234034674,-1.1812453297346772,-1.1812453297346772,-1.1812453297346772,0.0,0.0,0.0,44.32755915855458
2022-12-09,45.592146571473094,34.68213012675163,52.639764583299275,45.592146571473094,45.592146571473094,-1.5903816997592852,-1.5903816997592852,-1.5903816997592852,-0.46345326816442417,-0.46345326816442417,-0.46345326816442417,-1.1269284315948613,-1.1269284315948613,-1.1269284315948613,0.0,0.0,0.0,44.00176487171381
2022-12-10,45.592472172316576,35.575302503384634,52.55881768630363,45.592472172316576,45.592472172316576,-1.457885578223032,-1.457885578223032,-1.457885578223032,-0.39336975001970426,-0.39336975001970426,-0.39336975001970426,-1.0645158282033278,-1.0645158282033278,-1.0645158282033278,0.0,0.0,0.0,44.13458659409354
2022-12-11,45.592797773160065,37.255832576565304,53.19423072051483,45.592797773160065,45.592797773160065,-0.360124727468262,-0.360124727468262,-0.360124727468262,0.6352679616026006,0.6352679616026006,0.6352679616026006,-0.9953926890708625,-0.9953926890708625,-0.9953926890708625,0.0,0.0,0.0,45.232673045691804
2022-12-12,45.59312337400355,36.63668269898096,52.781051364823846,45.59312337400355,45.59312337400355,-0.7076429558093673,-0.7076429558093673,-0.7076429558093673,0.21329333042416165,0.21329333042416165,0.21329333042416165,-0.920936286233529,-0.920936286233529,-0.920936286233529,0.0,0.0,0.0,44.88548041819418
2022-12-13,45.59344897484703,36.61916846716539,53.460549768198376,45.59344897484703,45.59344897484703,-0.6134283966399069,-0.6134283966399069,-0.6134283966399069,0.22905847395083476,0.22905847395083476,0.22905847395083476,-0.8424868705907418,-0.8424868705907418,-0.8424868705907418,0.0,0.0,0.0,44.980020578207125
2022-12-14,45.59377457569052,37.13676063003558,53.9692913243715,45.59377457569052,45.59377457569052,-0.8991011785177234,-0.8991011785177234,-0.8991011785177234,-0.13778026545291067,-0.13778026545291067,-0.13778026545291067,-0.7613209130648128,-0.7613209130648128,-0.7613209130648128,0.0,0.0,0.0,44.69467339717279
2022-12-15,45.594100176534,35.97477549581034,53.6449293574856,45.594100176534,45.594100176534,-0.7616437580486007,-0.7616437580486007,-0.7616437580486007,-0.08301648234105885,-0.08301648234105885,-0.08301648234105885,-0.6786272757075419,-0.6786272757075419,-0.6786272757075419,0.0,0.0,0.0,44.8324564184854
2022-12-16,45.59442577737749,36.58708582947479,53.018764858962676,45.59442577737749,45.59442577737749,-1.0589400640757556,-1.0589400640757556,-1.0589400640757556,-0.4634532681642081,-0.4634532681642081,-0.4634532681642081,-0.5954867959115475,-0.5954867959115475,-0.5954867959115475,0.0,0.0,0.0,44.53548571330173
2022-12-17,45.59475137822097,36.11769663262251,52.975274292147375,45.59475137822097,45.59475137822097,-0.9062254249320093,-0.9062254249320093,-0.9062254249320093,-0.3933697500182423,-0.3933697500182423,-0.3933697500182423,-0.5128556749137669,-0.5128556749137669,-0.5128556749137669,0.0,0.0,0.0,44.68852595328896
2022-12-18,45.59507697906445,37.22859213783403,54.527627165801505,45.59507697906445,45.59507697906445,0.2037149995620758,0.2037149995620758,0.2037149995620758,0.6352679616037852,0.6352679616037852,0.6352679616037852,-0.4315529620417094,-0.4315529620417094,-0.4315529620417094,0.0,0.0,0.0,45.798791978626525
2022-12-19,45.59540257990794,36.70340313255615,53.59293120293581,45.59540257990794,45.59540257990794,-0.13895899064578593,-0.13895899064578593,-0.13895899064578593,0.2132933304238895,0.2132933304238895,0.2132933304238895,-0.3522523210696754,-0.3522523210696754,-0.3522523210696754,0.0,0.0,0.0,45.45644358926216
2022-12-20,45.59572818075142,36.798037273906566,53.491054496188084,45.59572818075142,45.59572818075142,-0.046419683116130095,-0.046419683116130095,-0.046419683116130095,0.22905847395148737,0.22905847395148737,0.22905847395148737,-0.2754781570676174,-0.2754781570676174,-0.2754781570676174,0.0,0.0,0.0,45.549308497635295
2022-12-21,45.596053781594904,36.77804675767213,53.65173645738019,45.596053781594904,45.596053781594904,-0.33938633926981737,-0.33938633926981737,-0.33938633926981737,-0.13778026545257765,-0.13778026545257765,-0.13778026545257765,-0.20160607381723974,-0.20160607381723974,-0.20160607381723974,0.0,0.0,0.0,45.25666744232509
2022-12-22,45.5963793824384,36.82320417145889,53.44668370478333,45.5963793824384,45.5963793824384,-0.21388400804070962,-0.21388400804070962,-0.21388400804070962,-0.08301648234011433,-0.08301648234011433,-0.08301648234011433,-0.13086752570059526,-0.13086752570059526,-0.13086752570059526,0.0,0.0,0.0,45.38249537439769
2022-12-23,45.59670498328188,36.36551103316296,52.688782512728366,45.59670498328188,45.59670498328188,-0.5268116945781369,-0.5268116945781369,-0.5268116945781369,-0.46345326816556043,-0.46345326816556043,-0.46345326816556043,-0.06335842641257645,-0.06335842641257645,-0.06335842641257645,0.0,0.0,0.0,45.069893288703746
2022-12-24,45.59703058412537,36.15817343233201,53.39302596864581,45.59703058412537,45.59703058412537,-0.39242113220227565,-0.39242113220227565,-0.39242113220227565,-0.3933697500180333,-0.3933697500180333,-0.3933697500180333,0.0009486178157576035,0.0009486178157576035,0.0009486178157576035,0.0,0.0,0.0,45.2046094519231
2022-12-25,45.59735618496885,38.45827550346964,54.705365019973364,45.59735618496885,45.59735618496885,0.6974568300373365,0.6974568300373365,0.6974568300373365,0.6352679616035912,0.6352679616035912,0.6352679616035912,0.06218886843374523,0.06218886843374523,0.06218886843374523,0.0,0.0,0.0,46.29481301500619
2022-12-26,45.597681785812334,37.498552454981976,54.093930739373725,45.597681785812334,45.597681785812334,0.3338806312878947,0.3338806312878947,0.3338806312878947,0.21329333042359575,0.21329333042359575,0.21329333042359575,0.12058730086429893,0.12058730086429893,0.12058730086429893,0.0,0.0,0.0,45.93156241710023
2022-12-27,45.59800738665582,37.56533241329286,54.29811318844387,45.59800738665582,45.59800738665582,0.4054967655912805,0.4054967655912805,0.4054967655912805,0.22905847395114548,0.22905847395114548,0.22905847395114548,0.176438291640135,0.176438291640135,0.176438291640135,0.0,0.0,0.0,46.0035041522471
2022-12-28,45.598332987499305,37.366241601637334,54.30980308423385,45.598332987499305,45.598332987499305,0.09230348389707475,0.09230348389707475,0.09230348389707475,-0.13778026545351094,-0.13778026545351094,-0.13778026545351094,0.23008374935058568,0.23008374935058568,0.23008374935058568,0.0,0.0,0.0,45.69063647139638
2022-12-29,45.598658588342786,37.56480879984487,54.293312844294604,45.598658588342786,45.598658588342786,0.19887384330241406,0.19887384330241406,0.19887384330241406,-0.0830164823407429,-0.0830164823407429,-0.0830164823407429,0.28189032564315697,0.28189032564315697,0.28189032564315697,0.0,0.0,0.0,45.7975324316452
2022-12-30,45.598984189186275,37.051824882153,54.243514373342585,45.598984189186275,45.598984189186275,-0.13122690798254755,-0.13122690798254755,-0.13122690798254755,-0.4634532681637762,-0.4634532681637762,-0.4634532681637762,0.33222636018122864,0.33222636018122864,0.33222636018122864,0.0,0.0,0.0,45.46775728120373
2022-12-31,45.59930979002976,37.1434995941047,54.3830797319865,45.59930979002976,45.59930979002976,-0.01193053480121715,-0.01193053480121715,-0.01193053480121715,-0.39336975002054614,-0.39336975002054614,-0.39336975002054614,0.381439215219329,0.381439215219329,0.381439215219329,0.0,0.0,0.0,45.58737925522854
2023-01-01,45.599635390873246,38.76028925786082,55.206354716818225,45.599635390873246,45.599635390873246,1.0651016029361253,1.0651016029361253,1.0651016029361253,0.635267961602912,0.635267961602912,0.635267961602912,0.4298336413332134,0.4298336413332134,0.4298336413332134,0.0,0.0,0.0,46.66473699380937
2023-01-02,45.59996099171673,37.767869600833706,55.15152673452159,45.59996099171673,45.59996099171673,0.6909451166840425,0.6909451166840425,0.6909451166840425,0.2132933304233021,0.2132933304233021,0.2132933304233021,0.4776517862607403,0.4776517862607403,0.4776517862607403,0.0,0.0,0.0,46.29090610840077
2023-01-03,45.60028659256021,37.840685302644125,55.072869857394736,45.60028659256021,45.60028659256021,0.7541138884771689,0.7541138884771689,0.7541138884771689,0.22905847395151224,0.22905847395151224,0.22905847395151224,0.5250554145256566,0.5250554145256566,0.5250554145256566,0.0,0.0,0.0,46.35440048103738
2023-01-04,45.6006121934037,37.312924425611904,54.80145505878172,45.6006121934037,45.6006121934037,0.4343305821573343,0.4343305821573343,0.4343305821573343,-0.13778026545317795,-0.13778026545317795,-0.13778026545317795,0.5721108476105121,0.5721108476105121,0.5721108476105121,0.0,0.0,0.0,46.034942775561035
2023-01-05,45.60093779424719,38.1796600602221,54.776485756410665,45.60093779424719,45.60093779424719,0.5357605819579442,0.5357605819579442,0.5357605819579442,-0.08301648233830879,-0.08301648233830879,-0.08301648233830879,0.618777064296253,0.618777064296253,0.618777064296253,0.0,0.0,0.0,46.13669837620513
2023-01-06,45.601263395090676,37.99470458219132,54.12998348201718,45.601263395090676,45.601263395090676,0.20144405190428002,0.20144405190428002,0.20144405190428002,-0.4634532681651285,-0.4634532681651285,-0.4634532681651285,0.6648973200694085,0.6648973200694085,0.6648973200694085,0.0,0.0,0.0,45.80270744699496
2023-01-07,45.60158899593416,37.63023892807394,54.306052641297704,45.60158899593416,45.60158899593416,0.31682480506704996,0.31682480506704996,0.31682480506704996,-0.39336975002033714,-0.39336975002033714,-0.39336975002033714,0.7101945550873872,0.7101945550873872,0.7101945550873872,0.0,0.0,0.0,45.91841380100121
2023-01-08,45.60191459677764,38.94051808185742,55.61404218161623,45.60191459677764,45.60191459677764,1.3895387257941108,1.3895387257941108,1.3895387257941108,0.635267961602718,0.635267961602718,0.635267961602718,0.7542707641913927,0.7542707641913927,0.7542707641913927,0.0,0.0,0.0,46.99145332257175
2023-01-09,45.60224019762113,37.852097103768834,55.313796699175754,45.60224019762113,45.60224019762113,1.009903732478777,1.009903732478777,1.009903732478777,0.2132933304230193,0.2132933304230193,0.2132933304230193,0.7966104020557575,0.7966104020557575,0.7966104020557575,0.0,0.0,0.0,46.612143930099904
2023-01-10,45.60256579846461,38.32714153520496,54.863450965175154,45.60256579846461,45.60256579846461,1.0656462680872647,1.0656462680872647,1.0656462680872647,0.22905847395046164,0.22905847395046164,0.22905847395046164,0.8365877941368033,0.8365877941368033,0.8365877941368033,0.0,0.0,0.0,46.668212066551874
2023-01-11,45.60289139930809,37.706876291916885,55.11813554016706,45.60289139930809,45.60289139930809,0.7356981564966039,0.7356981564966039,0.7356981564966039,-0.137780265451825,-0.137780265451825,-0.137780265451825,0.8734784219484288,0.8734784219484288,0.8734784219484288,0.0,0.0,0.0,46.338589555804695
2023-01-12,45.60321700015158,37.97829916915953,55.48741082238732,45.60321700015158,45.60321700015158,0.8234573694027219,0.8234573694027219,0.8234573694027219,-0.08301648234051044,-0.08301648234051044,-0.08301648234051044,0.9064738517432323,0.9064738517432323,0.9064738517432323,0.0,0.0,0.0,46.426674369554306
2023-01-13,45.60354260099506,37.15668697718411,54.841949628992175,45.60354260099506,45.60354260099506,0.47124671302612625,0.47124671302612625,0.47124671302612625,-0.4634532681664808,-0.4634532681664808,-0.4634532681664808,0.9346999811926071,0.9346999811926071,0.9346999811926071,0.0,0.0,0.0,46.07478931402119
2023-01-14,45.60386820183855,36.78895783522769,55.12576272575181,45.60386820183855,45.60386820183855,0.563868441323788,0.563868441323788,0.563868441323788,-0.3933697500188752,-0.3933697500188752,-0.3933697500188752,0.9572381913426632,0.9572381913426632,0.9572381913426632,0.0,0.0,0.0,46.16773664316234
2023-01-15,45.60419380268203,38.83607683177554,55.52791040269571,45.60419380268203,45.60419380268203,1.6084168746117034,1.6084168746117034,1.6084168746117034,0.6352679616032134,0.6352679616032134,0.6352679616032134,0.9731489130084898,0.9731489130084898,0.9731489130084898,0.0,0.0,0.0,47.21261067729374
2023-01-16,45.604519403525515,38.41940683091977,55.16633166933377,45.604519403525515,45.604519403525515,1.1947903800981206,1.1947903800981206,1.1947903800981206,0.21329333042429716,0.21329333042429716,0.21329333042429716,0.9814970496738235,0.9814970496738235,0.9814970496738235,0.0,0.0,0.0,46.799309783623634
2023-01-17,45.604845004369004,37.808112753114095,54.90694385929142,45.604845004369004,45.604845004369004,1.210437118452565,1.210437118452565,1.210437118452565,0.22905847395082848,0.22905847395082848,0.22905847395082848,0.9813786445017367,0.9813786445017367,0.9813786445017367,0.0,0.0,0.0,46.81528212282157
2023-01-18,45.605170605212486,38.03930659757803,55.262196453265496,45.605170605212486,45.605170605212486,0.8341678730770685,0.8341678730770685,0.8341678730770685,-0.13778026545149202,-0.13778026545149202,-0.13778026545149202,0.9719481385285604,0.9719481385285604,0.9719481385285604,0.0,0.0,0.0,46.43933847828956
2023-01-19,45.605496206055975,38.188291463599306,55.67089120687525,45.605496206055975,45.605496206055975,0.8694290591975664,0.8694290591975664,0.8694290591975664,-0.08301648233956593,-0.08301648233956593,-0.08301648233956593,0.9524455415371323,0.9524455415371323,0.9524455415371323,0.0,0.0,0.0,46.47492526525354
2023-01-20,45.60582180689946,37.67060880244993,54.30924707232383,45.60582180689946,45.60582180689946,0.45876955897704386,0.45876955897704386,0.45876955897704386,-0.4634532681662648,-0.4634532681662648,-0.4634532681662648,0.9222228271433086,0.9222228271433086,0.9222228271433086,0.0,0.0,0.0,46.06459136587651
2023-01-21,45.606147407742945,37.080529307991974,54.71680131395705,45.606147407742945,45.606147407742945,0.4873991196255754,0.4873991196255754,0.4873991196255754,-0.3933697500199191,-0.3933697500199191,-0.3933697500199191,0.8807688696454945,0.8807688696454945,0.8807688696454945,0.0,0.0,0.0,46.093546527368524
2023-01-22,45.606473008586434,38.86592474720515,55.81503239289523,45.606473008586434,45.606473008586434,1.4630002237563575,1.4630002237563575,1.4630002237563575,0.6352679616037088,0.6352679616037088,0.6352679616037088,0.8277322621526486,0.8277322621526486,0.8277322621526486,0.0,0.0,0.0,47.069473232342794
2023-01-23,45.606798609429916,37.84748803397912,55.37482965166351,45.606798609429916,45.606798609429916,0.9762347234783165,0.9762347234783165,0.9762347234783165,0.213293330424025,0.213293330424025,0.213293330424025,0.7629413930542915,0.7629413930542915,0.7629413930542915,0.0,0.0,0.0,46.58303333290823
2023-01-24,45.6071242102734,38.425310299685215,54.89648677343256,45.6071242102734,45.6071242102734,0.9154796842677639,0.9154796842677639,0.9154796842677639,0.22905847395119525,0.22905847395119525,0.22905847395119525,0.6864212103165688,0.6864212103165688,0.6864212103165688,0.0,0.0,0.0,46.52260389454116
2023-01-25,45.60744981111689,37.64481789713904,54.91362595773369,45.60744981111689,45.60744981111689,0.46062590388177077,0.46062590388177077,0.46062590388177077,-0.13778026545242536,-0.13778026545242536,-0.13778026545242536,0.5984061693341961,0.5984061693341961,0.5984061693341961,0.0,0.0,0.0,46.068075714998656
2023-01-26,45.60777541196037,36.91126235573677,54.19134182060306,45.60777541196037,45.60777541196037,0.4163324564428982,0.4163324564428982,0.4163324564428982,-0.08301648234019449,-0.08301648234019449,-0.08301648234019449,0.4993489387830927,0.4993489387830927,0.4993489387830927,0.0,0.0,0.0,46.02410786840326
2023-01-27,45.60810100783709,37.28903163169141,54.01493912484797,45.60810100783709,45.60810100783709,-0.07352873971021581,-0.07352873971021581,-0.07352873971021581,-0.46345326816684046,-0.46345326816684046,-0.46345326816684046,0.3899245284566247,0.3899245284566247,0.3899245284566247,0.0,0.0,0.0,45.53457226812688
2023-01-28,45.60842660371382,36.722784838036304,53.642029627846924,45.60842660371382,45.60842660371382,-0.1223401484922393,-0.1223401484922393,-0.1223401484922393,-0.39336975002117913,-0.39336975002117913,-0.39336975002117913,0.2710296015289398,0.2710296015289398,0.2710296015289398,0.0,0.0,0.0,45.48608645522158
2023-01-29,45.60875219959055,38.45369733788785,55.213373910878914,45.60875219959055,45.60875219959055,0.7790448005959222,0.7790448005959222,0.7790448005959222,0.6352679616042041,0.6352679616042041,0.6352679616042041,0.14377683899171806,0.14377683899171806,0.14377683899171806,0.0,0.0,0.0,46.38779700018647
2023-01-30,45.60907779546727,37.74573658013915,53.6665777433859,45.60907779546727,45.60907779546727,0.2227776642828019,0.2227776642828019,0.2227776642828019,0.2132933304237313,0.2132933304237313,0.2132933304237313,0.009484333859070593,0.009484333859070593,0.009484333859070593,0.0,0.0,0.0,45.831855459750074
2023-01-31,45.609403391343996,37.27487770038943,54.30685358711992,45.609403391343996,45.609403391343996,0.09871857869698376,0.09871857869698376,0.09871857869698376,0.22905847395085333,0.22905847395085333,0.22905847395085333,-0.13033989525386958,-0.13033989525386958,-0.13033989525386958,0.0,0.0,0.0,45.70812197004098
2023-02-01,45.60972898722073,36.329959054524885,53.83156809488849,45.60972898722073,45.60972898722073,-0.41179833530428933,-0.41179833530428933,-0.41179833530428933,-0.13778026545233882,-0.13778026545233882,-0.13778026545233882,-0.2740180698519505,-0.2740180698519505,-0.2740180698519505,0.0,0.0,0.0,45.19793065191644
2023-02-02,45.61005458309745,36.12161097474697,53.3643276471988,45.61005458309745,45.61005458309745,-0.5027436686458945,-0.5027436686458945,-0.5027436686458945,-0.08301648234082305,-0.08301648234082305,-0.08301648234082305,-0.4197271863050714,-0.4197271863050714,-0.4197271863050714,0.0,0.0,0.0,45.10731091445156
2023-02-03,45.610380178974175,35.82015152166789,53.006257083709045,45.610380178974175,45.610380178974175,-1.0289807737679815,-1.0289807737679815,-1.0289807737679815,-0.46345326816505616,-0.46345326816505616,-0.46345326816505616,-0.5655275056029251,-0.5655275056029251,-0.5655275056029251,0.0,0.0,0.0,44.58139940520619
2023-02-04,45.6107057748509,36.3345393239609,52.81279010208342,45.6107057748509,45.6107057748509,-1.1027642379645792,-1.1027642379645792,-1.1027642379645792,-0.39336975002222296,-0.39336975002222296,-0.39336975002222296,-0.7093944879423565,-0.7093944879423565,-0.7093944879423565,0.0,0.0,0.0,44.50794153688632
2023-02-05,45.61103137072762,36.88465108908098,53.472675742249415,45.61103137072762,45.61103137072762,-0.2139856139405519,-0.2139856139405519,-0.2139856139405519,0.6352679616040101,0.6352679616040101,0.6352679616040101,-0.8492535755445622,-0.8492535755445622,-0.8492535755445622,0.0,0.0,0.0,45.39704575678707
2023-02-06,45.61135696660435,36.84300919200816,53.83124230736162,45.61135696660435,45.61135696660435,-0.7697238220691697,-0.7697238220691697,-0.7697238220691697,0.2132933304234484,0.2132933304234484,0.2132933304234484,-0.9830171524926181,-0.9830171524926181,-0.9830171524926181,0.0,0.0,0.0,44.84163314453518
2023-02-07,45.61168256248107,36.33408667800969,53.46299801078434,45.61168256248107,45.61168256248107,-0.8795644753817103,-0.8795644753817103,-0.8795644753817103,0.22905847395221468,0.22905847395221468,0.22905847395221468,-1.108622949333925,-1.108622949333925,-1.108622949333925,0.0,0.0,0.0,44.73211808709936
2023-02-08,45.6120081583578,35.689629837532905,51.998302882411224,45.6120081583578,45.6120081583578,-1.3618533796698007,-1.3618533796698007,-1.3618533796698007,-0.13778026545327213,-0.13778026545327213,-0.13778026545327213,-1.2240731142165286,-1.2240731142165286,-1.2240731142165286,0.0,0.0,0.0,44.250154778688
2023-02-09,45.61233375423453,36.02592775917337,52.966743104752744,45.61233375423453,45.61233375423453,-1.4104896249747707,-1.4104896249747707,-1.4104896249747707,-0.08301648234145163,-0.08301648234145163,-0.08301648234145163,-1.3274731426333193,-1.3274731426333193,-1.3274731426333193,0.0,0.0,0.0,44.201844129259754
2023-02-10,45.61265935011125,35.042184398168544,52.00327804435258,45.61265935011125,45.61265935011125,-1.88052311345923,-1.88052311345923,-1.88052311345923,-0.4634532681664084,-0.4634532681664084,-0.4634532681664084,-1.4170698452928214,-1.4170698452928214,-1.4170698452928214,0.0,0.0,0.0,43.73213623665202
2023-02-11,45.61298494598798,35.215297631465525,52.4625248550743,45.61298494598798,45.61298494598798,-1.8846572887129576,-1.8846572887129576,-1.8846572887129576,-0.39336975002076113,-0.39336975002076113,-0.39336975002076113,-1.4912875386921964,-1.4912875386921964,-1.4912875386921964,0.0,0.0,0.0,43.728327657275024
2023-02-12,45.613310541864706,36.352584563253366,53.240315202009306,45.613310541864706,45.613310541864706,-0.9134937041648193,-0.9134937041648193,-0.9134937041648193,0.6352679616026415,0.6352679616026415,0.6352679616026415,-1.548761665767461,-1.548761665767461,-1.548761665767461,0.0,0.0,0.0,44.699816837699885
2023-02-13,45.61363613774142,35.82489730341956,52.8294918336331,45.61363613774142,45.61363613774142,-1.3750757638572146,-1.3750757638572146,-1.3750757638572146,0.21329333042316542,0.21329333042316542,0.21329333042316542,-1.58836909428038,-1.58836909428038,-1.58836909428038,0.0,0.0,0.0,44.23856037388421
2023-02-14,45.61396173361815,35.365294817393824,52.73560007781045,45.61396173361815,45.61396173361815,-1.3801959237580572,-1.3801959237580572,-1.3801959237580572,0.2290584739504553,0.2290584739504553,0.2290584739504553,-1.6092543977085125,-1.6092543977085125,-1.6092543977085125,0.0,0.0,0.0,44.23376580986009
2023-02-15,45.61428732949488,35.470651399100724,52.90030612022965,45.61428732949488,45.61428732949488,-1.7486317617652822,-1.7486317617652822,-1.7486317617652822,-0.1377802654516728,-0.1377802654516728,-0.1377802654516728,-1.6108514963136096,-1.6108514963136096,-1.6108514963136096,0.0,0.0,0.0,43.8656555677296
2023-02-16,45.6146129253716,35.823781926006994,52.38638368970723,45.6146129253716,45.6146129253716,-1.6759166057556438,-1.6759166057556438,-1.6759166057556438,-0.08301648234050708,-0.08301648234050708,-0.08301648234050708,-1.5929001234151368,-1.5929001234151368,-1.5929001234151368,0.0,0.0,0.0,43.93869631961596
2023-02-17,45.61493852124833,34.90344053348968,51.67676669747836,45.61493852124833,45.61493852124833,-2.0189099501397014,-2.0189099501397014,-2.0189099501397014,-0.4634532681661925,-0.4634532681661925,-0.4634532681661925,-1.5554566819735092,-1.5554566819735092,-1.5554566819735092,0.0,0.0,0.0,43.596028571108626
2023-02-18,45.61526411712505,35.45813549356615,51.981706693328185,45.61526411712505,45.61526411712505,-1.89226891740922,-1.89226891740922,-1.89226891740922,-0.3933697500192992,-0.3933697500192992,-0.3933697500192992,-1.4988991673899208,-1.4988991673899208,-1.4988991673899208,0.0,0.0,0.0,43.72299519971583
2023-02-19,45.61558971300178,36.711003395339546,54.2898543060565,45.61558971300178,45.61558971300178,-0.788657990120896,-0.788657990120896,-0.788657990120896,0.6352679616024476,0.6352679616024476,0.6352679616024476,-1.4239259517233436,-1.4239259517233436,-1.4239259517233436,0.0,0.0,0.0,44.826931722880886
2023-02-20,45.615915308878506,35.41328302395772,52.91147320274552,45.615915308878506,45.615915308878506,-1.1182550193907839,-1.1182550193907839,-1.1182550193907839,0.21329333042288257,0.21329333042288257,0.21329333042288257,-1.3315483498136664,-1.3315483498136664,-1.3315483498136664,0.0,0.0,0.0,44.49766028948772
2023-02-21,45.61624090475523,36.05904848269524,53.09479266860724,45.61624090475523,45.61624090475523,-0.9940185425330909,-0.9940185425330909,-0.9940185425330909,0.22905847395082216,0.22905847395082216,0.22905847395082216,-1.223077016483913,-1.223077016483913,-1.223077016483913,0.0,0.0,0.0,44.62222236222214
2023-02-22,45.61656650063196,35.90321116924707,53.14178200299133,45.61656650063196,45.61656650063196,-1.2378826187962466,-1.2378826187962466,-1.2378826187962466,-0.13778026545260608,-0.13778026545260608,-0.13778026545260608,-1.1001023533436405,-1.1001023533436405,-1.1001023533436405,0.0,0.0,0.0,44.37868388183571
2023-02-23,45.61689209650868,36.24996910785189,53.122094344210275,45.61689209650868,45.61689209650868,-1.0474857132750734,-1.0474857132750734,-1.0474857132750734,-0.08301648233964608,-0.08301648233964608,-0.08301648233964608,-0.9644692309354274,-0.9644692309354274,-0.9644692309354274,0.0,0.0,0.0,44.569406383233606
2023-02-24,45.6172176923854,35.665100443549875,53.13242248559516,45.6172176923854,45.6172176923854,-1.2816997224822249,-1.2816997224822249,-1.2816997224822249,-0.46345326816519994,-0.46345326816519994,-0.46345326816519994,-0.818246454317025,-0.818246454317025,-0.818246454317025,0.0,0.0,0.0,44.33551796990318
2023-02-25,45.61754328826213,35.60238261070165,52.713957335801474,45.61754328826213,45.61754328826213,-1.0570612649841407,-1.0570612649841407,-1.0570612649841407,-0.393369750020343,-0.393369750020343,-0.393369750020343,-0.6636915149637976,-0.6636915149637976,-0.6636915149637976,0.0,0.0,0.0,44.560482023277984
2023-02-26,45.61786888413886,37.91248862229655,54.01457719230838,45.61786888413886,45.61786888413886,0.13205668506270923,0.13205668506270923,0.13205668506270923,0.6352679616036323,0.6352679616036323,0.6352679616036323,-0.503211276540923,-0.503211276540923,-0.503211276540923,0.0,0.0,0.0,45.749925569201565
2023-02-27,45.61819448001558,36.635685977944966,54.654267413702016,45.61819448001558,45.61819448001558,-0.12602600385419177,-0.12602600385419177,-0.12602600385419177,0.21329333042258888,0.21329333042258888,0.21329333042258888,-0.3393193342767806,-0.3393193342767806,-0.3393193342767806,0.0,0.0,0.0,45.49216847616139
2023-02-28,45.618520075892306,36.90387034086573,53.952491426293264,45.618520075892306,45.618520075892306,0.05446760869317019,0.05446760869317019,0.05446760869317019,0.22905847395147474,0.22905847395147474,0.22905847395147474,-0.17459086525830456,-0.17459086525830456,-0.17459086525830456,0.0,0.0,0.0,45.67298768458548
2023-03-01,45.61884567176904,37.51608121009239,53.69550686326252,45.61884567176904,45.61884567176904,-0.14939611356175303,-0.14939611356175303,-0.14939611356175303,-0.13778026545353939,-0.13778026545353939,-0.13778026545353939,-0.011615848108213655,-0.011615848108213655,-0.011615848108213655,0.0,0.0,0.0,45.46944955820729
2023-03-02,45.61917126764576,37.67239979173504,54.653660547674946,45.61917126764576,45.61917126764576,0.06403194390788243,0.06403194390788243,0.06403194390788243,-0.08301648233870153,-0.08301648233870153,-0.08301648233870153,0.14704842624658396,0.14704842624658396,0.14704842624658396,0.0,0.0,0.0,45.683203211553646
2023-03-03,45.619496863522485,37.220810159887556,53.72290395749205,45.619496863522485,45.619496863522485,-0.16452866132477417,-0.16452866132477417,-0.16452866132477417,-0.4634532681649839,-0.4634532681649839,-0.4634532681649839,0.29892460684020966,0.29892460684020966,0.29892460684020966,0.0,0.0,0.0,45.45496820219771
2023-03-04,45.6198224593992,36.86581785559632,54.35982139570297,45.6198224593992,45.6198224593992,0.0482915976191167,0.0482915976191167,0.0482915976191167,-0.3933697500188812,-0.3933697500188812,-0.3933697500188812,0.44166134763799786,0.44166134763799786,0.44166134763799786,0.0,0.0,0.0,45.66811405701832
2023-03-05,45.62014805527593,38.44861751474723,55.44486993319708,45.62014805527593,45.62014805527593,1.2083452121067522,1.2083452121067522,1.2083452121067522,0.6352679616034383,0.6352679616034383,0.6352679616034383,0.5730772505033138,0.5730772505033138,0.5730772505033138,0.0,0.0,0.0,46.82849326738268
2023-03-06,45.62047365115266,37.19861579256621,54.624806053034675,45.62047365115266,45.62047365115266,0.9044951174136574,0.9044951174136574,0.9044951174136574,0.21329333042387763,0.21329333042387763,0.21329333042387763,0.6912017869897799,0.6912017869897799,0.6912017869897799,0.0,0.0,0.0,46.52496876856632
2023-03-07,45.62079924702938,37.94893661482905,55.303734061024436,45.62079924702938,45.62079924702938,1.0233708285833703,1.0233708285833703,1.0233708285833703,0.22905847395184156,0.22905847395184156,0.22905847395184156,0.7943123546315287,0.7943123546315287,0.7943123546315287,0.0,0.0,0.0,46.64417007561275
2023-03-08,45.621124842906106,38.0489225616809,54.488994260949376,45.621124842906106,45.621124842906106,0.743186431170731,0.743186431170731,0.743186431170731,-0.13778026545194003,-0.13778026545194003,-0.13778026545194003,0.880966696622671,0.880966696622671,0.880966696622671,0.0,0.0,0.0,46.36431127407684
2023-03-09,45.62145043878284,38.48682345326131,54.36072232903538,45.62145043878284,45.62145043878284,0.8670135215444554,0.8670135215444554,0.8670135215444554,-0.08301648234090324,-0.08301648234090324,-0.08301648234090324,0.9500300038853587,0.9500300038853587,0.9500300038853587,0.0,0.0,0.0,46.488463960327294
2023-03-10,45.62177603465956,37.794198681037564,54.62248833984344,45.62177603465956,45.62177603465956,0.5372428556243213,0.5372428556243213,0.5372428556243213,-0.4634532681647679,-0.4634532681647679,-0.4634532681647679,1.0006961237890892,1.0006961237890892,1.0006961237890892,0.0,0.0,0.0,46.15901889028388
2023-03-11,45.622101630536285,37.45122382592436,54.71536366194196,45.622101630536285,45.622101630536285,0.6391326679992404,0.6391326679992404,0.6391326679992404,-0.393369750021394,-0.393369750021394,-0.393369750021394,1.0325024180206344,1.0325024180206344,1.0325024180206344,0.0,0.0,0.0,46.26123429853553
2023-03-12,45.622427226413016,38.599592639050016,55.783530305987924,45.622427226413016,45.622427226413016,1.6806059024887146,1.6806059024887146,1.6806059024887146,0.6352679616032443,0.6352679616032443,0.6352679616032443,1.0453379408854702,1.0453379408854702,1.0453379408854702,0.0,0.0,0.0,47.30303312890173
2023-03-13,45.62275282228973,38.694717691488314,55.70548756989887,45.62275282228973,45.62275282228973,1.2527380763817202,1.2527380763817202,1.2527380763817202,0.21329333042359466,0.21329333042359466,0.21329333042359466,1.0394447459581253,1.0394447459581253,1.0394447459581253,0.0,0.0,0.0,46.87549089867145
2023-03-14,45.62307841816646,38.84045050175171,55.27819374668511,45.62307841816646,45.62307841816646,1.2444707445158132,1.2444707445158132,1.2444707445158132,0.2290584739514996,0.2290584739514996,0.2290584739514996,1.0154122705643136,1.0154122705643136,1.0154122705643136,0.0,0.0,0.0,46.86754916268227
2023-03-15,45.62340401404318,38.312342508348166,55.24776570952196,45.62340401404318,45.62340401404318,0.8363846256349954,0.8363846256349954,0.8363846256349954,-0.13778026545287336,-0.13778026545287336,-0.13778026545287336,0.9741648910878686,0.9741648910878686,0.9741648910878686,0.0,0.0,0.0,46.45978863967818
2023-03-16,45.62372960991991,38.4014384165624,55.10809575119802,45.62372960991991,45.62372960991991,0.8339264020713054,0.8339264020713054,0.8339264020713054,-0.08301648233995867,-0.08301648233995867,-0.08301648233995867,0.9169428844112641,0.9169428844112641,0.9169428844112641,0.0,0.0,0.0,46.45765601199122
2023-03-17,45.62405520579664,37.707307723168974,54.546922092023316,45.62405520579664,45.62405520579664,0.3818239007139321,0.3818239007139321,0.3818239007139321,-0.46345326816455185,-0.46345326816455185,-0.46345326816455185,0.8452771688784839,0.8452771688784839,0.8452771688784839,0.0,0.0,0.0,46.00587910651057
2023-03-18,45.62438080167336,37.63023673787009,54.128416071687056,45.62438080167336,45.62438080167336,0.3675885789024254,0.3675885789024254,0.3675885789024254,-0.3933697500199321,-0.3933697500199321,-0.3933697500199321,0.7609583289223575,0.7609583289223575,0.7609583289223575,0.0,0.0,0.0,45.99196938057579
2023-03-19,45.62470639755009,37.80045600826513,54.871163283354214,45.62470639755009,45.62470639755009,1.3012685097224235,1.3012685097224235,1.3012685097224235,0.635267961604429,0.635267961604429,0.635267961604429,0.6660005481179945,0.6660005481179945,0.6660005481179945,0.0,0.0,0.0,46.92597490727252
2023-03-20,45.625031993426816,38.3616139242274,54.71689285940945,45.625031993426816,45.625031993426816,0.7758945135862169,0.7758945135862169,0.7758945135862169,0.21329333042332257,0.21329333042332257,0.21329333042332257,0.5626011831628943,0.5626011831628943,0.5626011831628943,0.0,0.0,0.0,46.40092650701303
2023-03-21,45.62535758930354,37.36950617571689,54.69030378782445,45.62535758930354,45.62535758930354,0.6821552777171959,0.6821552777171959,0.6821552777171959,0.22905847395115772,0.22905847395115772,0.22905847395115772,0.45309680376603806,0.45309680376603806,0.45309680376603806,0.0,0.0,0.0,46.30751286702073
2023-03-22,45.62568318518026,36.7029493464328,53.99651683109252,45.62568318518026,45.62568318518026,0.20213633310187837,0.20213633310187837,0.20213633310187837,-0.13778026545278682,-0.13778026545278682,-0.13778026545278682,0.33991659855466516,0.33991659855466516,0.33991659855466516,0.0,0.0,0.0,45.82781951828213
2023-03-23,45.62600878105699,37.7494672616507,54.67341913084251,45.62600878105699,45.62600878105699,0.14251762080273692,0.14251762080273692,0.14251762080273692,-0.08301648233901414,-0.08301648233901414,-0.08301648233901414,0.22553410314175104,0.22553410314175104,0.22553410314175104,0.0,0.0,0.0,45.768526401859724
2023-03-24,45.62633437693371,36.583583331106645,53.70950291213062,45.62633437693371,45.62633437693371,-0.35103502600947667,-0.35103502600947667,-0.35103502600947667,-0.4634532681659042,-0.4634532681659042,-0.4634532681659042,0.11241824215642751,0.11241824215642751,0.11241824215642751,0.0,0.0,0.0,45.275299350924236
2023-03-25,45.62665997281044,36.5484706037847,53.3560062330185,45.62665997281044,45.62665997281044,-0.39038505857336797,-0.39038505857336797,-0.39038505857336797,-0.39336975001972313,-0.39336975001972313,-0.39336975001972313,0.0029846914463551866,0.0029846914463551866,0.0029846914463551866,0.0,0.0,0.0,45.23627491423707
2023-03-26,45.62698556868716,37.90568781263936,53.99919048759174,45.62698556868716,45.62698556868716,0.5348165210410126,0.5348165210410126,0.5348165210410126,0.6352679616042352,0.6352679616042352,0.6352679616042352,-0.10045144056322255,-0.10045144056322255,-0.10045144056322255,0.0,0.0,0.0,46.16180208972818
2023-03-27,45.62731116456389,36.88413404598097,54.213588904541744,45.62731116456389,45.62731116456389,0.01757268827158706,0.01757268827158706,0.01757268827158706,0.2132933304246005,0.2132933304246005,0.2132933304246005,-0.19572064215301344,-0.19572064215301344,-0.19572064215301344,0.0,0.0,0.0,45.64488385283548
2023-03-28,45.627636760440616,37.58553301165703,54.21235823269903,45.627636760440616,45.627636760440616,-0.051782343826927674,-0.051782343826927674,-0.051782343826927674,0.22905847395081583,0.22905847395081583,0.22905847395081583,-0.2808408177777435,-0.2808408177777435,-0.2808408177777435,0.0,0.0,0.0,45.57585441661369
2023-03-29,45.62796235631734,37.10892492361665,53.803344026868736,45.62796235631734,45.62796235631734,-0.49183531239349215,-0.49183531239349215,-0.49183531239349215,-0.13778026545372007,-0.13778026545372007,-0.13778026545372007,-0.354055046939772,-0.354055046939772,-0.354055046939772,0.0,0.0,0.0,45.13612704392385
2023-03-30,45.62828795219407,36.89883512316908,53.69188942458953,45.62828795219407,45.62828795219407,-0.49688100215036013,-0.49688100215036013,-0.49688100215036013,-0.08301648233972625,-0.08301648233972625,-0.08301648233972625,-0.4138645198106339,-0.4138645198106339,-0.4138645198106339,0.0,0.0,0.0,45.13140695004371
2023-03-31,45.628613548070796,35.21040371036528,52.7654676661486,45.628613548070796,45.628613548070796,-0.922509259720432,-0.922509259720432,-0.922509259720432,-0.4634532681641198,-0.4634532681641198,-0.4634532681641198,-0.4590559915563121,-0.4590559915563121,-0.4590559915563121,0.0,0.0,0.0,44.70610428835036
2023-04-01,45.62893914394751,36.19141459590579,53.03365772689026,45.62893914394751,45.62893914394751,-0.8820929661965556,-0.8820929661965556,-0.8820929661965556,-0.3933697500195141,-0.3933697500195141,-0.3933697500195141,-0.4887232161770416,-0.4887232161770416,-0.4887232161770416,0.0,0.0,0.0,44.74684617775096
2023-04-02,45.62926473982424,37.65247428111128,53.75595063850689,45.62926473982424,45.62926473982424,0.13298601049332642,0.13298601049332642,0.13298601049332642,0.6352679616028665,0.6352679616028665,0.6352679616028665,-0.50228195110954,-0.50228195110954,-0.50228195110954,0.0,0.0,0.0,45.76225075031756
2023-04-03,45.62959033570097,37.32611472514454,53.9235053607075,45.62959033570097,45.62959033570097,-0.2861849325517231,-0.2861849325517231,-0.2861849325517231,0.21329333042431758,0.21329333042431758,0.21329333042431758,-0.4994782629760407,-0.4994782629760407,-0.4994782629760407,0.0,0.0,0.0,45.34340540314925
2023-04-04,45.62991593157769,36.81490207128983,54.0053940612938,45.62991593157769,45.62991593157769,-0.2513315356540015,-0.2513315356540015,-0.2513315356540015,0.2290584739511826,0.2290584739511826,0.2290584739511826,-0.48039000960518413,-0.48039000960518413,-0.48039000960518413,0.0,0.0,0.0,45.37858439592369
2023-04-05,45.630241527454416,36.902402026678345,53.73499464179962,45.630241527454416,45.630241527454416,-0.5832017860068628,-0.5832017860068628,-0.5832017860068628,-0.13778026545338706,-0.13778026545338706,-0.13778026545338706,-0.44542152055347567,-0.44542152055347567,-0.44542152055347567,0.0,0.0,0.0,45.047039741447556
2023-04-06,45.63056712333115,36.10974046006064,53.72634040540323,45.63056712333115,45.63056712333115,-0.4783081268701983,-0.4783081268701983,-0.4783081268701983,-0.08301648233878171,-0.08301648233878171,-0.08301648233878171,-0.3952916445314165,-0.3952916445314165,-0.3952916445314165,0.0,0.0,0.0,45.15225899646095
2023-04-07,45.63089271632627,36.530117447443004,53.699832175593606,45.63089271632627,45.63089271632627,-0.7944687422628863,-0.7944687422628863,-0.7944687422628863,-0.46345326816469556,-0.46345326816469556,-0.46345326816469556,-0.3310154740981907,-0.3310154740981907,-0.3310154740981907,0.0,0.0,0.0,44.836423974063386
2023-04-08,45.631218309321405,36.78560963504399,53.77155278268859,45.631218309321405,45.631218309321405,-0.6472499425948871,-0.6472499425948871,-0.6472499425948871,-0.3933697500193051,-0.3933697500193051,-0.3933697500193051,-0.253880192575582,-0.253880192575582,-0.253880192575582,0.0,0.0,0.0,44.983968366726515
2023-04-09,45.63154390231654,37.27489099934718,54.70775597363795,45.63154390231654,45.63154390231654,0.4698523493356377,0.4698523493356377,0.4698523493356377,0.6352679616033619,0.6352679616033619,0.6352679616033619,-0.16541561226772417,-0.16541561226772417,-0.16541561226772417,0.0,0.0,0.0,46.101396251652176
2023-04-10,45.631869495311676,37.81719288731148,54.47871079543769,45.631869495311676,45.631869495311676,0.14593324639107813,0.14593324639107813,0.14593324639107813,0.2132933304240239,0.2132933304240239,0.2132933304240239,-0.0673600840329458,-0.0673600840329458,-0.0673600840329458,0.0,0.0,0.0,45.77780274170276
2023-04-11,45.63219508830681,37.30953101423311,54.23424495060241,45.63219508830681,45.63219508830681,0.2674359204302044,0.2674359204302044,0.2674359204302044,0.229058473950132,0.229058473950132,0.229058473950132,0.03837744648007244,0.03837744648007244,0.03837744648007244,0.0,0.0,0.0,45.89963100873701
2023-04-12,45.63252068130194,37.29511896800372,54.36688764019237,45.63252068130194,45.63252068130194,0.011978117720321053,0.011978117720321053,0.011978117720321053,-0.13778026545305408,-0.13778026545305408,-0.13778026545305408,0.14975838317337511,0.14975838317337511,0.14975838317337511,0.0,0.0,0.0,45.64449879902226
2023-04-13,45.63284627429707,37.898659715968456,54.15352518016311,45.63284627429707,45.63284627429707,0.1816410313741542,0.1816410313741542,0.1816410313741542,-0.0830164823409834,-0.0830164823409834,-0.0830164823409834,0.26465751371513757,0.26465751371513757,0.26465751371513757,0.0,0.0,0.0,45.81448730567123
2023-04-14,45.633171867292205,36.34650946218134,54.291168942295144,45.633171867292205,45.633171867292205,-0.08254608238908036,-0.08254608238908036,-0.08254608238908036,-0.4634532681644795,-0.4634532681644795,-0.4634532681644795,0.3809071857753992,0.3809071857753992,0.3809071857753992,0.0,0.0,0.0,45.550625784903126
2023-04-15,45.633497460287344,36.86808387703714,54.1663197041847,45.633497460287344,45.633497460287344,0.10297191179940995,0.10297191179940995,0.10297191179940995,-0.3933697500178432,-0.3933697500178432,-0.3933697500178432,0.49634166181725314,0.49634166181725314,0.49634166181725314,0.0,0.0,0.0,45.73646937208675
2023-04-16,45.63382305328248,38.248816482982,55.027412314442756,45.63382305328248,45.63382305328248,1.2441086568118498,1.2441086568118498,1.2441086568118498,0.6352679616038572,0.6352679616038572,0.6352679616038572,0.6088406952079926,0.6088406952079926,0.6088406952079926,0.0,0.0,0.0,46.87793171009432
2023-04-17,45.63414864627761,38.2595841173638,55.12584899435105,45.63414864627761,45.63414864627761,0.92966472864951,0.92966472864951,0.92966472864951,0.2132933304237302,0.2132933304237302,0.2132933304237302,0.7163713982257799,0.7163713982257799,0.7163713982257799,0.0,0.0,0.0,46.56381337492712
2023-04-18,45.63447423927274,38.16042824769248,54.71598594025695,45.63447423927274,45.63447423927274,1.0460859951434418,1.0460859951434418,1.0460859951434418,0.22905847395149326,0.22905847395149326,0.22905847395149326,0.8170275211919487,0.8170275211919487,0.8170275211919487,0.0,0.0,0.0,46.680560234416184
2023-04-19,45.63479983226787,38.22723206012877,54.87295694698481,45.63479983226787,45.63479983226787,0.7712850648065532,0.7712850648065532,0.7712850648065532,-0.13778026545272107,-0.13778026545272107,-0.13778026545272107,0.9090653302592744,0.9090653302592744,0.9090653302592744,0.0,0.0,0.0,46.40608489707443
2023-04-20,45.63512542526301,37.533526695879935,54.806128734442645,45.63512542526301,45.63512542526301,0.9079188752528192,0.9079188752528192,0.9079188752528192,-0.08301648234003883,-0.08301648234003883,-0.08301648234003883,0.990935357592858,0.990935357592858,0.990935357592858,0.0,0.0,0.0,46.54304430051583
2023-04-21,45.635451018258145,37.650339281287756,54.79658723522837,45.635451018258145,45.635451018258145,0.5978561315858759,0.5978561315858759,0.5978561315858759,-0.46345326816583193,-0.46345326816583193,-0.46345326816583193,1.0613093997517078,1.0613093997517078,1.0613093997517078,0.0,0.0,0.0,46.23330714984402
2023-04-22,45.63577661125328,37.28084781666565,55.57425248780529,45.63577661125328,45.63577661125328,0.7257325054541565,0.7257325054541565,0.7257325054541565,-0.393369750018887,-0.393369750018887,-0.393369750018887,1.1191022554730434,1.1191022554730434,1.1191022554730434,0.0,0.0,0.0,46.36150911670743
2023-04-23,45.63610220424841,39.20140445008152,55.48911042255199,45.63610220424841,45.63610220424841,1.7987557816719821,1.7987557816719821,1.7987557816719821,0.6352679616024886,0.6352679616024886,0.6352679616024886,1.1634878200694936,1.1634878200694936,1.1634878200694936,0.0,0.0,0.0,47.43485798592039
2023-04-24,45.63642779724354,38.174827747301144,55.2133241150228,45.63642779724354,45.63642779724354,1.4072026176102568,1.4072026176102568,1.4072026176102568,0.2132933304234581,0.2132933304234581,0.2132933304234581,1.1939092871867987,1.1939092871867987,1.1939092871867987,0.0,0.0,0.0,47.0436304148538
2023-04-25,45.636753390238674,39.144830139847045,55.241326777054766,45.636753390238674,45.636753390238674,1.439141820517253,1.439141820517253,1.439141820517253,0.22905847395115142,0.22905847395115142,0.22905847395115142,1.2100833465661016,1.2100833465661016,1.2100833465661016,0.0,0.0,0.0,47.075895210755924
2023-04-26,45.637078983233806,38.1718143821567,55.35128609052656,45.637078983233806,45.637078983233806,1.0742181399950592,1.0742181399950592,1.0742181399950592,-0.1377802654526345,-0.1377802654526345,-0.1377802654526345,1.211998405447694,1.211998405447694,1.211998405447694,0.0,0.0,0.0,46.71129712322887
2023-04-27,45.63740457622894,38.5491783427887,55.43567677515613,45.63740457622894,45.63740457622894,1.1168905156388542,1.1168905156388542,1.1168905156388542,-0.0830164823406674,-0.0830164823406674,-0.0830164823406674,1.1999069979795218,1.1999069979795218,1.1999069979795218,0.0,0.0,0.0,46.754295091867796
2023-04-28,45.63773016922407,37.86570120143571,54.67565930914764,45.63773016922407,45.63773016922407,0.7108594101434059,0.7108594101434059,0.7108594101434059,-0.46345326816718424,-0.46345326816718424,-0.46345326816718424,1.17431267831059,1.17431267831059,1.17431267831059,0.0,0.0,0.0,46.34858957936748
2023-04-29,45.6380557622192,38.39508825103033,54.53510240055769,45.6380557622192,45.6380557622192,0.7425820657453247,0.7425820657453247,0.7425820657453247,-0.39336975002014707,-0.39336975002014707,-0.39336975002014707,1.1359518157654718,1.1359518157654718,1.1359518157654718,0.0,0.0,0.0,46.38063782796453
2023-04-30,45.63838135521434,39.03963227477078,55.2166842903049,45.63838135521434,45.63838135521434,1.7210387834566545,1.7210387834566545,1.7210387834566545,0.6352679616029839,0.6352679616029839,0.6352679616029839,1.0857708218536706,1.0857708218536706,1.0857708218536706,0.0,0.0,0.0,47.359420138671
2023-05-01,45.638706948209474,38.22099152969558,55.24222307907328,45.638706948209474,45.638706948209474,1.2381927666114334,1.2381927666114334,1.2381927666114334,0.21329333042316442,0.21329333042316442,0.21329333042316442,1.0248994361882688,1.0248994361882688,1.0248994361882688,0.0,0.0,0.0,46.87689971482091
2023-05-02,45.63903254120461,38.16654114541801,55.21881748491621,45.63903254120461,45.63903254120461,1.1836792534823932,1.1836792534823932,1.1836792534823932,0.2290584739515182,0.2290584739515182,0.2290584739515182,0.9546207795308751,0.9546207795308751,0.9546207795308751,0.0,0.0,0.0,46.822711794687
2023-05-03,45.63935813419974,37.694287359897146,54.794358830475176,45.63935813419974,45.63935813419974,0.7385586798101348,0.7385586798101348,0.7385586798101348,-0.13778026545230143,-0.13778026545230143,-0.13778026545230143,0.8763389452624362,0.8763389452624362,0.8763389452624362,0.0,0.0,0.0,46.37791681400987
2023-05-04,45.63968372719487,37.90554120684174,54.616925417443454,45.63968372719487,45.63968372719487,0.7085284619452499,0.7085284619452499,0.7085284619452499,-0.08301648233980642,-0.08301648233980642,-0.08301648233980642,0.7915449442850564,0.7915449442850564,0.7915449442850564,0.0,0.0,0.0,46.34821218914012
2023-05-05,45.64000932019001,37.61344386592378,54.03492076852093,45.64000932019001,45.64000932019001,0.23832857359807397,0.23832857359807397,0.23832857359807397,-0.46345326816539995,-0.46345326816539995,-0.46345326816539995,0.7017818417634739,0.7017818417634739,0.7017818417634739,0.0,0.0,0.0,45.878337893788085
2023-05-06,45.64033491318514,37.28804953079078,53.95419758986468,45.64033491318514,45.64033491318514,0.21524017683418892,0.21524017683418892,0.21524017683418892,-0.39336975001993796,-0.39336975001993796,-0.39336975001993796,0.608609926854127,0.608609926854127,0.608609926854127,0.0,0.0,0.0,45.85557509001933
2023-05-07,45.640660506180275,38.67206393919345,55.20251081672194,45.640660506180275,45.640660506180275,1.1488407003890186,1.1488407003890186,1.1488407003890186,0.63526796160279,0.63526796160279,0.63526796160279,0.5135727387862288,0.5135727387862288,0.5135727387862288,0.0,0.0,0.0,46.78950120656929
2023-05-08,45.64098609917541,37.53455284714479,55.17744228465986,45.64098609917541,45.64098609917541,0.6314580653769847,0.6314580653769847,0.6314580653769847,0.21329333042288143,0.21329333042288143,0.21329333042288143,0.4181647349541033,0.4181647349541033,0.4181647349541033,0.0,0.0,0.0,46.27244416455239
2023-05-09,45.64131169217054,37.67821366573793,55.10785931342894,45.64131169217054,45.64131169217054,0.5528598041812077,0.5528598041812077,0.5528598041812077,0.229058473951885,0.229058473951885,0.229058473951885,0.32380133022932267,0.32380133022932267,0.32380133022932267,0.0,0.0,0.0,46.19417149635175
2023-05-10,45.64163728516568,37.59679189094978,54.54259097147789,45.64163728516568,45.64163728516568,0.0940116975891219,0.0940116975891219,0.0940116975891219,-0.1377802654532348,-0.1377802654532348,-0.1377802654532348,0.2317919630423567,0.2317919630423567,0.2317919630423567,0.0,0.0,0.0,45.7356489827548
2023-05-11,45.64196287816081,37.33781826666292,54.24492390744391,45.64196287816081,45.64196287816081,0.060300272631127215,0.060300272631127215,0.060300272631127215,-0.08301648234043497,-0.08301648234043497,-0.08301648234043497,0.1433167549715622,0.1433167549715622,0.1433167549715622,0.0,0.0,0.0,45.702263150791936
2023-05-12,45.642288471155936,36.41986068428503,53.720839083562005,45.642288471155936,45.642288471155936,-0.4040460392132309,-0.4040460392132309,-0.4040460392132309,-0.4634532681667522,-0.4634532681667522,-0.4634532681667522,0.05940722895352127,0.05940722895352127,0.05940722895352127,0.0,0.0,0.0,45.23824243194271
2023-05-13,45.64261406415107,36.840164088954815,53.964578888314385,45.64261406415107,45.64261406415107,-0.412438310529006,-0.412438310529006,-0.412438310529006,-0.39336975001972896,-0.39336975001972896,-0.39336975001972896,-0.019068560509276994,-0.019068560509276994,-0.019068560509276994,0.0,0.0,0.0,45.23017575362206
2023-05-14,45.6429396571462,38.359260691899955,55.048976570107556,45.6429396571462,45.6429396571462,0.5438517108961308,0.5438517108961308,0.5438517108961308,0.6352679616032855,0.6352679616032855,0.6352679616032855,-0.09141625070715452,-0.09141625070715452,-0.09141625070715452,0.0,0.0,0.0,46.18679136804233
2023-05-15,45.64326525014134,37.67852317833492,53.92824893279067,45.64326525014134,45.64326525014134,0.05617269417732421,0.05617269417732421,0.05617269417732421,0.21329333042417015,0.21329333042417015,0.21329333042417015,-0.15712063624684597,-0.15712063624684597,-0.15712063624684597,0.0,0.0,0.0,45.69943794431867
2023-05-16,45.64359084313647,37.07357170034228,54.17404763615985,45.64359084313647,45.64359084313647,0.01321208460791047,0.01321208460791047,0.01321208460791047,0.22905847395083437,0.22905847395083437,0.22905847395083437,-0.2158463893429239,-0.2158463893429239,-0.2158463893429239,0.0,0.0,0.0,45.65680292774438
2023-05-17,45.643916436131605,37.10864507565696,54.20598354063278,45.643916436131605,45.643916436131605,-0.4052144346812448,-0.4052144346812448,-0.4052144346812448,-0.13778026545163544,-0.13778026545163544,-0.13778026545163544,-0.2674341692296094,-0.2674341692296094,-0.2674341692296094,0.0,0.0,0.0,45.238702001450356
2023-05-18,45.64424202912674,36.68433342497209,54.072051253057516,45.64424202912674,45.64424202912674,-0.39490885382678687,-0.39490885382678687,-0.39490885382678687,-0.08301648233949044,-0.08301648233949044,-0.08301648233949044,-0.3118923714872964,-0.3118923714872964,-0.3118923714872964,0.0,0.0,0.0,45.24933317529995
2023-05-19,45.64456762212187,36.57180567499662,52.997288047776024,45.64456762212187,45.64456762212187,-0.8128381444000425,-0.8128381444000425,-0.8128381444000425,-0.4634532681665362,-0.4634532681665362,-0.4634532681665362,-0.3493848762335062,-0.3493848762335062,-0.3493848762335062,0.0,0.0,0.0,44.83172947772183
2023-05-20,45.64489321511701,36.25142488975239,53.274711476588934,45.64489321511701,45.64489321511701,-0.7735850013519179,-0.7735850013519179,-0.7735850013519179,-0.3933697500222419,-0.3933697500222419,-0.3933697500222419,-0.38021525132967593,-0.38021525132967593,-0.38021525132967593,0.0,0.0,0.0,44.87130821376509
2023-05-21,45.64521880811214,36.80870823054646,54.139868632870915,45.64521880811214,45.64521880811214,0.23046001105794245,0.23046001105794245,0.23046001105794245,0.6352679616030915,0.6352679616030915,0.6352679616030915,-0.40480795054514895,-0.40480795054514895,-0.40480795054514895,0.0,0.0,0.0,45.87567881917008
2023-05-22,45.64554440110727,36.547957046024464,53.84942306726354,45.64554440110727,45.64554440110727,-0.21039378455577307,-0.21039378455577307,-0.21039378455577307,0.2132933304238873,0.2132933304238873,0.2132933304238873,-0.42368711497966033,-0.42368711497966033,-0.42368711497966033,0.0,0.0,0.0,45.435150616551496
2023-05-23,45.645869994102405,35.93030369218239,54.20184822337869,45.645869994102405,45.645869994102405,-0.20839516338640116,-0.20839516338640116,-0.20839516338640116,0.2290584739512012,0.2290584739512012,0.2290584739512012,-0.43745363733760234,-0.43745363733760234,-0.43745363733760234,0.0,0.0,0.0,45.437474830716006
2023-05-24,45.64619558709754,36.61036206333723,54.07082472233902,45.64619558709754,45.64619558709754,-0.5845414471117195,-0.5845414471117195,-0.5845414471117195,-0.13778026545256875,-0.13778026545256875,-0.13778026545256875,-0.44676118165915074,-0.44676118165915074,-0.44676118165915074,0.0,0.0,0.0,45.06165413998582
2023-05-25,45.64652118009268,36.088910018530235,53.75565505404487,45.64652118009268,45.64652118009268,-0.5353083475170789,-0.5353083475170789,-0.5353083475170789,-0.08301648234011899,-0.08301648234011899,-0.08301648234011899,-0.4522918651769599,-0.4522918651769599,-0.4522918651769599,0.0,0.0,0.0,45.111212832575596
2023-05-26,45.64684677308781,36.18585511592839,53.358960288687946,45.64684677308781,45.64684677308781,-0.9181855720189437,-0.9181855720189437,-0.9181855720189437,-0.46345326816554366,-0.46345326816554366,-0.46345326816554366,-0.4547323038534001,-0.4547323038534001,-0.4547323038534001,0.0,0.0,0.0,44.72866120106887
2023-05-27,45.64717236608294,36.465697603207225,53.226777617238014,45.64717236608294,45.64717236608294,-0.8481204492170398,-0.8481204492170398,-0.8481204492170398,-0.3933697500220329,-0.3933697500220329,-0.3933697500220329,-0.4547506991950068,-0.4547506991950068,-0.4547506991950068,0.0,0.0,0.0,44.7990519168659
2023-05-28,45.64749795907807,37.07361262521102,54.73361525961907,45.64749795907807,45.64749795907807,0.18229235972873362,0.18229235972873362,0.18229235972873362,0.6352679616042761,0.6352679616042761,0.6352679616042761,-0.4529756018755425,-0.4529756018755425,-0.4529756018755425,0.0,0.0,0.0,45.82979031880681
2023-05-29,45.647823552073206,36.93290516807982,54.1212165156162,45.647823552073206,45.647823552073206,-0.2366835984645317,-0.2366835984645317,-0.2366835984645317,0.21329333042359366,0.21329333042359366,0.21329333042359366,-0.44997692888812535,-0.44997692888812535,-0.44997692888812535,0.0,0.0,0.0,45.411139953608675
2023-05-30,45.648149145068345,36.49565720036651,54.24928930423731,45.648149145068345,45.648149145068345,-0.21719126304212982,-0.21719126304212982,-0.21719126304212982,0.22905847395114506,0.22905847395114506,0.22905847395114506,-0.4462497369932749,-0.4462497369932749,-0.4462497369932749,0.0,0.0,0.0,45.43095788202621
2023-05-31,45.64847473806347,36.725062078491334,53.84383181545981,45.64847473806347,45.64847473806347,-0.57998143376667,-0.57998143376667,-0.57998143376667,-0.13778026545248223,-0.13778026545248223,-0.13778026545248223,-0.44220116831418776,-0.44220116831418776,-0.44220116831418776,0.0,0.0,0.0,45.0684933042968
2023-06-01,45.6488003310586,36.891639319643645,53.639660819836216,45.6488003310586,45.6488003310586,-0.5211573687777038,-0.5211573687777038,-0.5211573687777038,-0.08301648233917448,-0.08301648233917448,-0.08301648233917448,-0.4381408864385293,-0.4381408864385293,-0.4381408864385293,0.0,0.0,0.0,45.1276429622809
2023-06-02,45.649125924053735,37.22358526205564,53.56926319760764,45.649125924053735,45.649125924053735,-0.8977284842189005,-0.8977284842189005,-0.8977284842189005,-0.46345326816532756,-0.46345326816532756,-0.46345326816532756,-0.43427521605357294,-0.43427521605357294,-0.43427521605357294,0.0,0.0,0.0,44.75139743983483
2023-06-03,45.64945151704887,36.7130510079347,52.950884638910786,45.64945151704887,45.64945151704887,-0.8240748388761341,-0.8240748388761341,-0.8240748388761341,-0.39336975002182384,-0.39336975002182384,-0.39336975002182384,-0.43070508885431025,-0.43070508885431025,-0.43070508885431025,0.0,0.0,0.0,44.82537667817273
2023-06-04,45.649777110044006,37.277953597737074,54.04555095150016,45.649777110044006,45.649777110044006,0.20784017533974022,0.20784017533974022,0.20784017533974022,0.6352679616040822,0.6352679616040822,0.6352679616040822,-0.42742778626434197,-0.42742778626434197,-0.42742778626434197,0.0,0.0,0.0,45.857617285383746
2023-06-05,45.65010270303914,37.83554494903907,54.32348129103761,45.65010270303914,45.65010270303914,-0.21104902803808906,-0.21104902803808906,-0.21104902803808906,0.21329333042331064,0.21329333042331064,0.21329333042331064,-0.42434235846139967,-0.42434235846139967,-0.42434235846139967,0.0,0.0,0.0,45.43905367500105
2023-06-06,45.65042829603427,36.919126110205596,53.478173310278905,45.65042829603427,45.65042829603427,-0.19220001838447495,-0.19220001838447495,-0.19220001838447495,0.22905847395151194,0.22905847395151194,0.22905847395151194,-0.4212584923359869,-0.4212584923359869,-0.4212584923359869,0.0,0.0,0.0,45.458228277649795
2023-06-07,45.6507538890294,36.93983382780367,54.233106280418795,45.6507538890294,45.6507538890294,-0.5556887666977827,-0.5556887666977827,-0.5556887666977827,-0.13778026545214922,-0.13778026545214922,-0.13778026545214922,-0.4179085012456334,-0.4179085012456334,-0.4179085012456334,0.0,0.0,0.0,45.09506512233162
2023-06-08,45.651079482024535,37.09017883901151,53.93963228273121,45.651079482024535,45.651079482024535,-0.49697850180788516,-0.49697850180788516,-0.49697850180788516,-0.08301648234137615,-0.08301648234137615,-0.08301648234137615,-0.41396201946650907,-0.41396201946650907,-0.41396201946650907,0.0,0.0,0.0,45.15410098021665
2023-06-09,45.651405075019674,35.88981316874683,53.85044845500886,45.651405075019674,45.651405075019674,-0.8724961747043996,-0.8724961747043996,-0.8724961747043996,-0.4634532681651116,-0.4634532681651116,-0.4634532681651116,-0.4090429065392879,-0.4090429065392879,-0.4090429065392879,0.0,0.0,0.0,44.77890890031527
2023-06-10,45.65173066801481,36.37228640829119,53.52825454483803,45.65173066801481,45.65173066801481,-0.7961175533929302,-0.7961175533929302,-0.7961175533929302,-0.39336975002036195,-0.39336975002036195,-0.39336975002036195,-0.4027478033725682,-0.4027478033725682,-0.4027478033725682,0.0,0.0,0.0,44.855613114621875
2023-06-11,45.65205626100994,37.433806388554444,54.32984746994772,45.65205626100994,45.65205626100994,0.2406022269085318,0.2406022269085318,0.2406022269085318,0.6352679616027135,0.6352679616027135,0.6352679616027135,-0.3946657346941817,-0.3946657346941817,-0.3946657346941817,0.0,0.0,0.0,45.89265848791847
2023-06-12,45.65238185400507,36.744396433805825,54.34867004333048,45.65238185400507,45.65238185400507,-0.17110479213645402,-0.17110479213645402,-0.17110479213645402,0.21329333042301693,0.21329333042301693,0.21329333042301693,-0.384398122559471,-0.384398122559471,-0.384398122559471,0.0,0.0,0.0,45.48127706186862
2023-06-13,45.6527074470002,36.87102755567647,54.18698019388634,45.6527074470002,45.6527074470002,-0.1425200899387552,-0.1425200899387552,-0.1425200899387552,0.22905847395116996,0.22905847395116996,0.22905847395116996,-0.37157856388992516,-0.37157856388992516,-0.37157856388992516,0.0,0.0,0.0,45.51018735706145
2023-06-14,45.65303303999534,36.13208813412299,53.54281107063662,45.65303303999534,45.65303303999534,-0.4936719972500634,-0.4936719972500634,-0.4936719972500634,-0.13778026545181615,-0.13778026545181615,-0.13778026545181615,-0.35589173179824724,-0.35589173179824724,-0.35589173179824724,0.0,0.0,0.0,45.15936104274528
2023-06-15,45.65335863299047,37.37765753789471,54.257600464593594,45.65335863299047,45.65335863299047,-0.4201072678556198,-0.4201072678556198,-0.4201072678556198,-0.0830164823404316,-0.0830164823404316,-0.0830164823404316,-0.33709078551518823,-0.33709078551518823,-0.33709078551518823,0.0,0.0,0.0,45.23325136513485
2023-06-16,45.653682980852764,36.173067578495036,53.344372036409204,45.653682980852764,45.653682980852764,-0.7784659846040506,-0.7784659846040506,-0.7784659846040506,-0.4634532681641189,-0.4634532681641189,-0.4634532681641189,-0.3150127164399316,-0.3150127164399316,-0.3150127164399316,0.0,0.0,0.0,44.87521699624871
2023-06-17,45.65400732871506,37.0937348725254,53.26744280883972,45.65400732871506,45.65400732871506,-0.6829608670023061,-0.6829608670023061,-0.6829608670023061,-0.39336975001890007,-0.39336975001890007,-0.39336975001890007,-0.289591116983406,-0.289591116983406,-0.289591116983406,0.0,0.0,0.0,44.97104646171275
2023-06-18,45.654331676577364,37.82589990741804,54.45629267035041,45.654331676577364,45.654331676577364,0.37440202872456824,0.37440202872456824,0.37440202872456824,0.635267961603209,0.635267961603209,0.635267961603209,-0.2608659328786406,-0.2608659328786406,-0.2608659328786406,0.0,0.0,0.0,46.02873370530193
2023-06-19,45.65465602443966,37.58670437128333,54.39511448652392,45.65465602443966,45.65465602443966,-0.01569651602642999,-0.01569651602642999,-0.01569651602642999,0.21329333042274484,0.21329333042274484,0.21329333042274484,-0.22898984644917483,-0.22898984644917483,-0.22898984644917483,0.0,0.0,0.0,45.63895950841323
2023-06-20,45.65498037230196,37.20441549888108,54.06118674012807,45.65498037230196,45.65498037230196,0.03482743833399028,0.03482743833399028,0.03482743833399028,0.22905847395082807,0.22905847395082807,0.22905847395082807,-0.1942310356168378,-0.1942310356168378,-0.1942310356168378,0.0,0.0,0.0,45.68980781063595
2023-06-21,45.65530472016426,36.51691860808836,53.57708683103832,45.65530472016426,45.65530472016426,-0.2947524239297508,-0.2947524239297508,-0.2947524239297508,-0.1377802654527495,-0.1377802654527495,-0.1377802654527495,-0.15697215847700133,-0.15697215847700133,-0.15697215847700133,0.0,0.0,0.0,45.36055229623451
2023-06-22,45.65562906802655,36.99065908042819,54.37071215923455,45.65562906802655,45.65562906802655,-0.2007220055955185,-0.2007220055955185,-0.2007220055955185,-0.0830164823395706,-0.0830164823395706,-0.0830164823395706,-0.11770552325594792,-0.11770552325594792,-0.11770552325594792,0.0,0.0,0.0,45.45490706243103
2023-06-23,45.65595341588885,36.66705955311806,53.47830854540679,45.65595341588885,45.65595341588885,-0.5404777834647578,-0.5404777834647578,-0.5404777834647578,-0.46345326816547133,-0.46345326816547133,-0.46345326816547133,-0.07702451529928636,-0.07702451529928636,-0.07702451529928636,0.0,0.0,0.0,45.11547563242409
2023-06-24,45.65627776375115,36.963029119817975,53.39306441652097,45.65627776375115,45.65627776375115,-0.42898121339506307,-0.42898121339506307,-0.42898121339506307,-0.393369750018691,-0.393369750018691,-0.393369750018691,-0.03561146337637204,-0.03561146337637204,-0.03561146337637204,0.0,0.0,0.0,45.22729655035609
2023-06-25,45.65660211161345,37.4493296657656,54.9097913723081,45.65660211161345,45.65660211161345,0.6410457276497261,0.6410457276497261,0.6410457276497261,0.6352679616037044,0.6352679616037044,0.6352679616037044,0.005777766046021806,0.005777766046021806,0.005777766046021806,0.0,0.0,0.0,46.29764783926318
2023-06-26,45.65692645947575,37.44622505152661,54.900230970392,45.65692645947575,45.65692645947575,0.2596253892312685,0.2596253892312685,0.2596253892312685,0.21329333042403356,0.21329333042403356,0.21329333042403356,0.04633205880723493,0.04633205880723493,0.04633205880723493,0.0,0.0,0.0,45.916551848707016
2023-06-27,45.65725080733804,37.69422371909955,54.61543054985692,45.65725080733804,45.65725080733804,0.314264224414574,0.314264224414574,0.314264224414574,0.2290584739514807,0.2290584739514807,0.2290584739514807,0.08520575046309337,0.08520575046309337,0.08520575046309337,0.0,0.0,0.0,45.97151503175261
2023-06-28,45.65757515520034,37.009576407646,53.89471525157433,45.65757515520034,45.65757515520034,-0.016239087756409108,-0.016239087756409108,-0.016239087756409108,-0.13778026545368274,-0.13778026545368274,-0.13778026545368274,0.12154117769727364,0.12154117769727364,0.12154117769727364,0.0,0.0,0.0,45.64133606744393
2023-06-29,45.65789950306264,37.54896821642954,54.24557512658342,45.65789950306264,45.65789950306264,0.07147598614458985,0.07147598614458985,0.07147598614458985,-0.08301648234019918,-0.08301648234019918,-0.08301648234019918,0.15449246848478904,0.15449246848478904,0.15449246848478904,0.0,0.0,0.0,45.72937548920723
2023-06-30,45.65822385092494,36.871009592472696,53.81116149556515,45.65822385092494,45.65822385092494,-0.2802033576718316,-0.2802033576718316,-0.2802033576718316,-0.463453268163687,-0.463453268163687,-0.463453268163687,0.1832499104918554,0.1832499104918554,0.1832499104918554,0.0,0.0,0.0,45.37802049325311
2023-07-01,45.65854819878724,35.93634139307145,54.50962237306046,45.65854819878724,45.65854819878724,-0.1863055402203711,-0.1863055402203711,-0.1863055402203711,-0.39336975001848207,-0.39336975001848207,-0.39336975001848207,0.20706420979811094,0.20706420979811094,0.20706420979811094,0.0,0.0,0.0,45.47224265856686
2023-07-02,45.65887254664953,39.174112153837285,54.63932421294076,45.65887254664953,45.65887254664953,0.8605379050582997,0.8605379050582997,0.8605379050582997,0.6352679616035103,0.6352679616035103,0.6352679616035103,0.22526994345478946,0.22526994345478946,0.22526994345478946,0.0,0.0,0.0,46.519410451707834
2023-07-03,45.65919689451183,37.738450531991646,54.55203970915873,45.65919689451183,45.65919689451183,0.4506008504077494,0.4506008504077494,0.4506008504077494,0.2132933304237506,0.2132933304237506,0.2132933304237506,0.23730751998399868,0.23730751998399868,0.23730751998399868,0.0,0.0,0.0,46.10979774491958
2023-07-04,45.659521242374126,37.500056312990615,55.123115879180624,45.659521242374126,45.659521242374126,0.471801465514855,0.471801465514855,0.471801465514855,0.22905847395184745,0.22905847395184745,0.22905847395184745,0.24274299156300755,0.24274299156300755,0.24274299156300755,0.0,0.0,0.0,46.131322707888984
2023-07-05,45.65984559023643,37.51242413535589,53.70447171827799,45.65984559023643,45.65984559023643,0.1035048442621414,0.1035048442621414,0.1035048442621414,-0.1377802654533498,-0.1377802654533498,-0.1377802654533498,0.2412851097154912,0.2412851097154912,0.2412851097154912,0.0,0.0,0.0,45.76335043449857
2023-07-06,45.660169938098726,37.312969361905445,54.26751134945727,45.660169938098726,45.660169938098726,0.14978259929733942,0.14978259929733942,0.14978259929733942,-0.08301648234082774,-0.08301648234082774,-0.08301648234082774,0.23279908163816715,0.23279908163816715,0.23279908163816715,0.0,0.0,0.0,45.809952537396065
2023-07-07,45.66049428596103,37.41475755712296,53.71944988331537,45.66049428596103,45.66049428596103,-0.24613670287486805,-0.24613670287486805,-0.24613670287486805,-0.46345326816503934,-0.46345326816503934,-0.46345326816503934,0.2173165652901713,0.2173165652901713,0.2173165652901713,0.0,0.0,0.0,45.41435758308616
2023-07-08,45.660818633823325,36.448615315408794,53.91799472645065,45.660818633823325,45.660818633823325,-0.1983282140726347,-0.1983282140726347,-0.1983282140726347,-0.3933697500209949,-0.3933697500209949,-0.3933697500209949,0.19504153594836018,0.19504153594836018,0.19504153594836018,0.0,0.0,0.0,45.462490419750694
2023-07-09,45.661142981685614,37.973790047621655,54.12241710141976,45.661142981685614,45.661142981685614,0.8016197243152823,0.8016197243152823,0.8016197243152823,0.6352679616033163,0.6352679616033163,0.6352679616033163,0.16635176271196594,0.16635176271196594,0.16635176271196594,0.0,0.0,0.0,46.462762706000895
2023-07-10,45.66146732954792,38.437240129089375,55.36346728563206,45.66146732954792,45.66146732954792,0.34508907807372935,0.34508907807372935,0.34508907807372935,0.21329333042345694,0.21329333042345694,0.21329333042345694,0.13179574765027244,0.13179574765027244,0.13179574765027244,0.0,0.0,0.0,46.006556407621645
2023-07-11,45.661791677410214,37.41362663087328,54.32014407901335,45.661791677410214,45.661791677410214,0.3211435739079911,0.3211435739079911,0.3211435739079911,0.22905847395079681,0.22905847395079681,0.22905847395079681,0.09208509995719426,0.09208509995719426,0.09208509995719426,0.0,0.0,0.0,45.9829352513182
2023-07-12,45.66211602527252,36.71182908810638,54.002418540865065,45.66211602527252,45.66211602527252,-0.08969782600278844,-0.08969782600278844,-0.08969782600278844,-0.13778026545301672,-0.13778026545301672,-0.13778026545301672,0.048082439450228276,0.048082439450228276,0.048082439450228276,0.0,0.0,0.0,45.57241819926973
2023-07-13,45.662440373134814,37.184775542574386,54.352286990752184,45.662440373134814,45.662440373134814,-0.08223143755519252,-0.08223143755519252,-0.08223143755519252,-0.08301648233996674,-0.08301648233996674,-0.08301648233996674,0.000785044784774213,0.000785044784774213,0.000785044784774213,0.0,0.0,0.0,45.58020893557962
2023-07-14,45.66276472099712,37.34467306690002,53.64308595411614,45.66276472099712,45.66276472099712,-0.5121486895440176,-0.5121486895440176,-0.5121486895440176,-0.46345326816482335,-0.46345326816482335,-0.46345326816482335,-0.04869542137919429,-0.04869542137919429,-0.04869542137919429,0.0,0.0,0.0,45.1506160314531
2023-07-15,45.663089068859406,36.68207023168313,53.361523444339966,45.663089068859406,45.663089068859406,-0.4925264185000872,-0.4925264185000872,-0.4925264185000872,-0.39336975001953295,-0.39336975001953295,-0.39336975001953295,-0.0991566684805542,-0.0991566684805542,-0.0991566684805542,0.0,0.0,0.0,45.17056265035932
2023-07-16,45.6634134167217,38.019391431672894,55.080916574608466,45.6634134167217,45.6634134167217,0.48593548718667756,0.48593548718667756,0.48593548718667756,0.6352679616038117,0.6352679616038117,0.6352679616038117,-0.14933247441713418,-0.14933247441713418,-0.14933247441713418,0.0,0.0,0.0,46.14934890390838
2023-07-17,45.663737764584006,36.529060878661866,53.49005902237364,45.663737764584006,45.663737764584006,0.015371635487538593,0.015371635487538593,0.015371635487538593,0.21329333042317405,0.21329333042317405,0.21329333042317405,-0.19792169493563547,-0.19792169493563547,-0.19792169493563547,0.0,0.0,0.0,45.679109400071546
2023-07-18,45.6640621124463,37.17112188577015,53.58328576457287,45.6640621124463,45.6640621124463,-0.014560414102502807,-0.014560414102502807,-0.014560414102502807,0.22905847395116363,0.22905847395116363,0.22905847395116363,-0.24361888805366647,-0.24361888805366647,-0.24361888805366647,0.0,0.0,0.0,45.6495016983438
2023-07-19,45.664386460308606,36.79922747767604,53.79372694390061,45.664386460308606,45.664386460308606,-0.42292606764467483,-0.42292606764467483,-0.42292606764467483,-0.13778026545293018,-0.13778026545293018,-0.13778026545293018,-0.2851458021917447,-0.2851458021917447,-0.2851458021917447,0.0,0.0,0.0,45.24146039266393
2023-07-20,45.664710808170895,37.11743582153351,54.12564644149167,45.664710808170895,45.664710808170895,-0.4042994247369155,-0.4042994247369155,-0.4042994247369155,-0.08301648234059529,-0.08301648234059529,-0.08301648234059529,-0.32128294239632016,-0.32128294239632016,-0.32128294239632016,0.0,0.0,0.0,45.26041138343398
2023-07-21,45.66503515603319,36.7113328976396,53.38584934263182,45.66503515603319,45.66503515603319,-0.8143536829924599,-0.8143536829924599,-0.8143536829924599,-0.4634532681661756,-0.4634532681661756,-0.4634532681661756,-0.3509004148262842,-0.3509004148262842,-0.3509004148262842,0.0,0.0,0.0,44.85068147304073
2023-07-22,45.665359503895495,36.39187204410285,53.78042604506317,45.665359503895495,45.665359503895495,-0.7663570061693954,-0.7663570061693954,-0.7663570061693954,-0.3933697500205769,-0.3933697500205769,-0.3933697500205769,-0.37298725614881856,-0.37298725614881856,-0.37298725614881856,0.0,0.0,0.0,44.8990024977261
2023-07-23,45.66568385175779,37.788083219540646,54.39467434425394,45.66568385175779,45.66568385175779,0.24858947995688369,0.24858947995688369,0.24858947995688369,0.6352679616038218,0.6352679616038218,0.6352679616038218,-0.38667848164693813,-0.38667848164693813,-0.38667848164693813,0.0,0.0,0.0,45.914273331714675
2023-07-24,45.666008199620094,37.09361223077287,53.976607591518054,45.666008199620094,45.666008199620094,-0.17798580273165981,-0.17798580273165981,-0.17798580273165981,0.21329333042446275,0.21329333042446275,0.21329333042446275,-0.39127913315612256,-0.39127913315612256,-0.39127913315612256,0.0,0.0,0.0,45.48802239688843
2023-07-25,45.66633254748239,37.11645495431701,53.58454868047154,45.66633254748239,45.66633254748239,-0.15722620046320662,-0.15722620046320662,-0.15722620046320662,0.2290584739508217,0.2290584739508217,0.2290584739508217,-0.38628467441402836,-0.38628467441402836,-0.38628467441402836,0.0,0.0,0.0,45.509106347019184
2023-07-26,45.66665689534469,37.09712157212775,53.57354034609923,45.66665689534469,45.66665689534469,-0.509177430871542,-0.509177430871542,-0.509177430871542,-0.13778026545386352,-0.13778026545386352,-0.13778026545386352,-0.3713971654176786,-0.3713971654176786,-0.3713971654176786,0.0,0.0,0.0,45.15747946447315
2023-07-27,45.66698124320698,36.714500166087674,53.75500415035468,45.66698124320698,45.66698124320698,-0.42955322928534445,-0.42955322928534445,-0.42955322928534445,-0.08301648233965078,-0.08301648233965078,-0.08301648233965078,-0.3465367469456937,-0.3465367469456937,-0.3465367469456937,0.0,0.0,0.0,45.23742801392164
2023-07-28,45.66730559106928,36.478193095200986,53.57969033983021,45.66730559106928,45.66730559106928,-0.7753013472459538,-0.7753013472459538,-0.7753013472459538,-0.4634532681659596,-0.4634532681659596,-0.4634532681659596,-0.3118480790799942,-0.3118480790799942,-0.3118480790799942,0.0,0.0,0.0,44.89200424382332
2023-07-29,45.66762993893158,36.59688789177521,53.613671536198524,45.66762993893158,45.66762993893158,-0.661071250543379,-0.661071250543379,-0.661071250543379,-0.39336975001911495,-0.39336975001911495,-0.39336975001911495,-0.26770150052426406,-0.26770150052426406,-0.26770150052426406,0.0,0.0,0.0,45.0065586883882
2023-07-30,45.66795428679388,38.01573707892997,54.462287089665246,45.66795428679388,45.66795428679388,0.4205791558907599,0.4205791558907599,0.4205791558907599,0.6352679616036278,0.6352679616036278,0.6352679616036278,-0.21468880571286786,-0.21468880571286786,-0.21468880571286786,0.0,0.0,0.0,46.088533442684636
2023-07-31,45.66827863465618,37.16490582301495,54.37347067779013,45.66827863465618,45.66827863465618,0.059679659615803064,0.059679659615803064,0.059679659615803064,0.21329333042417986,0.21329333042417986,0.21329333042417986,-0.1536136708083768,-0.1536136708083768,-0.1536136708083768,0.0,0.0,0.0,45.727958294271986
2023-08-01,45.66860298251847,36.95799212982156,53.790899637719406,45.66860298251847,45.66860298251847,0.14358157963779442,0.14358157963779442,0.14358157963779442,0.22905847395118856,0.22905847395118856,0.22905847395118856,-0.08547689431339413,-0.08547689431339413,-0.08547689431339413,0.0,0.0,0.0,45.81218456215627
2023-08-02,45.668927330380775,37.187939005200676,53.54217739357974,45.668927330380775,45.668927330380775,-0.1492370151427057,-0.1492370151427057,-0.1492370151427057,-0.13778026545226413,-0.13778026545226413,-0.13778026545226413,-0.011456749690441564,-0.011456749690441564,-0.011456749690441564,0.0,0.0,0.0,45.51969031523807
2023-08-03,45.66925167824307,37.29624807977258,54.17429231193214,45.66925167824307,45.66925167824307,-0.015901355057579253,-0.015901355057579253,-0.015901355057579253,-0.08301648234185244,-0.08301648234185244,-0.08301648234185244,0.0671151272842732,0.0671151272842732,0.0671151272842732,0.0,0.0,0.0,45.65335032318549
2023-08-04,45.66957602610537,36.61205050608912,53.55435676145245,45.66957602610537,45.66957602610537,-0.3146714901845593,-0.3146714901845593,-0.3146714901845593,-0.463453268164967,-0.463453268164967,-0.463453268164967,0.1487817779804077,0.1487817779804077,0.1487817779804077,0.0,0.0,0.0,45.35490453592081
2023-08-05,45.66990037396767,36.951282104073044,53.61453143395838,45.66990037396767,45.66990037396767,-0.16137750438932671,-0.16137750438932671,-0.16137750438932671,-0.39336975001890595,-0.39336975001890595,-0.39336975001890595,0.23199224562957924,0.23199224562957924,0.23199224562957924,0.0,0.0,0.0,45.50852286957834
2023-08-06,45.67022472182997,38.15106689514784,55.7959830158395,45.67022472182997,45.67022472182997,0.9504034175929873,0.9504034175929873,0.9504034175929873,0.6352679616034338,0.6352679616034338,0.6352679616034338,0.31513545598955345,0.31513545598955345,0.31513545598955345,0.0,0.0,0.0,46.620628139422955
2023-08-07,45.670549069692264,37.32891646528978,55.29723992173979,45.670549069692264,45.670549069692264,0.6098691850362393,0.6098691850362393,0.6098691850362393,0.21329333042388618,0.21329333042388618,0.21329333042388618,0.39657585461235306,0.39657585461235306,0.39657585461235306,0.0,0.0,0.0,46.2804182547285
2023-08-08,45.67087341755456,37.66095608530079,54.91543567611051,45.67087341755456,45.67087341755456,0.7037484248378474,0.7037484248378474,0.7037484248378474,0.22905847395084666,0.22905847395084666,0.22905847395084666,0.47468995088700067,0.47468995088700067,0.47468995088700067,0.0,0.0,0.0,46.37462184239241
2023-08-09,45.671197765416856,37.7403718673429,54.59214017734675,45.671197765416856,45.671197765416856,0.41012262417238987,0.41012262417238987,0.41012262417238987,-0.1377802654534439,-0.1377802654534439,-0.1377802654534439,0.5479028896258338,0.5479028896258338,0.5479028896258338,0.0,0.0,0.0,46.081320389589244
2023-08-10,45.67152211327916,37.747437219626974,54.652913333750895,45.67152211327916,45.67152211327916,0.5317076810467997,0.5317076810467997,0.5317076810467997,-0.0830164823409079,-0.0830164823409079,-0.0830164823409079,0.6147241633877076,0.6147241633877076,0.6147241633877076,0.0,0.0,0.0,46.20322979432596
2023-08-11,45.671846461141456,37.290108322776845,54.2829252569809,45.671846461141456,45.671846461141456,0.21032832526697115,0.21032832526697115,0.21032832526697115,-0.46345326816475096,-0.46345326816475096,-0.46345326816475096,0.6737815934317222,0.6737815934317222,0.6737815934317222,0.0,0.0,0.0,45.88217478640843
2023-08-12,45.67217080900375,37.78854389356368,54.75727799609876,45.67217080900375,45.67217080900375,0.33048299384198393,0.33048299384198393,0.33048299384198393,-0.39336975001744406,-0.39336975001744406,-0.39336975001744406,0.723852743859428,0.723852743859428,0.723852743859428,0.0,0.0,0.0,46.002653802845735
2023-08-13,45.67249515686605,38.59027370205685,55.653006084407146,45.67249515686605,45.67249515686605,1.3991609529532707,1.3991609529532707,1.3991609529532707,0.6352679616039292,0.6352679616039292,0.6352679616039292,0.7638929913493414,0.7638929913493414,0.7638929913493414,0.0,0.0,0.0,47.07165610981932
2023-08-14,45.67281950472835,38.697224847862316,54.8753332118533,45.67281950472835,45.67281950472835,1.0063528810336824,1.0063528810336824,1.0063528810336824,0.21329333042361404,0.21329333042361404,0.21329333042361404,0.7930595506100684,0.7930595506100684,0.7930595506100684,0.0,0.0,0.0,46.67917238576204
2023-08-15,45.67314385259065,38.25792943339755,55.63085167276921,45.67314385259065,45.67314385259065,1.039789325300299,1.039789325300299,1.039789325300299,0.22905847395149928,0.22905847395149928,0.22905847395149928,0.8107308513487997,0.8107308513487997,0.8107308513487997,0.0,0.0,0.0,46.712933177890946
2023-08-16,45.673468200452945,37.66620219730536,54.69049188693589,45.673468200452945,45.673468200452945,0.6787405084855584,0.6787405084855584,0.6787405084855584,-0.13778026545184455,-0.13778026545184455,-0.13778026545184455,0.816520773937403,0.816520773937403,0.816520773937403,0.0,0.0,0.0,46.352208708938505
2023-08-17,45.67379254831525,37.849017980259674,54.695751380784614,45.67379254831525,45.67379254831525,0.7272708929159536,0.7272708929159536,0.7272708929159536,-0.08301648233996337,-0.08301648233996337,-0.08301648233996337,0.8102873752559169,0.8102873752559169,0.8102873752559169,0.0,0.0,0.0,46.4010634412312
2023-08-18,45.67411689617754,37.59760037772409,54.61395889615918,45.67411689617754,45.67411689617754,0.3286826022180292,0.3286826022180292,0.3286826022180292,-0.4634532681661034,-0.4634532681661034,-0.4634532681661034,0.7921358703841326,0.7921358703841326,0.7921358703841326,0.0,0.0,0.0,46.00279949839557
2023-08-19,45.67444124403984,37.809966558055294,54.9702599789973,45.67444124403984,45.67444124403984,0.36904602652024404,0.36904602652024404,0.36904602652024404,-0.393369750017235,-0.393369750017235,-0.393369750017235,0.762415776537479,0.762415776537479,0.762415776537479,0.0,0.0,0.0,46.043487270560085
2023-08-20,45.67476559190214,38.58940814741932,55.31850911808357,45.67476559190214,45.67476559190214,1.3569802310125403,1.3569802310125403,1.3569802310125403,0.6352679616018713,0.6352679616018713,0.6352679616018713,0.7217122694106691,0.7217122694106691,0.7217122694106691,0.0,0.0,0.0,47.03174582291468
2023-08-21,45.67508993976443,37.9259476089615,55.161687053538635,45.67508993976443,45.67508993976443,0.8841252757061847,0.8841252757061847,0.8841252757061847,0.21329333042332038,0.21329333042332038,0.21329333042332038,0.6708319452828643,0.6708319452828643,0.6708319452828643,0.0,0.0,0.0,46.559215215470616
2023-08-22,45.67541428762674,37.88860875318163,55.519974336580425,45.67541428762674,45.67541428762674,0.8398417952229216,0.8398417952229216,0.8398417952229216,0.22905847395115736,0.22905847395115736,0.22905847395115736,0.6107833212717643,0.6107833212717643,0.6107833212717643,0.0,0.0,0.0,46.51525608284966
2023-08-23,45.67573863548903,38.11053411819176,54.921815836749346,45.67573863548903,45.67573863548903,0.4049722720130629,0.4049722720130629,0.4049722720130629,-0.13778026545277788,-0.13778026545277788,-0.13778026545277788,0.5427525374658407,0.5427525374658407,0.5427525374658407,0.0,0.0,0.0,46.080710907502095
2023-08-24,45.67606298335133,37.50557174172508,54.66855591157042,45.67606298335133,45.67606298335133,0.3850583626839068,0.3850583626839068,0.3850583626839068,-0.08301648234059195,-0.08301648234059195,-0.08301648234059195,0.46807484502449875,0.46807484502449875,0.46807484502449875,0.0,0.0,0.0,46.061121346035236
2023-08-25,45.67638733121363,37.23707370247084,54.08481458892848,45.67638733121363,45.67638733121363,-0.07525069755633097,-0.07525069755633097,-0.07525069755633097,-0.46345326816431903,-0.46345326816431903,-0.46345326816431903,0.388202570607988,0.388202570607988,0.388202570607988,0.0,0.0,0.0,45.601136633657305
2023-08-26,45.67671166690869,37.3103369409447,54.34247811671288,45.67671166690869,45.67671166690869,-0.0886994130045007,-0.0886994130045007,-0.0886994130045007,-0.3933697500210008,-0.3933697500210008,-0.3933697500210008,0.3046703370165001,0.3046703370165001,0.3046703370165001,0.0,0.0,0.0,45.58801225390419
2023-08-27,45.67703600260373,38.23174544410333,55.031973625412,45.67703600260373,45.67703600260373,0.8543263519252762,0.8543263519252762,0.8543263519252762,0.635267961603056,0.635267961603056,0.635267961603056,0.2190583903222203,0.2190583903222203,0.2190583903222203,0.0,0.0,0.0,46.531362354529
2023-08-28,45.677360338298776,38.32350633791537,54.629655432837964,45.677360338298776,45.677360338298776,0.34624826373349293,0.34624826373349293,0.34624826373349293,0.21329333042302667,0.21329333042302667,0.21329333042302667,0.13295493331046623,0.13295493331046623,0.13295493331046623,0.0,0.0,0.0,46.02360860203227
2023-08-29,45.677684673993824,37.55144128667417,54.27625860517786,45.677684673993824,45.677684673993824,0.2769768662671901,0.2769768662671901,0.2769768662671901,0.22905847395152415,0.22905847395152415,0.22905847395152415,0.047918392315665914,0.047918392315665914,0.047918392315665914,0.0,0.0,0.0,45.954661540261014
2023-08-30,45.67800900968887,36.85155692138467,53.393083365133904,45.67800900968887,45.67800900968887,-0.17233971659329744,-0.17233971659329744,-0.17233971659329744,-0.13778026545244484,-0.13778026545244484,-0.13778026545244484,-0.03455945114085261,-0.03455945114085261,-0.03455945114085261,0.0,0.0,0.0,45.50566929309557
2023-08-31,45.67833334538392,37.2364885317484,53.98848866312867,45.67833334538392,45.67833334538392,-0.19610503369722,-0.19610503369722,-0.19610503369722,-0.08301648233815782,-0.08301648233815782,-0.08301648233815782,-0.11308855135906216,-0.11308855135906216,-0.11308855135906216,0.0,0.0,0.0,45.4822283116867
2023-09-01,45.67865768107896,36.81320741345356,53.75228182635251,45.67865768107896,45.67865768107896,-0.6498663093182605,-0.6498663093182605,-0.6498663093182605,-0.46345326816567134,-0.46345326816567134,-0.46345326816567134,-0.18641304115258917,-0.18641304115258917,-0.18641304115258917,0.0,0.0,0.0,45.0287913717607
2023-09-02,45.67898201677401,36.082002414431024,53.65954397760995,45.67898201677401,45.67898201677401,-0.6468099686965925,-0.6468099686965925,-0.6468099686965925,-0.39336975002079166,-0.39336975002079166,-0.39336975002079166,-0.2534402186758007,-0.2534402186758007,-0.2534402186758007,0.0,0.0,0.0,45.03217204807741
2023-09-03,45.67930635246906,37.676494748808096,54.38860671871759,45.67930635246906,45.67930635246906,0.3220026071088732,0.3220026071088732,0.3220026071088732,0.635267961602862,0.635267961602862,0.635267961602862,-0.3132653544939888,-0.3132653544939888,-0.3132653544939888,0.0,0.0,0.0,46.00130895957793
2023-09-04,45.6796306881641,37.5085933692255,53.722991020621144,45.6796306881641,45.6796306881641,-0.1518983664924275,-0.1518983664924275,-0.1518983664924275,0.21329333042274365,0.21329333042274365,0.21329333042274365,-0.36519169691517117,-0.36519169691517117,-0.36519169691517117,0.0,0.0,0.0,45.52773232167168
2023-09-05,45.67995502385915,36.33360694964904,53.31879830170166,45.67995502385915,45.67995502385915,-0.17968669732678522,-0.17968669732678522,-0.17968669732678522,0.22905847395146806,0.22905847395146806,0.22905847395146806,-0.40874517127825327,-0.40874517127825327,-0.40874517127825327,0.0,0.0,0.0,45.500268326532364
2023-09-06,45.6802793595542,35.895139606530144,53.543097599287115,45.6802793595542,45.6802793595542,-0.5814636648902098,-0.5814636648902098,-0.5814636648902098,-0.13778026545211183,-0.13778026545211183,-0.13778026545211183,-0.443683399438098,-0.443683399438098,-0.443683399438098,0.0,0.0,0.0,45.09881569466399
2023-09-07,45.680603695249246,36.376293818324626,53.97608954101779,45.680603695249246,45.680603695249246,-0.5530152882284097,-0.5530152882284097,-0.5530152882284097,-0.08301648234035951,-0.08301648234035951,-0.08301648234035951,-0.4699988058880503,-0.4699988058880503,-0.4699988058880503,0.0,0.0,0.0,45.12758840702084
2023-09-08,45.680928030944294,36.340023416929554,53.708743242730634,45.680928030944294,45.680928030944294,-0.9513689915513039,-0.9513689915513039,-0.9513689915513039,-0.46345326816702365,-0.46345326816702365,-0.46345326816702365,-0.48791572338428024,-0.48791572338428024,-0.48791572338428024,0.0,0.0,0.0,44.72955903939299
2023-09-09,45.68125236663934,35.993641044845354,53.63400286478307,45.68125236663934,45.68125236663934,-0.891251309950363,-0.891251309950363,-0.891251309950363,-0.39336975001932983,-0.39336975001932983,-0.39336975001932983,-0.49788155993103306,-0.49788155993103306,-0.49788155993103306,0.0,0.0,0.0,44.79000105668898
2023-09-10,45.68157670233439,37.24974918823494,53.92098866840238,45.68157670233439,45.68157670233439,0.13471572470772028,0.13471572470772028,0.13471572470772028,0.6352679616033573,0.6352679616033573,0.6352679616033573,-0.5005522368956371,-0.5005522368956371,-0.5005522368956371,0.0,0.0,0.0,45.81629242704211
2023-09-11,45.68190103802944,36.651040243659985,53.51005423173989,45.68190103802944,45.68190103802944,-0.28347892073853354,-0.28347892073853354,-0.28347892073853354,0.21329333042402168,0.21329333042402168,0.21329333042402168,-0.49677225116255525,-0.49677225116255525,-0.49677225116255525,0.0,0.0,0.0,45.398422117290906
2023-09-12,45.68222537372448,37.495084362849255,53.73391931737175,45.68222537372448,45.68222537372448,-0.25849137510787035,-0.25849137510787035,-0.25849137510787035,0.22905847395183485,0.22905847395183485,0.22905847395183485,-0.4875498490597052,-0.4875498490597052,-0.4875498490597052,0.0,0.0,0.0,45.423733998616605
2023-09-13,45.682549709419526,36.73636582380219,53.33880852693924,45.682549709419526,45.682549709419526,-0.6118081884098173,-0.6118081884098173,-0.6118081884098173,-0.13778026545177882,-0.13778026545177882,-0.13778026545177882,-0.4740279229580386,-0.4740279229580386,-0.4740279229580386,0.0,0.0,0.0,45.07074152100971
2023-09-14,45.68287404511458,36.233796643651814,53.09234157155347,45.68287404511458,45.68287404511458,-0.5404678322146362,-0.5404678322146362,-0.5404678322146362,-0.08301648233941494,-0.08301648233941494,-0.08301648233941494,-0.4574513498752212,-0.4574513498752212,-0.4574513498752212,0.0,0.0,0.0,45.14240621289994
2023-09-15,45.68319838080962,36.44781880075662,53.3658334911517,45.68319838080962,45.68319838080962,-0.902584850585809,-0.902584850585809,-0.902584850585809,-0.4634532681668076,-0.4634532681668076,-0.4634532681668076,-0.43913158241900135,-0.43913158241900135,-0.43913158241900135,0.0,0.0,0.0,44.78061353022381
2023-09-16,45.68352271650467,36.73620123634648,53.811536149691854,45.68352271650467,45.68352271650467,-0.813779123712979,-0.813779123712979,-0.813779123712979,-0.3933697500218427,-0.3933697500218427,-0.3933697500218427,-0.42040937369113635,-0.42040937369113635,-0.42040937369113635,0.0,0.0,0.0,44.86974359279169
2023-09-17,45.68384705219972,37.73651384722668,54.43247961938412,45.68384705219972,45.68384705219972,0.23265139402684573,0.23265139402684573,0.23265139402684573,0.6352679616038527,0.6352679616038527,0.6352679616038527,-0.40261656757700703,-0.40261656757700703,-0.40261656757700703,0.0,0.0,0.0,45.91649844622656
2023-09-18,45.684171387894764,36.84855552917377,53.53683065191482,45.684171387894764,45.684171387894764,-0.17374458244320187,-0.17374458244320187,-0.17374458244320187,0.21329333042374948,0.21329333042374948,0.21329333042374948,-0.38703791286695133,-0.38703791286695133,-0.38703791286695133,0.0,0.0,0.0,45.510426805451566
2023-09-19,45.68449572358981,37.170974936442676,53.71137604630631,45.68449572358981,45.68449572358981,-0.1458153892732542,-0.1458153892732542,-0.1458153892732542,0.22905847395078427,0.22905847395078427,0.22905847395078427,-0.37487386322403843,-0.37487386322403843,-0.37487386322403843,0.0,0.0,0.0,45.53868033431656
2023-09-20,45.68482005928486,36.733329412599836,53.843247555067784,45.68482005928486,45.68482005928486,-0.5049855704486519,-0.5049855704486519,-0.5049855704486519,-0.1377802654527122,-0.1377802654527122,-0.1377802654527122,-0.36720530499593973,-0.36720530499593973,-0.36720530499593973,0.0,0.0,0.0,45.17983448883621
2023-09-21,45.6851443949799,37.31098214562596,53.320301591669335,45.6851443949799,45.6851443949799,-0.4479775940286974,-0.4479775940286974,-0.4479775940286974,-0.08301648234004354,-0.08301648234004354,-0.08301648234004354,-0.3649611116886538,-0.3649611116886538,-0.3649611116886538,0.0,0.0,0.0,45.2371668009512
2023-09-22,45.685468730674955,36.55198783991048,53.82059844065064,45.685468730674955,45.685468730674955,-0.832342626811404,-0.832342626811404,-0.832342626811404,-0.46345326816581506,-0.46345326816581506,-0.46345326816581506,-0.3688893586455889,-0.3688893586455889,-0.3688893586455889,0.0,0.0,0.0,44.85312610386355
2023-09-23,45.68579306637,36.32561605362861,53.67567378284634,45.68579306637,45.68579306637,-0.7729026956557025,-0.7729026956557025,-0.7729026956557025,-0.39336975002038077,-0.39336975002038077,-0.39336975002038077,-0.3795329456353216,-0.3795329456353216,-0.3795329456353216,0.0,0.0,0.0,44.9128903707143
2023-09-24,45.686117402065044,36.74704677262622,53.857435736785554,45.686117402065044,45.686117402065044,0.2380576908987602,0.2380576908987602,0.2380576908987602,0.6352679616043482,0.6352679616043482,0.6352679616043482,-0.3972102707055879,-0.3972102707055879,-0.3972102707055879,0.0,0.0,0.0,45.92417509296381
2023-09-25,45.6864417377601,37.51655439170744,54.72201258518802,45.6864417377601,45.6864417377601,-0.2087081479383454,-0.2087081479383454,-0.2087081479383454,0.21329333042345588,0.21329333042345588,0.21329333042345588,-0.4220014783618013,-0.4220014783618013,-0.4220014783618013,0.0,0.0,0.0,45.47773358982175
2023-09-26,45.68676607345514,36.48303981586077,53.57431066624857,45.68676607345514,45.68676607345514,-0.2246821977779627,-0.2246821977779627,-0.2246821977779627,0.22905847395115106,0.22905847395115106,0.22905847395115106,-0.45374067172911375,-0.45374067172911375,-0.45374067172911375,0.0,0.0,0.0,45.46208387567717
2023-09-27,45.68709040915019,36.765907728867795,54.103954020199666,45.68709040915019,45.68709040915019,-0.6297946005897056,-0.6297946005897056,-0.6297946005897056,-0.13778026545262556,-0.13778026545262556,-0.13778026545262556,-0.49201433513708004,-0.49201433513708004,-0.49201433513708004,0.0,0.0,0.0,45.05729580856048
2023-09-28,45.687414744845235,36.59924389004898,52.66329642449177,45.687414744845235,45.687414744845235,-0.61918254626313,-0.61918254626313,-0.61918254626313,-0.08301648234067209,-0.08301648234067209,-0.08301648234067209,-0.5361660639224579,-0.5361660639224579,-0.5361660639224579,0.0,0.0,0.0,45.0682321985821
2023-09-29,45.68773908054028,36.24418037091298,53.14051352909721,45.68773908054028,45.68773908054028,-1.0487608140194924,-1.0487608140194924,-1.0487608140194924,-0.4634532681640307,-0.4634532681640307,-0.4634532681640307,-0.5853075458554615,-0.5853075458554615,-0.5853075458554615,0.0,0.0,0.0,44.63897826652079
2023-09-30,45.68806341623533,36.43244158774437,52.748280542598856,45.68806341623533,45.68806341623533,-1.0317053371015135,-1.0317053371015135,-1.0317053371015135,-0.3933697500214247,-0.3933697500214247,-0.3933697500214247,-0.6383355870800888,-0.6383355870800888,-0.6383355870800888,0.0,0.0,0.0,44.65635807913382
2023-10-01,45.68838775193038,37.52540992342164,53.97585573693124,45.68838775193038,45.68838775193038,-0.05868686690512519,-0.05868686690512519,-0.05868686690512519,0.6352679616041542,0.6352679616041542,0.6352679616041542,-0.6939548285092794,-0.6939548285092794,-0.6939548285092794,0.0,0.0,0.0,45.62970088502525
2023-10-02,45.68871208762542,36.3643667856463,53.67195266659532,45.68871208762542,45.68871208762542,-0.5374123293301568,-0.5374123293301568,-0.5374123293301568,0.213293330423173,0.213293330423173,0.213293330423173,-0.7507056597533298,-0.7507056597533298,-0.7507056597533298,0.0,0.0,0.0,45.15129975829526
2023-10-03,45.68903642332047,36.9179974697169,53.71993136578918,45.68903642332047,45.68903642332047,-0.5779382362674358,-0.5779382362674358,-0.5779382362674358,0.22905847395151785,0.22905847395151785,0.22905847395151785,-0.8069967102189537,-0.8069967102189537,-0.8069967102189537,0.0,0.0,0.0,45.11109818705304
2023-10-04,45.68936075901552,36.7571877227416,53.813875225546425,45.68936075901552,45.68936075901552,-0.99892144952455,-0.99892144952455,-0.99892144952455,-0.1377802654535589,-0.1377802654535589,-0.1377802654535589,-0.861141184070991,-0.861141184070991,-0.861141184070991,0.0,0.0,0.0,44.69043930949097
2023-10-05,45.68968509471056,35.61551955793019,52.644827387281346,45.68968509471056,45.68968509471056,-0.9944126923284172,-0.9944126923284172,-0.9944126923284172,-0.08301648234130066,-0.08301648234130066,-0.08301648234130066,-0.9113962099871166,-0.9113962099871166,-0.9113962099871166,0.0,0.0,0.0,44.695272402382145
2023-10-06,45.69000943040562,36.03762156790669,52.439792531676744,45.69000943040562,45.69000943040562,-1.4194575685262314,-1.4194575685262314,-1.4194575685262314,-0.46345326816538307,-0.46345326816538307,-0.46345326816538307,-0.956004300360848,-0.956004300360848,-0.956004300360848,0.0,0.0,0.0,44.27055186187938
2023-10-07,45.690333766100665,36.01465136574069,52.733879108949345,45.690333766100665,45.690333766100665,-1.3866057096353925,-1.3866057096353925,-1.3866057096353925,-0.39336975001996277,-0.39336975001996277,-0.39336975001996277,-0.9932359596154297,-0.9932359596154297,-0.9932359596154297,0.0,0.0,0.0,44.303728056465275
2023-10-08,45.690658101795705,36.19902227487494,53.97259965545956,45.690658101795705,45.690658101795705,-0.3861644873055269,-0.3861644873055269,-0.3861644873055269,0.6352679616027855,0.6352679616027855,0.6352679616027855,-1.0214324489083124,-1.0214324489083124,-1.0214324489083124,0.0,0.0,0.0,45.30449361449018
2023-10-09,45.69098243749075,36.50463104890406,52.888393413289066,45.69098243749075,45.69098243749075,-0.8257543750476064,-0.8257543750476064,-0.8257543750476064,0.2132933304244617,0.2132933304244617,0.2132933304244617,-1.039047705472068,-1.039047705472068,-1.039047705472068,0.0,0.0,0.0,44.865228062443144
2023-10-10,45.6913067731858,36.71818011118349,52.98831949792467,45.6913067731858,45.6913067731858,-0.8156299553992209,-0.8156299553992209,-0.8156299553992209,0.22905847395046725,0.22905847395046725,0.22905847395046725,-1.0446884293496883,-1.0446884293496883,-1.0446884293496883,0.0,0.0,0.0,44.87567681778658
2023-10-11,45.69163110888085,36.33025467909916,53.38539640251659,45.69163110888085,45.69163110888085,-1.1749316534590901,-1.1749316534590901,-1.1749316534590901,-0.13778026545195954,-0.13778026545195954,-0.13778026545195954,-1.0371513880071306,-1.0371513880071306,-1.0371513880071306,0.0,0.0,0.0,44.51669945542176
2023-10-12,45.691955444575896,36.45810091959329,53.338260899544736,45.691955444575896,45.691955444575896,-1.0984735316265202,-1.0984735316265202,-1.0984735316265202,-0.08301648234035613,-0.08301648234035613,-0.08301648234035613,-1.0154570492861639,-1.0154570492861639,-1.0154570492861639,0.0,0.0,0.0,44.59348191294938
2023-10-13,45.69227978027094,35.25203662813044,53.30935591588571,45.69227978027094,45.69227978027094,-1.4423320021602548,-1.4423320021602548,-1.4423320021602548,-0.4634532681643905,-0.4634532681643905,-0.4634532681643905,-0.9788787339958644,-0.9788787339958644,-0.9788787339958644,0.0,0.0,0.0,44.24994777811068
2023-10-14,45.69260411596599,36.26280068732308,52.86266069356921,45.69260411596599,45.69260411596599,-1.3203363291984354,-1.3203363291984354,-1.3203363291984354,-0.39336975001850083,-0.39336975001850083,-0.39336975001850083,-0.9269665791799345,-0.9269665791799345,-0.9269665791799345,0.0,0.0,0.0,44.37226778676756
2023-10-15,45.69292845166104,37.400827729817614,53.67986812854981,45.69292845166104,45.69292845166104,-0.22429775777071417,-0.22429775777071417,-0.22429775777071417,0.6352679616025915,0.6352679616025915,0.6352679616025915,-0.8595657193733057,-0.8595657193733057,-0.8595657193733057,0.0,0.0,0.0,45.468630693890326
2023-10-16,45.69325278735608,35.940872962433644,53.470850751175746,45.69325278735608,45.69325278735608,-0.5635348928014665,-0.5635348928014665,-0.5635348928014665,0.21329333042417878,0.21329333042417878,0.21329333042417878,-0.7768282232256454,-0.7768282232256454,-0.7768282232256454,0.0,0.0,0.0,45.12971789455462
2023-10-17,45.693577123051135,36.00121116003423,53.729888134549775,45.693577123051135,45.693577123051135,-0.4501599897016675,-0.4501599897016675,-0.4501599897016675,0.2290584739508341,0.2290584739508341,0.2290584739508341,-0.6792184636525016,-0.6792184636525016,-0.6792184636525016,0.0,0.0,0.0,45.24341713334947
2023-10-18,45.69390145874618,37.45324241991856,53.00804759489231,45.69390145874618,45.69390145874618,-0.7052920133241386,-0.7052920133241386,-0.7052920133241386,-0.13778026545289285,-0.13778026545289285,-0.13778026545289285,-0.5675117478712458,-0.5675117478712458,-0.5675117478712458,0.0,0.0,0.0,44.98860944542204
2023-10-19,45.69422579444122,36.84456781880483,53.777196428870596,45.69422579444122,45.69422579444122,-0.525802668147125,-0.525802668147125,-0.525802668147125,-0.08301648234106825,-0.08301648234106825,-0.08301648234106825,-0.44278618580605683,-0.44278618580605683,-0.44278618580605683,0.0,0.0,0.0,45.1684231262941
2023-10-20,45.69455013013627,36.75211025285108,52.86737085298107,45.69455013013627,45.69455013013627,-0.7698611960544254,-0.7698611960544254,-0.7698611960544254,-0.4634532681657427,-0.4634532681657427,-0.4634532681657427,-0.30640792788868265,-0.30640792788868265,-0.30640792788868265,0.0,0.0,0.0,44.92468893408184
2023-10-21,45.694874465831326,35.9023446940907,53.9668934856722,45.694874465831326,45.694874465831326,-0.5533798026979984,-0.5533798026979984,-0.5533798026979984,-0.3933697500195448,-0.3933697500195448,-0.3933697500195448,-0.16001005267845353,-0.16001005267845353,-0.16001005267845353,0.0,0.0,0.0,45.14149466313333
2023-10-22,45.69519880152637,38.10632851205937,54.83360185727714,45.69519880152637,45.69519880152637,0.6298024340789677,0.6298024340789677,0.6298024340789677,0.6352679616037763,0.6352679616037763,0.6352679616037763,-0.005465527524808469,-0.005465527524808469,-0.005465527524808469,0.0,0.0,0.0,46.325001235605335
2023-10-23,45.695523137221414,37.691849311393156,54.805339036193416,45.695523137221414,45.695523137221414,0.36843853195444476,0.36843853195444476,0.36843853195444476,0.2132933304238958,0.2132933304238958,0.2132933304238958,0.155145201530549,0.155145201530549,0.155145201530549,0.0,0.0,0.0,46.06396166917586
2023-10-24,45.695847472916455,37.563214854288425,55.10442408060107,45.695847472916455,45.695847472916455,0.5486297883229493,0.5486297883229493,0.5486297883229493,0.22905847395148668,0.22905847395148668,0.22905847395148668,0.3195713143714626,0.3195713143714626,0.3195713143714626,0.0,0.0,0.0,46.2444772612394
2023-10-25,45.69617180861151,37.639717528846,54.62342419292913,45.69617180861151,45.69617180861151,0.3476523697427638,0.3476523697427638,0.3476523697427638,-0.13778026545382616,-0.13778026545382616,-0.13778026545382616,0.48543263519658997,0.48543263519658997,0.48543263519658997,0.0,0.0,0.0,46.04382417835427
2023-10-26,45.69649614430656,37.98319180783545,54.75117427552971,45.69649614430656,45.69649614430656,0.567247215063887,0.567247215063887,0.567247215063887,-0.08301648234012371,-0.08301648234012371,-0.08301648234012371,0.6502636974040107,0.6502636974040107,0.6502636974040107,0.0,0.0,0.0,46.263743359370444
2023-10-27,45.6968204800016,37.83356791367958,54.253495449802045,45.6968204800016,45.6968204800016,0.34810665276691766,0.34810665276691766,0.34810665276691766,-0.46345326816552673,-0.46345326816552673,-0.46345326816552673,0.8115599209324443,0.8115599209324443,0.8115599209324443,0.0,0.0,0.0,46.044927132768514
2023-10-28,45.697144815696646,37.61625758370806,55.04901171611008,45.697144815696646,45.697144815696646,0.5734551725175739,0.5734551725175739,0.5734551725175739,-0.39336975001808283,-0.39336975001808283,-0.39336975001808283,0.9668249225356568,0.9668249225356568,0.9668249225356568,0.0,0.0,0.0,46.27059998821422
2023-10-29,45.6974691513917,39.088336893403934,56.50093964406349,45.6974691513917,45.6974691513917,1.7488859177470302,1.7488859177470302,1.7488859177470302,0.6352679616035825,0.6352679616035825,0.6352679616035825,1.1136179561434478,1.1136179561434478,1.1136179561434478,0.0,0.0,0.0,47.44635506913873
2023-10-30,45.69779348708674,38.64819165267497,55.719166237992596,45.69779348708674,45.69779348708674,1.4628938101144484,1.4628938101144484,1.4628938101144484,0.21329333042361293,0.21329333042361293,0.21329333042361293,1.2496004796908353,1.2496004796908353,1.2496004796908353,0.0,0.0,0.0,47.16068729720119
2023-10-31,45.69811782278179,38.85867639005763,55.40948269475279,45.69811782278179,45.69811782278179,1.6016393404659133,1.6016393404659133,1.6016393404659133,0.22905847395185347,0.22905847395185347,0.22905847395185347,1.37258086651406,1.37258086651406,1.37258086651406,0.0,0.0,0.0,47.299757163247705
2023-11-01,45.698442158476844,39.05337692320089,55.6901422983872,45.698442158476844,45.698442158476844,1.3427760574473373,1.3427760574473373,1.3427760574473373,-0.13778026545222682,-0.13778026545222682,-0.13778026545222682,1.480556322899564,1.480556322899564,1.480556322899564,0.0,0.0,0.0,47.04121821592418
2023-11-02,45.698766494171885,38.60618497796389,55.901812782805884,45.698766494171885,45.698766494171885,1.488734655237645,1.488734655237645,1.488734655237645,-0.08301648234232537,-0.08301648234232537,-0.08301648234232537,1.5717511375799704,1.5717511375799704,1.5717511375799704,0.0,0.0,0.0,47.18750114940953
2023-11-03,45.69909082986693,38.682267872452016,55.53937539512897,45.69909082986693,45.69909082986693,1.1811972040574767,1.1811972040574767,1.1811972040574767,-0.46345326816531074,-0.46345326816531074,-0.46345326816531074,1.6446504722227873,1.6446504722227873,1.6446504722227873,0.0,0.0,0.0,46.88028803392441
2023-11-04,45.6994151718187,38.665725367524566,55.42697794390328,45.6994151718187,45.6994151718187,1.3046592522527134,1.3046592522527134,1.3046592522527134,-0.3933697500205958,-0.3933697500205958,-0.3933697500205958,1.6980290022733093,1.6980290022733093,1.6980290022733093,0.0,0.0,0.0,47.00407442407141
2023-11-05,45.699739513770474,39.55466468641626,56.76600068302207,45.699739513770474,45.699739513770474,2.366241794080565,2.366241794080565,2.366241794080565,0.635267961602903,0.635267961602903,0.635267961602903,1.7309738324776613,1.7309738324776613,1.7309738324776613,0.0,0.0,0.0,48.06598130785104
2023-11-06,45.70006385572224,39.423386997929434,56.515882177430484,45.70006385572224,45.70006385572224,1.9561945687254303,1.9561945687254303,1.9561945687254303,0.21329333042331933,0.21329333042331933,0.21329333042331933,1.742901238302111,1.742901238302111,1.742901238302111,0.0,0.0,0.0,47.65625842444767
2023-11-07,45.700388197674016,39.543056482294574,56.07760452710473,45.700388197674016,45.700388197674016,1.9626253942665348,1.9626253942665348,1.9626253942665348,0.22905847395151152,0.22905847395151152,0.22905847395151152,1.733566920315023,1.733566920315023,1.733566920315023,0.0,0.0,0.0,47.66301359194055
2023-11-08,45.70071253962579,38.77822391403578,56.0840091826361,45.70071253962579,45.70071253962579,1.5652893348391754,1.5652893348391754,1.5652893348391754,-0.13778026545316013,-0.13778026545316013,-0.13778026545316013,1.7030696002923358,1.7030696002923358,1.7030696002923358,0.0,0.0,0.0,47.26600187446497
2023-11-09,45.701036881577565,39.2453903747886,55.99295240269764,45.701036881577565,45.701036881577565,1.5688314497128237,1.5688314497128237,1.5688314497128237,-0.08301648233989126,-0.08301648233989126,-0.08301648233989126,1.6518479320527149,1.6518479320527149,1.6518479320527149,0.0,0.0,0.0,47.26986833129039
2023-11-10,45.70136122352934,38.579196224435414,55.60957960613619,45.70136122352934,45.70136122352934,1.117217575441183,1.117217575441183,1.117217575441183,-0.4634532681650947,-0.4634532681650947,-0.4634532681650947,1.5806708436062777,1.5806708436062777,1.5806708436062777,0.0,0.0,0.0,46.81857879897052
2023-11-11,45.70168556548111,38.430284814993016,55.199662467267665,45.70168556548111,45.70168556548111,1.097251816819056,1.097251816819056,1.097251816819056,-0.3933697500191339,-0.3933697500191339,-0.3933697500191339,1.4906215668381895,1.4906215668381895,1.4906215668381895,0.0,0.0,0.0,46.79893738230016
2023-11-12,45.70200990743288,39.56868703457808,56.23704915679808,45.70200990743288,45.70200990743288,2.0183437052005884,2.0183437052005884,2.0183437052005884,0.635267961602709,0.635267961602709,0.635267961602709,1.3830757435978795,1.3830757435978795,1.3830757435978795,0.0,0.0,0.0,47.72035361263347
2023-11-13,45.70233424938465,39.498503038568444,56.24309805603499,45.70233424938465,45.70233424938465,1.4729674501675656,1.4729674501675656,1.4729674501675656,0.21329333042304705,0.21329333042304705,0.21329333042304705,1.2596741197445185,1.2596741197445185,1.2596741197445185,0.0,0.0,0.0,47.175301699552215
2023-11-14,45.70265859133642,38.70040545193831,55.93214429059684,45.70265859133642,45.70265859133642,1.351348922820516,1.351348922820516,1.351348922820516,0.2290584739511696,0.2290584739511696,0.2290584739511696,1.1222904488693464,1.1222904488693464,1.1222904488693464,0.0,0.0,0.0,47.054007514156936
2023-11-15,45.70298293328819,38.518679104586994,54.932582981836774,45.70298293328819,45.70298293328819,0.8352150571515615,0.8352150571515615,0.8352150571515615,-0.13778026545307354,-0.13778026545307354,-0.13778026545307354,0.9729953226046351,0.9729953226046351,0.9729953226046351,0.0,0.0,0.0,46.538197990439755
2023-11-16,45.703307275239965,37.96302150326388,54.4540408628396,45.703307275239965,45.703307275239965,0.7310002404619974,0.7310002404619974,0.7310002404619974,-0.08301648234051985,-0.08301648234051985,-0.08301648234051985,0.8140167228025172,0.8140167228025172,0.8140167228025172,0.0,0.0,0.0,46.43430751570196
2023-11-17,45.70363161719174,37.80153759265044,53.783849934399775,45.70363161719174,45.70363161719174,0.18424488258937682,0.18424488258937682,0.18424488258937682,-0.46345326816644705,-0.46345326816644705,-0.46345326816644705,0.6476981507558239,0.6476981507558239,0.6476981507558239,0.0,0.0,0.0,45.887876499781115
2023-11-18,45.703955959143514,37.16316119423584,54.32255275715412,45.703955959143514,45.703955959143514,0.08308547896912415,0.08308547896912415,0.08308547896912415,-0.39336975001892477,-0.39336975001892477,-0.39336975001892477,0.476455228988049,0.476455228988049,0.476455228988049,0.0,0.0,0.0,45.78704143811264
2023-11-19,45.70428030109529,38.0543125264804,55.35693780924089,45.70428030109529,45.70428030109529,0.9379996528380012,0.9379996528380012,0.9379996528380012,0.6352679616025151,0.6352679616025151,0.6352679616025151,0.3027316912354861,0.3027316912354861,0.3027316912354861,0.0,0.0,0.0,46.64227995393329
2023-11-20,45.704604643047055,37.98006068679139,55.10834407404427,45.704604643047055,45.704604643047055,0.3422490063426536,0.3422490063426536,0.3422490063426536,0.21329333042432502,0.21329333042432502,0.21329333042432502,0.1289556759183285,0.1289556759183285,0.1289556759183285,0.0,0.0,0.0,46.04685364938971
2023-11-21,45.70492898499883,37.04118730854426,53.87361240498139,45.70492898499883,45.70492898499883,0.18655569185808885,0.18655569185808885,0.18655569185808885,0.22905847395082773,0.22905847395082773,0.22905847395082773,-0.04250278209273888,-0.04250278209273888,-0.04250278209273888,0.0,0.0,0.0,45.89148467685692
2023-11-22,45.705253326950604,37.324544909268305,54.09632480596097,45.705253326950604,45.705253326950604,-0.3471524720208357,-0.3471524720208357,-0.3471524720208357,-0.13778026545274058,-0.13778026545274058,-0.13778026545274058,-0.20937220656809516,-0.20937220656809516,-0.20937220656809516,0.0,0.0,0.0,45.358100854929766
2023-11-23,45.70557766890237,37.38929377908849,53.71481753016376,45.70557766890237,45.70557766890237,-0.45253376761176567,-0.45253376761176567,-0.45253376761176567,-0.08301648233957529,-0.08301648233957529,-0.08301648233957529,-0.3695172852721904,-0.3695172852721904,-0.3695172852721904,0.0,0.0,0.0,45.2530439012906
2023-11-24,45.70590201085414,37.45593458797016,52.98158455343027,45.70590201085414,45.70590201085414,-0.9844261721281738,-0.9844261721281738,-0.9844261721281738,-0.46345326816466265,-0.46345326816466265,-0.46345326816466265,-0.5209729039635113,-0.5209729039635113,-0.5209729039635113,0.0,0.0,0.0,44.721475838725965
2023-11-25,45.70622635280591,36.243075358810394,52.46077777302154,45.70622635280591,45.70622635280591,-1.0553437273117534,-1.0553437273117534,-1.0553437273117534,-0.39336975001871577,-0.39336975001871577,-0.39336975001871577,-0.6619739772930376,-0.6619739772930376,-0.6619739772930376,0.0,0.0,0.0,44.65088262549416
2023-11-26,45.70655069475769,36.69559128480445,53.43722351031666,45.70655069475769,45.70655069475769,-0.15571258568673804,-0.15571258568673804,-0.15571258568673804,0.6352679616036998,0.6352679616036998,0.6352679616036998,-0.7909805472904379,-0.7909805472904379,-0.7909805472904379,0.0,0.0,0.0,45.55083810907095
2023-11-27,45.70687503670946,36.44362752469782,53.51191802439971,45.70687503670946,45.70687503670946,-0.6934044023156167,-0.6934044023156167,-0.6934044023156167,0.2132933304240421,0.2132933304240421,0.2132933304240421,-0.9066977327396589,-0.9066977327396589,-0.9066977327396589,0.0,0.0,0.0,45.01347063439385
2023-11-28,45.70719937866124,36.269236768976754,53.542006516744124,45.70719937866124,45.70719937866124,-0.7790317588554014,-0.7790317588554014,-0.7790317588554014,0.2290584739511945,0.2290584739511945,0.2290584739511945,-1.008090232806596,-1.008090232806596,-1.008090232806596,0.0,0.0,0.0,44.92816761980583
2023-11-29,45.707523720613004,35.86878550008085,52.64159039453423,45.707523720613004,45.707523720613004,-1.2321714784759776,-1.2321714784759776,-1.2321714784759776,-0.1377802654524075,-0.1377802654524075,-0.1377802654524075,-1.0943912130235702,-1.0943912130235702,-1.0943912130235702,0.0,0.0,0.0,44.47535224213703
2023-11-30,45.70784806256478,36.76268311670821,52.94383238253964,45.70784806256478,45.70784806256478,-1.2481220105783712,-1.2481220105783712,-1.2481220105783712,-0.08301648233863074,-0.08301648233863074,-0.08301648233863074,-1.1651055282397405,-1.1651055282397405,-1.1651055282397405,0.0,0.0,0.0,44.45972605198641
2023-12-01,45.70817240451655,35.19310767165918,52.312453078794086,45.70817240451655,45.70817240451655,-1.6834606307401982,-1.6834606307401982,-1.6834606307401982,-0.46345326816523846,-0.46345326816523846,-0.46345326816523846,-1.22000736257496,-1.22000736257496,-1.22000736257496,0.0,0.0,0.0,44.02471177377635
2023-12-02,45.70849674646832,35.30827800920376,52.4555246704759,45.70849674646832,45.70849674646832,-1.6525022379728116,-1.6525022379728116,-1.6525022379728116,-0.3933697500224816,-0.3933697500224816,-0.3933697500224816,-1.25913248795033,-1.25913248795033,-1.25913248795033,0.0,0.0,0.0,44.05599450849551
2023-12-03,45.70882108842009,36.14116943155984,53.90210020708188,45.70882108842009,45.70882108842009,-0.6474974960809663,-0.6474974960809663,-0.6474974960809663,0.6352679616035058,0.6352679616035058,0.6352679616035058,-1.282765457684472,-1.282765457684472,-1.282765457684472,0.0,0.0,0.0,45.06132359233912
2023-12-04,45.70914543037186,36.49816898430018,53.228956962350125,45.70914543037186,45.70914543037186,-1.0781288270815121,-1.0781288270815121,-1.0781288270815121,0.21329333042374843,0.21329333042374843,0.21329333042374843,-1.2914221575052607,-1.2914221575052607,-1.2914221575052607,0.0,0.0,0.0,44.63101660329035
2023-12-05,45.70946977232364,36.35751333190373,53.23401459800191,45.70946977232364,45.70946977232364,-1.0567697568656664,-1.0567697568656664,-1.0567697568656664,0.22905847395014386,0.22905847395014386,0.22905847395014386,-1.2858282308158102,-1.2858282308158102,-1.2858282308158102,0.0,0.0,0.0,44.65270001545797
2023-12-06,45.70979411427541,35.68080572750502,53.02991162873391,45.70979411427541,45.70979411427541,-1.404674241676649,-1.404674241676649,-1.404674241676649,-0.13778026545232103,-0.13778026545232103,-0.13778026545232103,-1.2668939762243279,-1.2668939762243279,-1.2668939762243279,0.0,0.0,0.0,44.30511987259876
2023-12-07,45.710118456227185,35.99344086990041,53.351766829929204,45.710118456227185,45.710118456227185,-1.3187028638991687,-1.3187028638991687,-1.3187028638991687,-0.08301648234083243,-0.08301648234083243,-0.08301648234083243,-1.2356863815583365,-1.2356863815583365,-1.2356863815583365,0.0,0.0,0.0,44.391415592328016
2023-12-08,45.71044279817895,35.35293578085695,52.406746748213315,45.71044279817895,45.71044279817895,-1.656852276698938,-1.656852276698938,-1.656852276698938,-0.46345326816502247,-0.46345326816502247,-0.46345326816502247,-1.1933990085339152,-1.1933990085339152,-1.1933990085339152,0.0,0.0,0.0,44.05359052148002
2023-12-09,45.71076714013073,35.42302991140778,53.22607800638386,45.71076714013073,45.71076714013073,-1.5346902250736338,-1.5346902250736338,-1.5346902250736338,-0.39336975002101976,-0.39336975002101976,-0.39336975002101976,-1.141320475052614,-1.141320475052614,-1.141320475052614,0.0,0.0,0.0,44.176076915057095
2023-12-10,45.7110914820825,37.227419986489664,53.85142315014501,45.7110914820825,45.7110914820825,-0.4455343356629779,-0.4455343356629779,-0.4455343356629779,0.6352679616040012,0.6352679616040012,0.6352679616040012,-1.080802297266979,-1.080802297266979,-1.080802297266979,0.0,0.0,0.0,45.265557146419525
2023-12-11,45.711415824034276,36.80324586577168,53.30020552617121,45.711415824034276,45.711415824034276,-0.799933520534714,-0.799933520534714,-0.799933520534714,0.21329333042345475,0.21329333042345475,0.21329333042345475,-1.0132268509581688,-1.0132268509581688,-1.0132268509581688,0.0,0.0,0.0,44.91148230349956
2023-12-12,45.711740165986036,36.73073595690599,53.35046447735643,45.711740165986036,45.711740165986036,-0.7109177178284042,-0.7109177178284042,-0.7109177178284042,0.2290584739515052,0.2290584739515052,0.2290584739515052,-0.9399761917799094,-0.9399761917799094,-0.9399761917799094,0.0,0.0,0.0,45.000822448157635
2023-12-13,45.71206450793781,36.823045476518516,53.66304098865221,45.71206450793781,45.71206450793781,-1.0001827026259065,-1.0001827026259065,-1.0001827026259065,-0.13778026545198793,-0.13778026545198793,-0.13778026545198793,-0.8624024371739187,-0.8624024371739187,-0.8624024371739187,0.0,0.0,0.0,44.711881805311904
2023-12-14,45.712388849889585,36.30705632069796,53.65346150443486,45.712388849889585,45.712388849889585,-0.8648168427325049,-0.8648168427325049,-0.8648168427325049,-0.0830164823398879,-0.0830164823398879,-0.0830164823398879,-0.7818003603926171,-0.7818003603926171,-0.7818003603926171,0.0,0.0,0.0,44.84757200715708
2023-12-15,45.71271319184136,36.291121674326405,52.82513271353426,45.71271319184136,45.71271319184136,-1.1628360486006872,-1.1628360486006872,-1.1628360486006872,-0.46345326816637483,-0.46345326816637483,-0.46345326816637483,-0.6993827804343122,-0.6993827804343122,-0.6993827804343122,0.0,0.0,0.0,44.54987714324067
2023-12-16,45.713037533793134,36.84873997628995,53.66803205749848,45.713037533793134,45.713037533793134,-1.009629002581052,-1.009629002581052,-1.009629002581052,-0.3933697500208107,-0.3933697500208107,-0.3933697500208107,-0.6162592525602412,-0.6162592525602412,-0.6162592525602412,0.0,0.0,0.0,44.703408531212084
2023-12-17,45.7133618757449,37.12438783744117,54.447053866782916,45.7133618757449,45.7133618757449,0.10184948720768246,0.10184948720768246,0.10184948720768246,0.6352679616026327,0.6352679616026327,0.6352679616026327,-0.5334184743949503,-0.5334184743949503,-0.5334184743949503,0.0,0.0,0.0,45.81521136295258
2023-12-18,45.713686217696676,37.26936829700734,53.97915758448287,45.713686217696676,45.713686217696676,-0.2384213941694674,-0.2384213941694674,-0.2384213941694674,0.21329333042318266,0.21329333042318266,0.21329333042318266,-0.45171472459265005,-0.45171472459265005,-0.45171472459265005,0.0,0.0,0.0,45.47526482352721
2023-12-19,45.71401055964845,37.55120370835252,54.5512279744231,45.71401055964845,45.71401055964845,-0.14280007312348428,-0.14280007312348428,-0.14280007312348428,0.22905847395045453,0.22905847395045453,0.22905847395045453,-0.37185854707393884,-0.37185854707393884,-0.37185854707393884,0.0,0.0,0.0,45.57121048652497
2023-12-20,45.714334901600225,36.81742349747678,53.52380076590515,45.714334901600225,45.714334901600225,-0.4321920517961879,-0.4321920517961879,-0.4321920517961879,-0.1377802654529213,-0.1377802654529213,-0.1377802654529213,-0.29441178634326665,-0.29441178634326665,-0.29441178634326665,0.0,0.0,0.0,45.28214284980404
2023-12-21,45.714659243551985,37.16918284705696,53.89033986842741,45.714659243551985,45.714659243551985,-0.302803453275663,-0.302803453275663,-0.302803453275663,-0.08301648234051645,-0.08301648234051645,-0.08301648234051645,-0.21978697093514657,-0.21978697093514657,-0.21978697093514657,0.0,0.0,0.0,45.41185579027632
2023-12-22,45.71498358550376,36.717416364822455,53.42928269484202,45.71498358550376,45.71498358550376,-0.6117042032662632,-0.6117042032662632,-0.6117042032662632,-0.46345326816772703,-0.46345326816772703,-0.46345326816772703,-0.1482509350985362,-0.1482509350985362,-0.1482509350985362,0.0,0.0,0.0,45.103279382237496
2023-12-23,45.715307927455534,37.22194044335591,53.95599282677824,45.715307927455534,45.715307927455534,-0.47330221591789795,-0.47330221591789795,-0.47330221591789795,-0.39336975001934876,-0.39336975001934876,-0.39336975001934876,-0.07993246589854916,-0.07993246589854916,-0.07993246589854916,0.0,0.0,0.0,45.24200571153764
2023-12-24,45.71563226940731,38.18093427181355,55.381870293561484,45.71563226940731,45.71563226940731,0.6204342952811194,0.6204342952811194,0.6204342952811194,0.6352679616031279,0.6352679616031279,0.6352679616031279,-0.014833666322008502,-0.014833666322008502,-0.014833666322008502,0.0,0.0,0.0,46.33606656468843
2023-12-25,45.71595661135908,37.531703745669525,54.597007245043464,45.71595661135908,45.71595661135908,0.26044869353145245,0.26044869353145245,0.26044869353145245,0.2132933304228888,0.2132933304228888,0.2132933304228888,0.047155363108563574,0.047155363108563574,0.047155363108563574,0.0,0.0,0.0,45.976405304890534
2023-12-26,45.71628095331085,37.41821135842271,54.74740859998286,45.71628095331085,45.71628095331085,0.33529747324697023,0.33529747324697023,0.33529747324697023,0.22905847395082138,0.22905847395082138,0.22905847395082138,0.10623899929614887,0.10623899929614887,0.10623899929614887,0.0,0.0,0.0,46.05157842655782
2023-12-27,45.716605295262625,38.17951252131347,54.33271648979403,45.716605295262625,45.716605295262625,0.024916003149916745,0.024916003149916745,0.024916003149916745,-0.13778026545258829,-0.13778026545258829,-0.13778026545258829,0.16269626860250502,0.16269626860250502,0.16269626860250502,0.0,0.0,0.0,45.74152129841254
2023-12-28,45.7169296372144,37.232345451212815,54.32382679380466,45.7169296372144,45.7169296372144,0.13384282589205,0.13384282589205,0.13384282589205,-0.08301648233965545,-0.08301648233965545,-0.08301648233965545,0.21685930823170546,0.21685930823170546,0.21685930823170546,0.0,0.0,0.0,45.85077246310645
2023-12-29,45.71725397916617,37.219946920801306,54.158048747132206,45.71725397916617,45.71725397916617,-0.19436252183386243,-0.19436252183386243,-0.19436252183386243,-0.46345326816594273,-0.46345326816594273,-0.46345326816594273,0.2690907463320803,0.2690907463320803,0.2690907463320803,0.0,0.0,0.0,45.522891457332314
2023-12-30,45.71757832111794,37.69911102671118,54.76275133904207,45.71757832111794,45.71757832111794,-0.07360909822673131,-0.07360909822673131,-0.07360909822673131,-0.39336975002039265,-0.39336975002039265,-0.39336975002039265,0.3197606517936613,0.3197606517936613,0.3197606517936613,0.0,0.0,0.0,45.64396922289121
2023-12-31,45.71790266306971,38.279839492217334,55.12388047426994,45.71790266306971,45.71790266306971,1.004491672058521,1.004491672058521,1.004491672058521,0.6352679616029341,0.6352679616029341,0.6352679616029341,0.36922371045558705,0.36922371045558705,0.36922371045558705,0.0,0.0,0.0,46.72239433512823
2024-01-01,45.71822700502148,38.385080436044674,54.47120133775483,45.71822700502148,45.71822700502148,0.63109060468243,0.63109060468243,0.63109060468243,0.213293330422606,0.213293330422606,0.213293330422606,0.41779727425982394,0.41779727425982394,0.41779727425982394,0.0,0.0,0.0,46.34931760970391
2024-01-02,45.71855134697326,37.76041687530645,54.591173474896046,45.71855134697326,45.71855134697326,0.6947993780763924,0.6947993780763924,0.6947993780763924,0.22905847395147397,0.22905847395147397,0.22905847395147397,0.46574090412491836,0.46574090412491836,0.46574090412491836,0.0,0.0,0.0,46.413350725049646
2024-01-03,45.71887568892503,37.973231911925104,54.573184056004294,45.71887568892503,45.71887568892503,0.37545772114790127,0.37545772114790127,0.37545772114790127,-0.13778026545352157,-0.13778026545352157,-0.13778026545352157,0.5132379866014228,0.5132379866014228,0.5132379866014228,0.0,0.0,0.0,46.094333410072934
2024-01-04,45.7192000308768,37.291729084139135,54.56018446675834,45.7192000308768,45.7192000308768,0.4773634674178985,0.4773634674178985,0.4773634674178985,-0.08301648234028404,-0.08301648234028404,-0.08301648234028404,0.5603799497581825,0.5603799497581825,0.5603799497581825,0.0,0.0,0.0,46.196563498294694
2024-01-05,45.71952437282857,37.04468449654485,53.73589155612563,45.71952437282857,45.71952437282857,0.1437002683518612,0.1437002683518612,0.1437002683518612,-0.46345326816338184,-0.46345326816338184,-0.46345326816338184,0.6071535365152431,0.6071535365152431,0.6071535365152431,0.0,0.0,0.0,45.86322464118044
2024-01-06,45.71984871478035,37.470923000558365,54.56563506574088,45.71984871478035,45.71984871478035,0.2600617653795638,0.2600617653795638,0.2600617653795638,-0.39336975001893076,-0.39336975001893076,-0.39336975001893076,0.6534315153984945,0.6534315153984945,0.6534315153984945,0.0,0.0,0.0,45.97991048015991
2024-01-07,45.72017305673212,39.10858713038993,55.71493641141786,45.72017305673212,45.72017305673212,1.3342350828626461,1.3342350828626461,1.3342350828626461,0.6352679616034294,0.6352679616034294,0.6352679616034294,0.6989671212592168,0.6989671212592168,0.6989671212592168,0.0,0.0,0.0,47.05440813959477
2024-01-08,45.72049739868389,38.05402589598469,55.19399021626192,45.72049739868389,45.72049739868389,0.9566857543705027,0.9566857543705027,0.9566857543705027,0.21329333042389473,0.21329333042389473,0.21329333042389473,0.7433924239466078,0.7433924239466078,0.7433924239466078,0.0,0.0,0.0,46.67718315305439
2024-01-09,45.72082174063566,37.50531488220295,55.89163209883098,45.72082174063566,45.72082174063566,1.0152791973603168,1.0152791973603168,1.0152791973603168,0.22905847395113207,0.22905847395113207,0.22905847395113207,0.7862207234091847,0.7862207234091847,0.7862207234091847,0.0,0.0,0.0,46.73610093799597
2024-01-10,45.72114608258743,38.13191221069203,55.484606442449,45.72114608258743,45.72114608258743,0.6890727021070444,0.6890727021070444,0.6890727021070444,-0.13778026545192218,-0.13778026545192218,-0.13778026545192218,0.8268529675589666,0.8268529675589666,0.8268529675589666,0.0,0.0,0.0,46.41021878469448
2024-01-11,45.721470424539206,37.91594700086685,55.55813388313748,45.721470424539206,45.721470424539206,0.7815716044567528,0.7815716044567528,0.7815716044567528,-0.08301648233933949,-0.08301648233933949,-0.08301648233933949,0.8645880867960923,0.8645880867960923,0.8645880867960923,0.0,0.0,0.0,46.50304202899596
2024-01-12,45.72179476649098,37.752798799711954,53.896480091357134,45.72179476649098,45.72179476649098,0.4351837705956974,0.4351837705956974,0.4351837705956974,-0.46345326816473414,-0.46345326816473414,-0.46345326816473414,0.8986370387604316,0.8986370387604316,0.8986370387604316,0.0,0.0,0.0,46.15697853708668
2024-01-13,45.722119104824635,37.75149412541255,54.34067216065029,45.722119104824635,45.722119104824635,0.5347705109150235,0.5347705109150235,0.5347705109150235,-0.3933697500214436,-0.3933697500214436,-0.3933697500214436,0.9281402609364672,0.9281402609364672,0.9281402609364672,0.0,0.0,0.0,46.25688961573966
2024-01-14,45.7224434431583,38.086740180211656,56.198565999090285,45.7224434431583,45.7224434431583,1.5874561010328596,1.5874561010328596,1.5874561010328596,0.6352679616032355,0.6352679616032355,0.6352679616032355,0.952188139429624,0.952188139429624,0.952188139429624,0.0,0.0,0.0,47.309899544191154
2024-01-15,45.72276778149196,38.72634534716871,55.188132341122824,45.72276778149196,45.72276778149196,1.1831373520656518,1.1831373520656518,1.1831373520656518,0.21329333042361182,0.21329333042361182,0.21329333042361182,0.9698440216420402,0.9698440216420402,0.9698440216420402,0.0,0.0,0.0,46.90590513355761
2024-01-16,45.72309211982562,38.416192178251336,55.03149628538108,45.72309211982562,45.72309211982562,1.209227704509109,1.209227704509109,1.209227704509109,0.22905847395079018,0.22905847395079018,0.22905847395079018,0.9801692305583192,0.9801692305583192,0.9801692305583192,0.0,0.0,0.0,46.93231982433473
2024-01-17,45.72341645815928,38.45168561698235,55.63815898299864,45.72341645815928,45.72341645815928,0.8444692151522424,0.8444692151522424,0.8444692151522424,-0.13778026545285554,-0.13778026545285554,-0.13778026545285554,0.9822494806050979,0.9822494806050979,0.9822494806050979,0.0,0.0,0.0,46.56788567331152
2024-01-18,45.72374079649294,37.77686549500072,54.99551531108505,45.72374079649294,45.72374079649294,0.8922055685859926,0.8922055685859926,0.8922055685859926,-0.08301648233996806,-0.08301648233996806,-0.08301648233996806,0.9752220509259607,0.9752220509259607,0.9752220509259607,0.0,0.0,0.0,46.61594636507893
2024-01-19,45.7240651348266,37.742166927076596,54.90401073352326,45.7240651348266,45.7240651348266,0.49484977434140337,0.49484977434140337,0.49484977434140337,-0.46345326816608656,-0.46345326816608656,-0.46345326816608656,0.9583030425074899,0.9583030425074899,0.9583030425074899,0.0,0.0,0.0,46.21891490916801
2024-01-20,45.72438947316026,37.6826500963232,55.04852202283043,45.72438947316026,45.72438947316026,0.5374442816816185,0.5374442816816185,0.5374442816816185,-0.39336975002123464,-0.39336975002123464,-0.39336975002123464,0.9308140317028532,0.9308140317028532,0.9308140317028532,0.0,0.0,0.0,46.261833754841874
2024-01-21,45.72471381149393,38.562057747718214,56.3881581047815,45.72471381149393,45.72471381149393,1.527475396293364,1.527475396293364,1.527475396293364,0.6352679616044201,0.6352679616044201,0.6352679616044201,0.8922074346889438,0.8922074346889438,0.8922074346889438,0.0,0.0,0.0,47.25218920778729
2024-01-22,45.72503814982758,37.98221736047229,54.83864347392278,45.72503814982758,45.72503814982758,1.0553832458269594,1.0553832458269594,1.0553832458269594,0.2132933304233289,0.2132933304233289,0.2132933304233289,0.8420899154036305,0.8420899154036305,0.8420899154036305,0.0,0.0,0.0,46.78042139565454
2024-01-23,45.72536248816125,39.34423853861577,55.23231345463701,45.72536248816125,45.72536248816125,1.0093016771590198,1.0093016771590198,1.0093016771590198,0.229058473951157,0.229058473951157,0.229058473951157,0.7802432032078628,0.7802432032078628,0.7802432032078628,0.0,0.0,0.0,46.734664165320275
2024-01-24,45.72568682649491,38.40815201031066,54.31861356447087,45.72568682649491,45.72568682649491,0.5688614698609549,0.5688614698609549,0.5688614698609549,-0.137780265452769,-0.137780265452769,-0.137780265452769,0.7066417353137238,0.7066417353137238,0.7066417353137238,0.0,0.0,0.0,46.29454829635586
2024-01-25,45.72601116482856,37.67810915662419,54.92911720648749,45.72601116482856,45.72601116482856,0.5384501195767364,0.5384501195767364,0.5384501195767364,-0.08301648233902349,-0.08301648233902349,-0.08301648233902349,0.6214666019157599,0.6214666019157599,0.6214666019157599,0.0,0.0,0.0,46.2644612844053
2024-01-26,45.72633550316223,37.51508389101272,54.55511869747199,45.72633550316223,45.72633550316223,0.06166207954621043,0.06166207954621043,0.06166207954621043,-0.4634532681658705,-0.4634532681658705,-0.4634532681658705,0.5251153477120809,0.5251153477120809,0.5251153477120809,0.0,0.0,0.0,45.78799758270844
2024-01-27,45.72665984149589,37.19385732292844,54.554946581624996,45.72665984149589,45.72665984149589,0.024837520472498497,0.024837520472498497,0.024837520472498497,-0.3933697500210256,-0.3933697500210256,-0.3933697500210256,0.4182072704935241,0.4182072704935241,0.4182072704935241,0.0,0.0,0.0,45.75149736196838
2024-01-28,45.72698417982955,38.652605207860226,55.564008504316966,45.72698417982955,45.72698417982955,0.9368519155131383,0.9368519155131383,0.9368519155131383,0.635267961604226,0.635267961604226,0.635267961604226,0.30158395390891224,0.30158395390891224,0.30158395390891224,0.0,0.0,0.0,46.66383609534269
2024-01-29,45.72730851816321,38.3252776864553,54.92494646899308,45.72730851816321,45.72730851816321,0.3895982057311977,0.3895982057311977,0.3895982057311977,0.21329333042461768,0.21329333042461768,0.21329333042461768,0.17630487530657998,0.17630487530657998,0.17630487530657998,0.0,0.0,0.0,46.11690672389441
2024-01-30,45.727632856496875,37.28815959279827,54.39571376208676,45.727632856496875,45.727632856496875,0.27269651243642407,0.27269651243642407,0.27269651243642407,0.22905847395152384,0.22905847395152384,0.22905847395152384,0.04363803848490021,0.04363803848490021,0.04363803848490021,0.0,0.0,0.0,46.0003293689333
2024-01-31,45.72795719483053,36.890706435315316,54.329880019341786,45.72795719483053,45.72795719483053,-0.23273457256372956,-0.23273457256372956,-0.23273457256372956,-0.13778026545243596,-0.13778026545243596,-0.13778026545243596,-0.0949543071112936,-0.0949543071112936,-0.0949543071112936,0.0,0.0,0.0,45.4952226222668
2024-02-01,45.72828153316419,36.20000963544766,53.773076660302316,45.72828153316419,45.72828153316419,-0.3208511695302508,-0.3208511695302508,-0.3208511695302508,-0.08301648234130875,-0.08301648234130875,-0.08301648234130875,-0.23783468718894205,-0.23783468718894205,-0.23783468718894205,0.0,0.0,0.0,45.40743036363394
2024-02-02,45.728605871497855,35.944282707698825,53.51723787421857,45.728605871497855,45.728605871497855,-0.8466671481348441,-0.8466671481348441,-0.8466671481348441,-0.46345326816565446,-0.46345326816565446,-0.46345326816565446,-0.38321387996918965,-0.38321387996918965,-0.38321387996918965,0.0,0.0,0.0,44.881938723363014
2024-02-03,45.72893020983151,36.96528186898967,53.60460823790945,45.72893020983151,45.72893020983151,-0.9225482114335832,-0.9225482114335832,-0.9225482114335832,-0.39336975001956365,-0.39336975001956365,-0.39336975001956365,-0.5291784614140196,-0.5291784614140196,-0.5291784614140196,0.0,0.0,0.0,44.806381998397924
2024-02-04,45.72925454816518,37.20437549595007,53.77868487939153,45.72925454816518,45.72925454816518,-0.03845396974325136,-0.03845396974325136,-0.03845396974325136,0.6352679616028576,0.6352679616028576,0.6352679616028576,-0.6737219313461089,-0.6737219313461089,-0.6737219313461089,0.0,0.0,0.0,45.69080057842193
2024-02-05,45.729578886498835,36.42033408097271,54.07703765248114,45.729578886498835,45.729578886498835,-0.601485514014433,-0.601485514014433,-0.601485514014433,0.21329333042432386,0.21329333042432386,0.21329333042432386,-0.8147788444387568,-0.8147788444387568,-0.8147788444387568,0.0,0.0,0.0,45.1280933724844
2024-02-06,45.7299032248325,35.90290048584808,54.257138136806844,45.7299032248325,45.7299032248325,-0.7212028183618562,-0.7212028183618562,-0.7212028183618562,0.2290584739511819,0.2290584739511819,0.2290584739511819,-0.950261292313038,-0.950261292313038,-0.950261292313038,0.0,0.0,0.0,45.008700406470645
2024-02-07,45.73022756316616,36.43188239373793,52.48028573421332,45.73022756316616,45.73022756316616,-1.215877283832544,-1.215877283832544,-1.215877283832544,-0.1377802654521029,-0.1377802654521029,-0.1377802654521029,-1.078097018380441,-1.078097018380441,-1.078097018380441,0.0,0.0,0.0,44.51435027933361
2024-02-08,45.730551901499815,36.639492122608914,52.93562414557707,45.730551901499815,45.730551901499815,-1.279284879554681,-1.279284879554681,-1.279284879554681,-0.0830164823403642,-0.0830164823403642,-0.0830164823403642,-1.1962683972143169,-1.1962683972143169,-1.1962683972143169,0.0,0.0,0.0,44.451267021945135
2024-02-09,45.730876239833485,35.678197260566485,52.32475474975291,45.730876239833485,45.730876239833485,-1.7663047445377111,-1.7663047445377111,-1.7663047445377111,-0.46345326816466187,-0.46345326816466187,-0.46345326816466187,-1.3028514763730492,-1.3028514763730492,-1.3028514763730492,0.0,0.0,0.0,43.96457149529577
2024-02-10,45.73120057816714,35.84643602215998,52.75356071582578,45.73120057816714,45.73120057816714,-1.7894240117049387,-1.7894240117049387,-1.7894240117049387,-0.3933697500181017,-0.3933697500181017,-0.3933697500181017,-1.3960542616868368,-1.3960542616868368,-1.3960542616868368,0.0,0.0,0.0,43.9417765664622
2024-02-11,45.7315249165008,35.9701839575664,52.79574934242443,45.7315249165008,45.7315249165008,-0.8389854660502472,-0.8389854660502472,-0.8389854660502472,0.6352679616033529,0.6352679616033529,0.6352679616033529,-1.4742534276536001,-1.4742534276536001,-1.4742534276536001,0.0,0.0,0.0,44.892539450450556
2024-02-12,45.731849254834465,36.46117535613467,53.18981118961196,45.731849254834465,45.731849254834465,-1.3227353225472853,-1.3227353225472853,-1.3227353225472853,0.21329333042405177,0.21329333042405177,0.21329333042405177,-1.536028652971337,-1.536028652971337,-1.536028652971337,0.0,0.0,0.0,44.40911393228718
2024-02-13,45.73217359316812,36.02988910701389,52.601735303338984,45.73217359316812,45.73217359316812,-1.3511353432286797,-1.3511353432286797,-1.3511353432286797,0.22905847395083997,0.22905847395083997,0.22905847395083997,-1.5801938171795198,-1.5801938171795198,-1.5801938171795198,0.0,0.0,0.0,44.381038249939444
2024-02-14,45.73249793150178,35.872499034134385,52.71260450988128,45.73249793150178,45.73249793150178,-1.7436046128242484,-1.7436046128242484,-1.7436046128242484,-0.13778026545303626,-0.13778026545303626,-0.13778026545303626,-1.605824347371212,-1.605824347371212,-1.605824347371212,0.0,0.0,0.0,43.98889331867753
2024-02-15,45.732822269835445,34.83476758459352,52.19893350497654,45.732822269835445,45.732822269835445,-1.6952965553561108,-1.6952965553561108,-1.6952965553561108,-0.08301648234099275,-0.08301648234099275,-0.08301648234099275,-1.612280073015118,-1.612280073015118,-1.612280073015118,0.0,0.0,0.0,44.03752571447934
2024-02-16,45.73314660816911,35.17738731843356,52.281163511552506,45.73314660816911,45.73314660816911,-2.0626762989749916,-2.0626762989749916,-2.0626762989749916,-0.46345326816601423,-0.46345326816601423,-0.46345326816601423,-1.5992230308089774,-1.5992230308089774,-1.5992230308089774,0.0,0.0,0.0,43.670470309194116
2024-02-17,45.73347094650276,35.23206527286951,52.436618092859675,45.73347094650276,45.73347094650276,-1.9599995085762771,-1.9599995085762771,-1.9599995085762771,-0.3933697500178927,-0.3933697500178927,-0.3933697500178927,-1.5666297585583846,-1.5666297585583846,-1.5666297585583846,0.0,0.0,0.0,43.77347143792649
2024-02-18,45.73379528483643,35.95703118498053,53.42932473896434,45.73379528483643,45.73379528483643,-0.8795297638039878,-0.8795297638039878,-0.8795297638039878,0.6352679616038482,0.6352679616038482,0.6352679616038482,-1.5147977254078364,-1.5147977254078364,-1.5147977254078364,0.0,0.0,0.0,44.854265521032445
2024-02-19,45.73411962317009,36.479318207679874,52.889696758151786,45.73411962317009,45.73411962317009,-1.2310523327034064,-1.2310523327034064,-1.2310523327034064,0.21329333042375803,0.21329333042375803,0.21329333042375803,-1.4443456631271645,-1.4443456631271645,-1.4443456631271645,0.0,0.0,0.0,44.50306729046668
2024-02-20,45.73444396150374,36.09911212732839,53.27585571961429,45.73444396150374,45.73444396150374,-1.1271492132568612,-1.1271492132568612,-1.1271492132568612,0.2290584739514926,0.2290584739514926,0.2290584739514926,-1.356207687208354,-1.356207687208354,-1.356207687208354,0.0,0.0,0.0,44.60729474824688
2024-02-21,45.73476829983741,36.04252122635134,52.84094897971177,45.73476829983741,45.73476829983741,-1.3894014900544949,-1.3894014900544949,-1.3894014900544949,-0.13778026545396954,-0.13778026545396954,-0.13778026545396954,-1.2516212246005254,-1.2516212246005254,-1.2516212246005254,0.0,0.0,0.0,44.34536680978292
2024-02-22,45.73509263817107,36.24581885820162,53.030259235345305,45.73509263817107,45.73509263817107,-1.2151253766968289,-1.2151253766968289,-1.2151253766968289,-0.0830164823400482,-0.0830164823400482,-0.0830164823400482,-1.1321088943567805,-1.1321088943567805,-1.1321088943567805,0.0,0.0,0.0,44.519967261474235
2024-02-23,45.73541697650474,35.607523879143365,53.20813218742787,45.73541697650474,45.73541697650474,-1.4629078836436389,-1.4629078836436389,-1.4629078836436389,-0.4634532681642299,-0.4634532681642299,-0.4634532681642299,-0.9994546154794092,-0.9994546154794092,-0.9994546154794092,0.0,0.0,0.0,44.2725090928611
2024-02-24,45.73574131483839,35.711623916512885,53.212776404850025,45.73574131483839,45.73574131483839,-1.2490440900977964,-1.2490440900977964,-1.2490440900977964,-0.3933697500176837,-0.3933697500176837,-0.3933697500176837,-0.8556743400801128,-0.8556743400801128,-0.8556743400801128,0.0,0.0,0.0,44.486697224740595
2024-02-25,45.736065653172055,37.54485180254569,54.27012765586297,45.736065653172055,45.736065653172055,-0.06771396528469135,-0.06771396528469135,-0.06771396528469135,0.6352679616024797,0.6352679616024797,0.6352679616024797,-0.702981926887171,-0.702981926887171,-0.702981926887171,0.0,0.0,0.0,45.668351687887366
2024-02-26,45.73638999150572,37.77994239781001,54.00148486786295,45.73638999150572,45.73638999150572,-0.3304574471417264,-0.3304574471417264,-0.3304574471417264,0.21329333042347515,0.21329333042347515,0.21329333042347515,-0.5437507775652016,-0.5437507775652016,-0.5437507775652016,0.0,0.0,0.0,45.40593254436399
2024-02-27,45.73671432983937,37.08641498484309,54.56132064784168,45.73671432983937,45.73671432983937,-0.151413479878506,-0.151413479878506,-0.151413479878506,0.2290584739518594,0.2290584739518594,0.2290584739518594,-0.3804719538303654,-0.3804719538303654,-0.3804719538303654,0.0,0.0,0.0,45.585300849960866
2024-02-28,45.737038668173035,36.487023490840095,53.830238041358065,45.737038668173035,45.737038668173035,-0.353489840201232,-0.353489840201232,-0.353489840201232,-0.13778026545261668,-0.13778026545261668,-0.13778026545261668,-0.2157095747486153,-0.2157095747486153,-0.2157095747486153,0.0,0.0,0.0,45.3835488279718
2024-02-29,45.7373630065067,37.49020342868199,53.85733662300378,45.7373630065067,45.7373630065067,-0.13507084137063607,-0.13507084137063607,-0.13507084137063607,-0.0830164823406768,-0.0830164823406768,-0.0830164823406768,-0.05205435902995928,-0.05205435902995928,-0.05205435902995928,0.0,0.0,0.0,45.60229216513606
2024-03-01,45.73768734484036,37.09685779270243,54.29968002293266,45.73768734484036,45.73768734484036,-0.355529493124483,-0.355529493124483,-0.355529493124483,-0.4634532681655822,-0.4634532681655822,-0.4634532681655822,0.10792377504109922,0.10792377504109922,0.10792377504109922,0.0,0.0,0.0,45.382157851715874
2024-03-02,45.738011683174015,37.41560039720869,54.08667059042878,45.738011683174015,45.738011683174015,-0.1316466396463319,-0.1316466396463319,-0.1316466396463319,-0.3933697500201966,-0.3933697500201966,-0.3933697500201966,0.2617231103738647,0.2617231103738647,0.2617231103738647,0.0,0.0,0.0,45.60636504352768
2024-03-03,45.738336021507685,38.001247985870634,54.781867212771935,45.738336021507685,45.738336021507685,1.0422245430496706,1.0422245430496706,1.0422245430496706,0.635267961602975,0.635267961602975,0.635267961602975,0.4069565814466957,0.4069565814466957,0.4069565814466957,0.0,0.0,0.0,46.780560564557355
2024-03-04,45.73866035984134,38.62925255551368,55.65932636712185,45.73866035984134,45.73866035984134,0.7546896642227041,0.7546896642227041,0.7546896642227041,0.2132933304231815,0.2132933304231815,0.2132933304231815,0.5413963337995227,0.5413963337995227,0.5413963337995227,0.0,0.0,0.0,46.49335002406404
2024-03-05,45.738984698174995,38.27766023833642,55.542438179243305,45.738984698174995,45.738984698174995,0.8920739566861919,0.8920739566861919,0.8920739566861919,0.2290584739508087,0.2290584739508087,0.2290584739508087,0.6630154827353831,0.6630154827353831,0.6630154827353831,0.0,0.0,0.0,46.631058654861185
2024-03-06,45.739309036508665,37.800748348858285,54.74047486264463,45.739309036508665,45.739309036508665,0.6322459459922511,0.6322459459922511,0.6322459459922511,-0.13778026545101735,-0.13778026545101735,-0.13778026545101735,0.7700262114432685,0.7700262114432685,0.7700262114432685,0.0,0.0,0.0,46.37155498250092
2024-03-07,45.73963337484232,37.7767984793512,54.97517650486458,45.73963337484232,45.73963337484232,0.7778969351263866,0.7778969351263866,0.7778969351263866,-0.08301648233981579,-0.08301648233981579,-0.08301648233981579,0.8609134174662025,0.8609134174662025,0.8609134174662025,0.0,0.0,0.0,46.517530309968706
2024-03-08,45.73995771317599,37.97158867018973,54.71598005752197,45.73995771317599,45.73995771317599,0.47100993433317223,0.47100993433317223,0.47100993433317223,-0.46345326816536614,-0.46345326816536614,-0.46345326816536614,0.9344632024985384,0.9344632024985384,0.9344632024985384,0.0,0.0,0.0,46.210967647509165
2024-03-09,45.740282051509645,37.884461085368905,54.60711268254442,45.740282051509645,45.740282051509645,0.5964158521336388,0.5964158521336388,0.5964158521336388,-0.3933697500187347,-0.3933697500187347,-0.3933697500187347,0.9897856021523734,0.9897856021523734,0.9897856021523734,0.0,0.0,0.0,46.336697903643284
2024-03-10,45.7406063898433,38.818939257394234,56.26992816919383,45.7406063898433,45.7406063898433,1.661599029145115,1.661599029145115,1.661599029145115,0.6352679616027811,0.6352679616027811,0.6352679616027811,1.0263310675423338,1.0263310675423338,1.0263310675423338,0.0,0.0,0.0,47.402205418988416
2024-03-11,45.74093072817697,38.72131494137694,54.97218757980876,45.74093072817697,45.74093072817697,1.2571936673562727,1.2571936673562727,1.2571936673562727,0.21329333042289858,0.21329333042289858,0.21329333042289858,1.0439003369333741,1.0439003369333741,1.0439003369333741,0.0,0.0,0.0,46.998124395533246
2024-03-12,45.741255066510625,38.54987678826251,55.563109086061715,45.741255066510625,45.741255066510625,1.2717059445764398,1.2717059445764398,1.2717059445764398,0.22905847395117557,0.22905847395117557,0.22905847395117557,1.0426474706252644,1.0426474706252644,1.0426474706252644,0.0,0.0,0.0,47.012961011087064
2024-03-13,45.74157940484429,37.684402264159075,55.20756537423927,45.74157940484429,45.74157940484429,0.8852956974163231,0.8852956974163231,0.8852956974163231,-0.13778026545195066,-0.13778026545195066,-0.13778026545195066,1.0230759628682737,1.0230759628682737,1.0230759628682737,0.0,0.0,0.0,46.62687510226061
2024-03-14,45.74190374317795,38.71080174878695,54.84610669398657,45.74190374317795,45.74190374317795,0.9030115055730616,0.9030115055730616,0.9030115055730616,-0.08301648234044436,-0.08301648234044436,-0.08301648234044436,0.9860279879135061,0.9860279879135061,0.9860279879135061,0.0,0.0,0.0,46.64491524875101
2024-03-15,45.74222808151161,37.68581253297123,55.149471195463306,45.74222808151161,45.74222808151161,0.4692137120404575,0.4692137120404575,0.4692137120404575,-0.46345326816671856,-0.46345326816671856,-0.46345326816671856,0.932666980207176,0.932666980207176,0.932666980207176,0.0,0.0,0.0,46.21144179355207
2024-03-16,45.74255241984527,37.31985533054114,54.834280479015916,45.74255241984527,45.74255241984527,0.4710841381463295,0.4710841381463295,0.4710841381463295,-0.39336975001977853,-0.39336975001977853,-0.39336975001977853,0.8644538881661081,0.8644538881661081,0.8644538881661081,0.0,0.0,0.0,46.2136365579916
2024-03-17,45.74287675817893,38.78441540864259,54.84419816182239,45.74287675817893,45.74287675817893,1.418385535430341,1.418385535430341,1.418385535430341,0.6352679616039657,0.6352679616039657,0.6352679616039657,0.7831175738263753,0.7831175738263753,0.7831175738263753,0.0,0.0,0.0,47.16126229360927
2024-03-18,45.74320109651259,37.74550631169198,55.41081367526215,45.74320109651259,45.74320109651259,0.9039132845115372,0.9039132845115372,0.9039132845115372,0.21329333042418733,0.21329333042418733,0.21329333042418733,0.69061995408735,0.69061995408735,0.69061995408735,0.0,0.0,0.0,46.64711438102413
2024-03-19,45.74352543484625,37.74958851625454,55.3107486185325,45.74352543484625,45.74352543484625,0.8181750643956882,0.8181750643956882,0.8181750643956882,0.22905847395083362,0.22905847395083362,0.22905847395083362,0.5891165904448546,0.5891165904448546,0.5891165904448546,0.0,0.0,0.0,46.56170049924194
2024-03-20,45.74384977317992,37.27817220498682,54.45544460474364,45.74384977317992,45.74384977317992,0.34313326518831605,0.34313326518831605,0.34313326518831605,-0.13778026545288394,-0.13778026545288394,-0.13778026545288394,0.4809135306412,0.4809135306412,0.4809135306412,0.0,0.0,0.0,46.08698303836823
2024-03-21,45.74417411151357,37.87397236517153,54.676098031120866,45.74417411151357,45.74417411151357,0.2854048029363125,0.2854048029363125,0.2854048029363125,-0.0830164823394998,-0.0830164823394998,-0.0830164823394998,0.3684212852758123,0.3684212852758123,0.3684212852758123,0.0,0.0,0.0,46.029578914449885
2024-03-22,45.74449844984724,37.24324083926343,53.836343510841644,45.74449844984724,45.74449844984724,-0.20934638477783746,-0.20934638477783746,-0.20934638477783746,-0.4634532681665025,-0.4634532681665025,-0.4634532681665025,0.25410688338866505,0.25410688338866505,0.25410688338866505,0.0,0.0,0.0,45.535152065069404
2024-03-23,45.74482278813837,37.444444849236305,54.11199020750597,45.74482278813837,45.74482278813837,-0.252924758162069,-0.252924758162069,-0.252924758162069,-0.3933697500210385,-0.3933697500210385,-0.3933697500210385,0.14044499185896955,0.14044499185896955,0.14044499185896955,0.0,0.0,0.0,45.491898029976305
2024-03-24,45.74514712642949,37.61056944874469,55.19909546790358,45.74514712642949,45.74514712642949,0.6651370648629974,0.6651370648629974,0.6651370648629974,0.6352679616037717,0.6352679616037717,0.6352679616037717,0.029869103259225524,0.029869103259225524,0.029869103259225524,0.0,0.0,0.0,46.41028419129248
2024-03-25,45.745471464720616,37.11004609410345,54.65970410673249,45.745471464720616,45.745471464720616,0.1380171254028031,0.1380171254028031,0.1380171254028031,0.21329333042390436,0.21329333042390436,0.21329333042390436,-0.07527620502110129,-0.07527620502110129,-0.07527620502110129,0.0,0.0,0.0,45.88348859012342
2024-03-26,45.74579580301174,37.37489016722722,54.07535356146208,45.74579580301174,45.74579580301174,0.05627751296663081,0.05627751296663081,0.05627751296663081,0.22905847395120046,0.22905847395120046,0.22905847395120046,-0.17278096098456963,-0.17278096098456963,-0.17278096098456963,0.0,0.0,0.0,45.80207331597837
2024-03-27,45.74612014130287,37.36834230731858,53.87875646461959,45.74612014130287,45.74612014130287,-0.3983927682098957,-0.3983927682098957,-0.3983927682098957,-0.1377802654525509,-0.1377802654525509,-0.1377802654525509,-0.2606125027573448,-0.2606125027573448,-0.2606125027573448,0.0,0.0,0.0,45.34772737309297
2024-03-28,45.746444479594,36.69762630976355,53.448790801966254,45.746444479594,45.746444479594,-0.41997081019464255,-0.41997081019464255,-0.41997081019464255,-0.08301648234170152,-0.08301648234170152,-0.08301648234170152,-0.33695432785294105,-0.33695432785294105,-0.33695432785294105,0.0,0.0,0.0,45.326473669399356
2024-03-29,45.74676881788512,36.439960033198425,53.622179515355846,45.74676881788512,45.74676881788512,-0.863693568811152,-0.863693568811152,-0.863693568811152,-0.4634532681655099,-0.4634532681655099,-0.4634532681655099,-0.4002403006456422,-0.4002403006456422,-0.4002403006456422,0.0,0.0,0.0,44.88307524907397
2024-03-30,45.74709315617625,36.4131112140634,52.84848198013094,45.74709315617625,45.74709315617625,-0.842553282452399,-0.842553282452399,-0.842553282452399,-0.39336975002208246,-0.39336975002208246,-0.39336975002208246,-0.4491835324303165,-0.4491835324303165,-0.4491835324303165,0.0,0.0,0.0,44.90453987372385
2024-03-31,45.74741749446737,37.692393458508306,54.25153644555054,45.74741749446737,45.74741749446737,0.15246859763068224,0.15246859763068224,0.15246859763068224,0.6352679616035778,0.6352679616035778,0.6352679616035778,-0.4827993639728956,-0.4827993639728956,-0.4827993639728956,0.0,0.0,0.0,45.89988609209805
2024-04-01,45.7477418327585,37.38572630922171,54.03550849225668,45.7477418327585,45.7477418327585,-0.2871286778285085,-0.2871286778285085,-0.2871286778285085,0.21329333042361068,0.21329333042361068,0.21329333042361068,-0.5004220082521191,-0.5004220082521191,-0.5004220082521191,0.0,0.0,0.0,45.460613154929995
2024-04-02,45.74806617104963,37.98811093082045,53.986547859675134,45.74806617104963,45.74806617104963,-0.27265607439742934,-0.27265607439742934,-0.27265607439742934,0.22905847395114434,0.22905847395114434,0.22905847395114434,-0.5017145483485738,-0.5017145483485738,-0.5017145483485738,0.0,0.0,0.0,45.4754100966522
2024-04-03,45.74839050934075,36.97278969070261,53.73367288954943,45.74839050934075,45.74839050934075,-0.6244523945239642,-0.6244523945239642,-0.6244523945239642,-0.13778026545373076,-0.13778026545373076,-0.13778026545373076,-0.48667212907023333,-0.48667212907023333,-0.48667212907023333,0.0,0.0,0.0,45.12393811481679
2024-04-04,45.74871484763188,36.576319891616244,53.70606195545987,45.74871484763188,45.74871484763188,-0.5386348100650978,-0.5386348100650978,-0.5386348100650978,-0.08301648234075695,-0.08301648234075695,-0.08301648234075695,-0.45561832772434085,-0.45561832772434085,-0.45561832772434085,0.0,0.0,0.0,45.21008003756678
2024-04-05,45.74903918592301,36.00998101937128,53.731996675463826,45.74903918592301,45.74903918592301,-0.872648104326407,-0.872648104326407,-0.872648104326407,-0.4634532681652939,-0.4634532681652939,-0.4634532681652939,-0.4091948361611131,-0.4091948361611131,-0.4091948361611131,0.0,0.0,0.0,44.8763910815966
2024-04-06,45.74936352421413,36.102235017840655,53.46291449102052,45.74936352421413,45.74936352421413,-0.741714479562571,-0.741714479562571,-0.741714479562571,-0.3933697500206205,-0.3933697500206205,-0.3933697500206205,-0.34834472954195045,-0.34834472954195045,-0.34834472954195045,0.0,0.0,0.0,45.00764904465156
2024-04-07,45.74968786250526,37.776949560309276,54.13151387692076,45.74968786250526,45.74968786250526,0.3609782276149081,0.3609782276149081,0.3609782276149081,0.6352679616040733,0.6352679616040733,0.6352679616040733,-0.2742897339891652,-0.2742897339891652,-0.2742897339891652,0.0,0.0,0.0,46.11066609012017
2024-04-08,45.750012200796384,37.71585281633076,54.194981562495244,45.750012200796384,45.750012200796384,0.024791298114526704,0.024791298114526704,0.024791298114526704,0.2132933304233386,0.2132933304233386,0.2132933304233386,-0.18850203230881188,-0.18850203230881188,-0.18850203230881188,0.0,0.0,0.0,45.77480349891091
2024-04-09,45.75033653908751,37.462434703797456,53.64012965165661,45.75033653908751,45.75033653908751,0.13638721247781546,0.13638721247781546,0.13638721247781546,0.22905847395080242,0.22905847395080242,0.22905847395080242,-0.09267126147298696,-0.09267126147298696,-0.09267126147298696,0.0,0.0,0.0,45.88672375156533
2024-04-10,45.75066087737864,36.816414480144964,53.67077048376911,45.75066087737864,45.75066087737864,-0.1264477203956563,-0.1264477203956563,-0.1264477203956563,-0.13778026545213135,-0.13778026545213135,-0.13778026545213135,0.011332545056475053,0.011332545056475053,0.011332545056475053,0.0,0.0,0.0,45.62421315698299
2024-04-11,45.750985215669765,37.36347926783756,53.94029030924843,45.750985215669765,45.750985215669765,0.03848275264376724,0.03848275264376724,0.03848275264376724,-0.0830164823398124,-0.0830164823398124,-0.0830164823398124,0.12149923498357965,0.12149923498357965,0.12149923498357965,0.0,0.0,0.0,45.78946796831353
2024-04-12,45.751309553960894,37.510616657127066,53.999660575462585,45.751309553960894,45.751309553960894,-0.22773213146414656,-0.22773213146414656,-0.22773213146414656,-0.4634532681650779,-0.4634532681650779,-0.4634532681650779,0.2357211367009314,0.2357211367009314,0.2357211367009314,0.0,0.0,0.0,45.52357742249675
2024-04-13,45.75163389225202,36.94403474239226,53.53666087781447,45.75163389225202,45.75163389225202,-0.041532709912665285,-0.041532709912665285,-0.041532709912665285,-0.3933697500204115,-0.3933697500204115,-0.3933697500204115,0.35183704010774625,0.35183704010774625,0.35183704010774625,0.0,0.0,0.0,45.71010118233936
2024-04-14,45.751958230543146,38.77849205232133,55.88001254661764,45.751958230543146,45.751958230543146,1.1029445587198752,1.1029445587198752,1.1029445587198752,0.6352679616020153,0.6352679616020153,0.6352679616020153,0.4676765971178599,0.4676765971178599,0.4676765971178599,0.0,0.0,0.0,46.85490278926302
2024-04-15,45.752282568834275,37.72669353799709,54.26648733489301,45.752282568834275,45.752282568834275,0.7943975114493904,0.7943975114493904,0.7943975114493904,0.21329333042304488,0.21329333042304488,0.21329333042304488,0.5811041810263455,0.5811041810263455,0.5811041810263455,0.0,0.0,0.0,46.546680080283664
2024-04-16,45.75260690712539,38.240983366424345,55.261230456616474,45.75260690712539,45.75260690712539,0.9191197403113518,0.9191197403113518,0.9191197403113518,0.22905847395046053,0.22905847395046053,0.22905847395046053,0.6900612663608912,0.6900612663608912,0.6900612663608912,0.0,0.0,0.0,46.67172664743674
2024-04-17,45.75293124541652,38.06976526999454,54.80235423149595,45.75293124541652,45.75293124541652,0.6548261689371081,0.6548261689371081,0.6548261689371081,-0.13778026545306465,-0.13778026545306465,-0.13778026545306465,0.7926064343901729,0.7926064343901729,0.7926064343901729,0.0,0.0,0.0,46.407757414353625
2024-04-18,45.75325558370765,38.87458075069486,55.06124595937618,45.75325558370765,45.75325558370765,0.803935690650056,0.803935690650056,0.803935690650056,-0.08301648234044098,-0.08301648234044098,-0.08301648234044098,0.8869521729904971,0.8869521729904971,0.8869521729904971,0.0,0.0,0.0,46.557191274357706
2024-04-19,45.75357992199877,38.134445925158936,54.305822845847125,45.75357992199877,45.75357992199877,0.5080444533202613,0.5080444533202613,0.5080444533202613,-0.4634532681640853,-0.4634532681640853,-0.4634532681640853,0.9714977214843465,0.9714977214843465,0.9714977214843465,0.0,0.0,0.0,46.26162437531903
2024-04-20,45.7539042602899,37.99341374309405,54.79666746283524,45.7539042602899,45.7539042602899,0.6514875593601479,0.6514875593601479,0.6514875593601479,-0.3933697500202025,-0.3933697500202025,-0.3933697500202025,1.0448573093803504,1.0448573093803504,1.0448573093803504,0.0,0.0,0.0,46.40539181965005
2024-04-21,45.75422859858103,38.50298268312568,55.725088433377266,45.75422859858103,45.75422859858103,1.7411512118722854,1.7411512118722854,1.7411512118722854,0.6352679616032,0.6352679616032,0.6352679616032,1.1058832502690854,1.1058832502690854,1.1058832502690854,0.0,0.0,0.0,47.495379810453315
2024-04-22,45.75455293687215,38.37521396450876,56.121456784116006,45.75455293687215,45.75455293687215,1.366976806173564,1.366976806173564,1.366976806173564,0.21329333042275117,0.21329333042275117,0.21329333042275117,1.153683475750813,1.153683475750813,1.153683475750813,0.0,0.0,0.0,47.12152974304571
2024-04-23,45.75487727516328,38.62982761397026,55.54406299385779,45.75487727516328,45.75487727516328,1.4166917001725916,1.4166917001725916,1.4166917001725916,0.22905847395082735,0.22905847395082735,0.22905847395082735,1.1876332262217641,1.1876332262217641,1.1876332262217641,0.0,0.0,0.0,47.17156897533587
2024-04-24,45.7552016134544,39.00520384754789,55.810416487058696,45.7552016134544,45.7552016134544,1.069600487011177,1.069600487011177,1.069600487011177,-0.13778026545273164,-0.13778026545273164,-0.13778026545273164,1.2073807524639086,1.2073807524639086,1.2073807524639086,0.0,0.0,0.0,46.82480210046558
2024-04-25,45.75552595174553,38.94262946833733,56.030057513623746,45.75552595174553,45.75552595174553,1.1298305386588348,1.1298305386588348,1.1298305386588348,-0.08301648233800686,-0.08301648233800686,-0.08301648233800686,1.2128470209968416,1.2128470209968416,1.2128470209968416,0.0,0.0,0.0,46.88535649040437
2024-04-26,45.75585029003666,37.70066090284829,54.75504095917141,45.75585029003666,45.75585029003666,0.7407662856107464,0.7407662856107464,0.7407662856107464,-0.4634532681654376,-0.4634532681654376,-0.4634532681654376,1.204219553776184,1.204219553776184,1.204219553776184,0.0,0.0,0.0,46.49661657564741
2024-04-27,45.756174628327784,38.105111870508225,55.26350975673118,45.756174628327784,45.756174628327784,0.7885709157376203,0.7885709157376203,0.7885709157376203,-0.39336975001999347,-0.39336975001999347,-0.39336975001999347,1.1819406657576137,1.1819406657576137,1.1819406657576137,0.0,0.0,0.0,46.54474554406541
2024-04-28,45.75649896661891,39.857773736178764,55.82344862567653,45.75649896661891,45.75649896661891,1.781958450620565,1.781958450620565,1.781958450620565,0.6352679616030059,0.6352679616030059,0.6352679616030059,1.146690489017559,1.146690489017559,1.146690489017559,0.0,0.0,0.0,47.53845741723948
2024-04-29,45.75682330491004,38.81268267888537,55.21275343343399,45.75682330491004,45.75682330491004,1.3126586169803947,1.3126586169803947,1.3126586169803947,0.2132933304240507,0.2132933304240507,0.2132933304240507,1.099365286556344,1.099365286556344,1.099365286556344,0.0,0.0,0.0,47.069481921890436
2024-04-30,45.757147643201165,39.16526423269724,56.02872697967882,45.757147643201165,45.757147643201165,1.2701101339181404,1.2701101339181404,1.2701101339181404,0.22905847395147996,0.22905847395147996,0.22905847395147996,1.0410516599666606,1.0410516599666606,1.0410516599666606,0.0,0.0,0.0,47.0272577771193
2024-05-01,45.757471981492294,38.43331332631288,54.58435347561576,45.757471981492294,45.757471981492294,0.8352170750770449,0.8352170750770449,0.8352170750770449,-0.13778026545239863,-0.13778026545239863,-0.13778026545239863,0.9729973405294436,0.9729973405294436,0.9729973405294436,0.0,0.0,0.0,46.59268905656934
2024-05-02,45.75779631978342,38.68401882605468,55.04091492146961,45.75779631978342,45.75779631978342,0.8135628386981896,0.8135628386981896,0.8135628386981896,-0.08301648234020854,-0.08301648234020854,-0.08301648234020854,0.8965793210383981,0.8965793210383981,0.8965793210383981,0.0,0.0,0.0,46.571359158481606
2024-05-03,45.758120658074546,37.43520153501135,55.031870305089065,45.758120658074546,45.758120658074546,0.34981686614089624,0.34981686614089624,0.34981686614089624,-0.46345326816365323,-0.46345326816365323,-0.46345326816365323,0.8132701343045495,0.8132701343045495,0.8132701343045495,0.0,0.0,0.0,46.107937524215444
2024-05-04,45.758444996365675,37.869126635226564,54.73221199082134,45.758444996365675,45.758444996365675,0.3312333628134731,0.3312333628134731,0.3312333628134731,-0.3933697500185316,-0.3933697500185316,-0.3933697500185316,0.7246031128320046,0.7246031128320046,0.7246031128320046,0.0,0.0,0.0,46.089678359179146
2024-05-05,45.7587693346568,38.88514344918134,55.69454150789552,45.7587693346568,45.7587693346568,1.2674054336748914,1.2674054336748914,1.2674054336748914,0.6352679616035013,0.6352679616035013,0.6352679616035013,0.6321374720713899,0.6321374720713899,0.6321374720713899,0.0,0.0,0.0,47.026174768331686
2024-05-06,45.75909367294793,37.66246484935852,55.27774173142861,45.75909367294793,45.75909367294793,0.7507173773741334,0.7507173773741334,0.7507173773741334,0.21329333042375698,0.21329333042375698,0.21329333042375698,0.5374240469503764,0.5374240469503764,0.5374240469503764,0.0,0.0,0.0,46.50981105032206
2024-05-07,45.75941801123905,38.066084708616984,54.841088883401646,45.75941801123905,45.75941801123905,0.6710309525410888,0.6710309525410888,0.6710309525410888,0.22905847395184675,0.22905847395184675,0.22905847395184675,0.44197247858924205,0.44197247858924205,0.44197247858924205,0.0,0.0,0.0,46.43044896378014
2024-05-08,45.75974234953018,37.44251923829857,54.10925686895394,45.75974234953018,45.75974234953018,0.2094403307439023,0.2094403307439023,0.2094403307439023,-0.13778026545206568,-0.13778026545206568,-0.13778026545206568,0.347220596195968,0.347220596195968,0.347220596195968,0.0,0.0,0.0,45.96918268027408
2024-05-09,45.76006668782131,37.43196542557311,54.24870179465271,45.76006668782131,45.76006668782131,0.171490187277198,0.171490187277198,0.171490187277198,-0.083016482339264,-0.083016482339264,-0.083016482339264,0.254506669616462,0.254506669616462,0.254506669616462,0.0,0.0,0.0,45.93155687509851
2024-05-10,45.76039102611242,37.121977496708226,53.91186931864215,45.76039102611242,45.76039102611242,-0.2984081453860401,-0.2984081453860401,-0.2984081453860401,-0.46345326816500554,-0.46345326816500554,-0.46345326816500554,0.16504512277896544,0.16504512277896544,0.16504512277896544,0.0,0.0,0.0,45.46198288072638
2024-05-11,45.76071536440355,37.22284234794719,53.55056620200406,45.76071536440355,45.76071536440355,-0.31346355041287766,-0.31346355041287766,-0.31346355041287766,-0.3933697500210444,-0.3933697500210444,-0.3933697500210444,0.07990619960816678,0.07990619960816678,0.07990619960816678,0.0,0.0,0.0,45.447251813990675
2024-05-12,45.76103970269468,38.09464062521007,54.83658218882242,45.76103970269468,45.76103970269468,0.6352679261182452,0.6352679261182452,0.6352679261182452,0.6352679616039968,0.6352679616039968,0.6352679616039968,-3.5485751477895566e-08,-3.5485751477895566e-08,-3.5485751477895566e-08,0.0,0.0,0.0,46.39630762881293
2024-05-13,45.761364040985804,37.41211615595346,54.70771460760687,45.761364040985804,45.761364040985804,0.1393582325600206,0.1393582325600206,0.1393582325600206,0.21329333042348483,0.21329333042348483,0.21329333042348483,-0.07393509786346422,-0.07393509786346422,-0.07393509786346422,0.0,0.0,0.0,45.900722273545824
2024-05-14,45.76168837927693,38.06978866393898,53.938669299365095,45.76168837927693,45.76168837927693,0.08771973266275569,0.08771973266275569,0.08771973266275569,0.22905847395079612,0.22905847395079612,0.22905847395079612,-0.14133874128804041,-0.14133874128804041,-0.14133874128804041,0.0,0.0,0.0,45.84940811193969
2024-05-15,45.762012717568055,36.52407026597442,53.72460411053883,45.762012717568055,45.762012717568055,-0.3396111220703903,-0.3396111220703903,-0.3396111220703903,-0.1377802654529989,-0.1377802654529989,-0.1377802654529989,-0.2018308566173914,-0.2018308566173914,-0.2018308566173914,0.0,0.0,0.0,45.42240159549767
2024-05-16,45.762337055859184,36.541344123045064,53.31941937139777,45.762337055859184,45.762337055859184,-0.3382251971923966,-0.3382251971923966,-0.3382251971923966,-0.0830164823399761,-0.0830164823399761,-0.0830164823399761,-0.25520871485242047,-0.25520871485242047,-0.25520871485242047,0.0,0.0,0.0,45.42411185866679
2024-05-17,45.762661394150314,36.6377459772391,53.04414113509181,45.762661394150314,45.762661394150314,-0.764893045058138,-0.764893045058138,-0.764893045058138,-0.46345326816635796,-0.46345326816635796,-0.46345326816635796,-0.30143977689178003,-0.30143977689178003,-0.30143977689178003,0.0,0.0,0.0,44.997768349092176
2024-05-18,45.762985732441436,37.04635293422144,53.84743632917244,45.762985732441436,45.762985732441436,-0.7340201528453352,-0.7340201528453352,-0.7340201528453352,-0.3933697500195825,-0.3933697500195825,-0.3933697500195825,-0.3406504028257526,-0.3406504028257526,-0.3406504028257526,0.0,0.0,0.0,45.028965579596104
2024-05-19,45.763310070732565,36.95581790535484,54.54901719272797,45.763310070732565,45.763310070732565,0.2621570678082261,0.2621570678082261,0.2621570678082261,0.6352679616044921,0.6352679616044921,0.6352679616044921,-0.37311089379626594,-0.37311089379626594,-0.37311089379626594,0.0,0.0,0.0,46.02546713854079
2024-05-20,45.763634409023695,37.93345301697986,53.7809890590337,45.763634409023695,45.763634409023695,-0.1859240563568481,-0.1859240563568481,-0.1859240563568481,0.21329333042319118,0.21329333042319118,0.21329333042319118,-0.39921738678003926,-0.39921738678003926,-0.39921738678003926,0.0,0.0,0.0,45.57771035266685
2024-05-21,45.76395874731482,36.45241115062815,53.92500957215504,45.76395874731482,45.76395874731482,-0.1904127211086181,-0.1904127211086181,-0.1904127211086181,0.2290584739511629,0.2290584739511629,0.2290584739511629,-0.419471195059781,-0.419471195059781,-0.419471195059781,0.0,0.0,0.0,45.5735460262062
2024-05-22,45.764283085605946,35.930823564065726,53.60019396445104,45.764283085605946,45.764283085605946,-0.5722365082760055,-0.5722365082760055,-0.5722365082760055,-0.1377802654529124,-0.1377802654529124,-0.1377802654529124,-0.43445624282309314,-0.43445624282309314,-0.43445624282309314,0.0,0.0,0.0,45.19204657732994
2024-05-23,45.76460742389707,37.20267421605753,53.320685368400994,45.76460742389707,45.76460742389707,-0.5278317623383831,-0.5278317623383831,-0.5278317623383831,-0.08301648233903158,-0.08301648233903158,-0.08301648233903158,-0.4448152799993516,-0.4448152799993516,-0.4448152799993516,0.0,0.0,0.0,45.23677566155869
2024-05-24,45.7649317621882,36.18512387524391,53.02649589619758,45.7649317621882,45.7649317621882,-0.9146788504540194,-0.9146788504540194,-0.9146788504540194,-0.46345326816457355,-0.46345326816457355,-0.46345326816457355,-0.451225582289446,-0.451225582289446,-0.451225582289446,0.0,0.0,0.0,44.85025291173418
2024-05-25,45.76525610047933,36.49995504849834,53.56894424413659,45.76525610047933,45.76525610047933,-0.8477445910283697,-0.8477445910283697,-0.8477445910283697,-0.39336975002062635,-0.39336975002062635,-0.39336975002062635,-0.4543748410077433,-0.4543748410077433,-0.4543748410077433,0.0,0.0,0.0,44.91751150945096
2024-05-26,45.76558043877045,37.52629974012491,53.609812505168364,45.76558043877045,45.76558043877045,0.18033003355473248,0.18033003355473248,0.18033003355473248,0.6352679616031235,0.6352679616031235,0.6352679616031235,-0.454937928048391,-0.454937928048391,-0.454937928048391,0.0,0.0,0.0,45.94591047232518
2024-05-27,45.76590477706158,36.76299643676798,53.81621861259379,45.76590477706158,45.76590477706158,-0.24026185324980062,-0.24026185324980062,-0.24026185324980062,0.21329333042447987,0.21329333042447987,0.21329333042447987,-0.4535551836742805,-0.4535551836742805,-0.4535551836742805,0.0,0.0,0.0,45.52564292381178
2024-05-28,45.76622911535271,37.39305029726053,53.26738109930237,45.76622911535271,45.76622911535271,-0.22175434607154537,-0.22175434607154537,-0.22175434607154537,0.22905847395152976,0.22905847395152976,0.22905847395152976,-0.4508128200230751,-0.4508128200230751,-0.4508128200230751,0.0,0.0,0.0,45.544474769281166
2024-05-29,45.76655345364383,36.535326768477425,54.12575105923108,45.76655345364383,45.76655345364383,-0.5850062283524072,-0.5850062283524072,-0.5850062283524072,-0.13778026545384567,-0.13778026545384567,-0.13778026545384567,-0.4472259628985617,-0.4472259628985617,-0.4472259628985617,0.0,0.0,0.0,45.181547225291425
2024-05-30,45.76687779193496,36.155853753150375,54.248009175204864,45.76687779193496,45.76687779193496,-0.5262412528588489,-0.5262412528588489,-0.5262412528588489,-0.08301648233966016,-0.08301648233966016,-0.08301648233966016,-0.44322477051918874,-0.44322477051918874,-0.44322477051918874,0.0,0.0,0.0,45.240636539076114
2024-05-31,45.76720213022608,35.85601558025476,53.6380090109342,45.76720213022608,45.76720213022608,-0.9025972409667696,-0.9025972409667696,-0.9025972409667696,-0.4634532681659259,-0.4634532681659259,-0.4634532681659259,-0.4391439728008438,-0.4391439728008438,-0.4391439728008438,0.0,0.0,0.0,44.86460488925931
2024-06-01,45.76752645196463,36.40994077382388,53.45793670517808,45.76752645196463,45.76752645196463,-0.8285858211310011,-0.8285858211310011,-0.8285858211310011,-0.3933697500191645,-0.3933697500191645,-0.3933697500191645,-0.43521607111183647,-0.43521607111183647,-0.43521607111183647,0.0,0.0,0.0,44.93894063083363
2024-06-02,45.76785077370317,37.35421947445606,53.57066251667912,45.76785077370317,45.76785077370317,0.20369963249076586,0.20369963249076586,0.20369963249076586,0.6352679616036189,0.6352679616036189,0.6352679616036189,-0.43156832911285303,-0.43156832911285303,-0.43156832911285303,0.0,0.0,0.0,45.971550406193934
2024-06-03,45.768175095441705,37.20767941649203,54.06337704071295,45.768175095441705,45.768175095441705,-0.2149302428589939,-0.2149302428589939,-0.2149302428589939,0.21329333042418624,0.21329333042418624,0.21329333042418624,-0.42822357328318017,-0.42822357328318017,-0.42822357328318017,0.0,0.0,0.0,45.553244852582715
2024-06-04,45.76849941718025,37.423726403411806,54.53113056447569,45.76849941718025,45.76849941718025,-0.19604623615987998,-0.19604623615987998,-0.19604623615987998,0.22905847395047912,0.22905847395047912,0.22905847395047912,-0.42510471011035905,-0.42510471011035905,-0.42510471011035905,0.0,0.0,0.0,45.57245318102037
2024-06-05,45.7688237389188,36.780153485243844,53.56501792672722,45.7688237389188,45.7688237389188,-0.5598230241899951,-0.5598230241899951,-0.5598230241899951,-0.1377802654522464,-0.1377802654522464,-0.1377802654522464,-0.4220427587377488,-0.4220427587377488,-0.4220427587377488,0.0,0.0,0.0,45.2090007147288
2024-06-06,45.76914806065734,37.504218608189326,53.71474868708244,45.76914806065734,45.76914806065734,-0.5018045783871117,-0.5018045783871117,-0.5018045783871117,-0.08301648234028872,-0.08301648234028872,-0.08301648234028872,-0.418788096046823,-0.418788096046823,-0.418788096046823,0.0,0.0,0.0,45.267343482270235
2024-06-07,45.76947238239589,35.81399890056184,52.82535845823702,45.76947238239589,45.76947238239589,-0.87847778668469,-0.87847778668469,-0.87847778668469,-0.4634532681649333,-0.4634532681649333,-0.4634532681649333,-0.4150245185197567,-0.4150245185197567,-0.4150245185197567,0.0,0.0,0.0,44.8909945957112
2024-06-08,45.769796704134436,36.56648771599262,52.90787465391419,45.769796704134436,45.769796704134436,-0.8037553942443063,-0.8037553942443063,-0.8037553942443063,-0.3933697500177026,-0.3933697500177026,-0.3933697500177026,-0.4103856442266036,-0.4103856442266036,-0.4103856442266036,0.0,0.0,0.0,44.96604130989013
2024-06-09,45.77012102587298,37.40105946557281,54.901698339354574,45.77012102587298,45.77012102587298,0.23079485041696665,0.23079485041696665,0.23079485041696665,0.635267961603425,0.635267961603425,0.635267961603425,-0.4044731111864583,-0.4044731111864583,-0.4044731111864583,0.0,0.0,0.0,46.00091587628995
2024-06-10,45.77044534761152,37.142933852368536,54.324552939941114,45.77044534761152,45.77044534761152,-0.18358264650705927,-0.18358264650705927,-0.18358264650705927,0.21329333042390333,0.21329333042390333,0.21329333042390333,-0.3968759769309626,-0.3968759769309626,-0.3968759769309626,0.0,0.0,0.0,45.58686270110446
2024-06-11,45.77076966935007,37.310016436585535,53.68652247677108,45.77076966935007,45.77076966935007,-0.15813221581115539,-0.15813221581115539,-0.15813221581115539,0.22905847395084594,0.22905847395084594,0.22905847395084594,-0.3871906897620013,-0.3871906897620013,-0.3871906897620013,0.0,0.0,0.0,45.61263745353891
2024-06-12,45.77109399108861,37.15388455502432,53.082324758065525,45.77109399108861,45.77109399108861,-0.5128212513409515,-0.5128212513409515,-0.5128212513409515,-0.13778026545215982,-0.13778026545215982,-0.13778026545215982,-0.3750409858887916,-0.3750409858887916,-0.3750409858887916,0.0,0.0,0.0,45.25827273974766
2024-06-13,45.77141831282716,37.13974560223855,54.19548764300974,45.77141831282716,45.77141831282716,-0.4431135511066624,-0.4431135511066624,-0.4431135511066624,-0.08301648234091727,-0.08301648234091727,-0.08301648234091727,-0.36009706876574515,-0.36009706876574515,-0.36009706876574515,0.0,0.0,0.0,45.328304761720496
2024-06-14,45.771742634565705,36.97637722687925,53.036165474968975,45.771742634565705,45.771742634565705,-0.8055467156646235,-0.8055467156646235,-0.8055467156646235,-0.46345326816628557,-0.46345326816628557,-0.46345326816628557,-0.3420934474983379,-0.3420934474983379,-0.3420934474983379,0.0,0.0,0.0,44.96619591890108
2024-06-15,45.77206695630425,36.62371946674034,53.45903950470635,45.77206695630425,45.77206695630425,-0.7142145995859759,-0.7142145995859759,-0.7142145995859759,-0.39336975001874647,-0.39336975001874647,-0.39336975001874647,-0.3208448495672294,-0.3208448495672294,-0.3208448495672294,0.0,0.0,0.0,45.05785235671827
2024-06-16,45.77239127804279,37.29118478894302,54.51452568628568,45.77239127804279,45.77239127804279,0.3390082833200245,0.3390082833200245,0.3390082833200245,0.6352679616046096,0.6352679616046096,0.6352679616046096,-0.2962596782845851,-0.2962596782845851,-0.2962596782845851,0.0,0.0,0.0,46.111399561362816
2024-06-17,45.772715599781336,36.794371857635575,54.4481057586779,45.772715599781336,45.772715599781336,-0.055057225452631205,-0.055057225452631205,-0.055057225452631205,0.2132933304236203,0.2132933304236203,0.2132933304236203,-0.2683505558762515,-0.2683505558762515,-0.2683505558762515,0.0,0.0,0.0,45.71765837432871
2024-06-18,45.77303992151988,37.49741281034484,54.67357040544308,45.77303992151988,45.77303992151988,-0.008183102940866303,-0.008183102940866303,-0.008183102940866303,0.22905847395149853,0.22905847395149853,0.22905847395149853,-0.2372415768923648,-0.2372415768923648,-0.2372415768923648,0.0,0.0,0.0,45.76485681857901
2024-06-19,45.77336424325843,37.27280646274417,53.8922542441042,45.77336424325843,45.77336424325843,-0.340952257019957,-0.340952257019957,-0.340952257019957,-0.1377802654518268,-0.1377802654518268,-0.1377802654518268,-0.20317199156813018,-0.20317199156813018,-0.20317199156813018,0.0,0.0,0.0,45.43241198623847
2024-06-20,45.773688564996974,37.04784368270384,54.147812632387094,45.773688564996974,45.773688564996974,-0.24951262446686018,-0.24951262446686018,-0.24951262446686018,-0.08301648233997275,-0.08301648233997275,-0.08301648233997275,-0.16649614212688746,-0.16649614212688746,-0.16649614212688746,0.0,0.0,0.0,45.524175940530114
2024-06-21,45.77401288673552,36.61065101977058,53.17628940813251,45.77401288673552,45.77401288673552,-0.5911328522134217,-0.5911328522134217,-0.5911328522134217,-0.46345326816606963,-0.46345326816606963,-0.46345326816606963,-0.12767958404735213,-0.12767958404735213,-0.12767958404735213,0.0,0.0,0.0,45.1828800345221
2024-06-22,45.774337208474066,36.22564376864893,54.003984142612545,45.774337208474066,45.774337208474066,-0.48066118599291846,-0.48066118599291846,-0.48066118599291846,-0.3933697500172846,-0.3933697500172846,-0.3933697500172846,-0.08729143597563392,-0.08729143597563392,-0.08729143597563392,0.0,0.0,0.0,45.293676022481144
2024-06-23,45.774661530212605,37.20701256181014,54.43835776317154,45.774661530212605,45.774661530212605,0.5892748484087562,0.5892748484087562,0.5892748484087562,0.6352679616025517,0.6352679616025517,0.6352679616025517,-0.04599311319379553,-0.04599311319379553,-0.04599311319379553,0.0,0.0,0.0,46.36393637862136
2024-06-24,45.77498585195115,37.83678338355037,53.85271579028186,45.77498585195115,45.77498585195115,0.20876962315402714,0.20876962315402714,0.20876962315402714,0.21329333042333745,0.21329333042333745,0.21329333042333745,-0.0045237072693102955,-0.0045237072693102955,-0.0045237072693102955,0.0,0.0,0.0,45.98375547510518
2024-06-25,45.7753101736897,37.97343193246442,54.04999635599119,45.7753101736897,45.7753101736897,0.2653760982522603,0.2653760982522603,0.2653760982522603,0.22905847395186538,0.22905847395186538,0.22905847395186538,0.03631762430039491,0.03631762430039491,0.03631762430039491,0.0,0.0,0.0,46.04068627194196
2024-06-26,45.77563449542824,36.943842309373245,54.21155278770246,45.77563449542824,45.77563449542824,-0.06208846267925372,-0.06208846267925372,-0.06208846267925372,-0.13778026545276006,-0.13778026545276006,-0.13778026545276006,0.07569180277350634,0.07569180277350634,0.07569180277350634,0.0,0.0,0.0,45.71354603274899
2024-06-27,45.77595881716679,37.74292828608134,54.75329564275529,45.77595881716679,45.77595881716679,0.02972548926951127,0.02972548926951127,0.02972548926951127,-0.08301648234217443,-0.08301648234217443,-0.08301648234217443,0.1127419716116857,0.1127419716116857,0.1127419716116857,0.0,0.0,0.0,45.8056843064363
2024-06-28,45.776283138905335,36.669195833259884,54.27192387244436,45.776283138905335,45.776283138905335,-0.3168362307585662,-0.3168362307585662,-0.3168362307585662,-0.46345326816585364,-0.46345326816585364,-0.46345326816585364,0.14661703740728735,0.14661703740728735,0.14661703740728735,0.0,0.0,0.0,45.45944690814677
2024-06-29,45.77660746064387,37.21790751960614,53.95919192076931,45.77660746064387,45.77660746064387,-0.21687379256205833,-0.21687379256205833,-0.21687379256205833,-0.3933697500210504,-0.3933697500210504,-0.3933697500210504,0.17649595745899205,0.17649595745899205,0.17649595745899205,0.0,0.0,0.0,45.55973366808181
2024-06-30,45.77693178238241,38.21096168454936,55.47684370578644,45.77693178238241,45.77693178238241,0.8368800528065821,0.8368800528065821,0.8368800528065821,0.635267961603047,0.635267961603047,0.635267961603047,0.20161209120353502,0.20161209120353502,0.20161209120353502,0.0,0.0,0.0,46.613811835189
2024-07-01,45.77725610412096,37.69156234163639,54.70599819782802,45.77725610412096,45.77725610412096,0.4345702497834005,0.4345702497834005,0.4345702497834005,0.21329333042304374,0.21329333042304374,0.21329333042304374,0.22127691936035676,0.22127691936035676,0.22127691936035676,0.0,0.0,0.0,46.21182635390436
2024-07-02,45.777580425859504,37.8866868517097,54.62170572467823,45.777580425859504,45.777580425859504,0.46396091439725173,0.46396091439725173,0.46396091439725173,0.22905847395152343,0.22905847395152343,0.22905847395152343,0.2349024404457283,0.2349024404457283,0.2349024404457283,0.0,0.0,0.0,46.24154134025676
2024-07-03,45.77790474759805,37.6721304270662,54.952015307065366,45.77790474759805,45.77790474759805,0.104241313785331,0.104241313785331,0.104241313785331,-0.13778026545369337,-0.13778026545369337,-0.13778026545369337,0.24202157923902437,0.24202157923902437,0.24202157923902437,0.0,0.0,0.0,45.88214606138338
2024-07-04,45.7782290693366,37.67932803108385,54.25256746809702,45.7782290693366,45.7782290693366,0.15928950298215033,0.15928950298215033,0.15928950298215033,-0.0830164823397403,-0.0830164823397403,-0.0830164823397403,0.24230598532189063,0.24230598532189063,0.24230598532189063,0.0,0.0,0.0,45.937518572318744
2024-07-05,45.77855339107514,37.3536983675431,53.67364506734774,45.77855339107514,45.77855339107514,-0.22787260720290017,-0.22787260720290017,-0.22787260720290017,-0.4634532681656376,-0.4634532681656376,-0.4634532681656376,0.23558066096273744,0.23558066096273744,0.23558066096273744,0.0,0.0,0.0,45.550680783872245
2024-07-06,45.77887771281369,37.309716449668706,54.3528898613519,45.77887771281369,45.77887771281369,-0.17153481516810531,-0.17153481516810531,-0.17153481516810531,-0.3933697500195885,-0.3933697500195885,-0.3933697500195885,0.22183493485148315,0.22183493485148315,0.22183493485148315,0.0,0.0,0.0,45.60734289764558
2024-07-07,45.77920203455223,37.33626975657322,54.730014395107894,45.77920203455223,45.77920203455223,0.8364973512100933,0.8364973512100933,0.8364973512100933,0.6352679616028531,0.6352679616028531,0.6352679616028531,0.2012293896072401,0.2012293896072401,0.2012293896072401,0.0,0.0,0.0,46.61569938576232
2024-07-08,45.77952635629077,37.615277673445604,54.413018242060474,45.77952635629077,45.77952635629077,0.3873917846045555,0.3873917846045555,0.3873917846045555,0.21329333042277154,0.21329333042277154,0.21329333042277154,0.174098454181784,0.174098454181784,0.174098454181784,0.0,0.0,0.0,46.166918140895326
2024-07-09,45.77985067802932,37.276486790085414,55.21256582464672,45.77985067802932,45.77985067802932,0.3700069586288773,0.3700069586288773,0.3700069586288773,0.22905847395146733,0.22905847395146733,0.22905847395146733,0.14094848467740995,0.14094848467740995,0.14094848467740995,0.0,0.0,0.0,46.1498576366582
2024-07-10,45.780174999767866,36.966552580936124,54.56000556584087,45.780174999767866,45.780174999767866,-0.03532898977411392,-0.03532898977411392,-0.03532898977411392,-0.13778026545209407,-0.13778026545209407,-0.13778026545209407,0.10245127567798015,0.10245127567798015,0.10245127567798015,0.0,0.0,0.0,45.74484600999375
2024-07-11,45.78049932150641,37.391976115719494,54.067231496297175,45.78049932150641,45.78049932150641,-0.023583416437713035,-0.023583416437713035,-0.023583416437713035,-0.08301648234036886,-0.08301648234036886,-0.08301648234036886,0.05943306590265583,0.05943306590265583,0.05943306590265583,0.0,0.0,0.0,45.7569159050687
2024-07-12,45.78082364324496,37.272670730948,54.20120790141462,45.78082364324496,45.78082364324496,-0.4505940446087514,-0.4505940446087514,-0.4505940446087514,-0.46345326816699,-0.46345326816699,-0.46345326816699,0.012859223558238587,0.012859223558238587,0.012859223558238587,0.0,0.0,0.0,45.33022959863621
2024-07-13,45.781147964983504,36.99932833923663,53.634484218257406,45.781147964983504,45.781147964983504,-0.4295548350435863,-0.4295548350435863,-0.4295548350435863,-0.39336975001937946,-0.39336975001937946,-0.39336975001937946,-0.036185085024206906,-0.036185085024206906,-0.036185085024206906,0.0,0.0,0.0,45.351593129939914
2024-07-14,45.78147228672204,37.23776838259686,55.21034794176439,45.78147228672204,45.78147228672204,0.5487501333804634,0.5487501333804634,0.5487501333804634,0.6352679616026592,0.6352679616026592,0.6352679616026592,-0.08651782822219557,-0.08651782822219557,-0.08651782822219557,0.0,0.0,0.0,46.33022242010251
2024-07-15,45.78179660846059,37.39844438076275,53.87449274006066,45.78179660846059,45.78179660846059,0.07640720432529474,0.07640720432529474,0.07640720432529474,0.21329333042404955,0.21329333042404955,0.21329333042404955,-0.1368861260987548,-0.1368861260987548,-0.1368861260987548,0.0,0.0,0.0,45.85820381278588
2024-07-16,45.782120930199135,37.394483263336454,53.992768450181536,45.782120930199135,45.782120930199135,0.043063729460310576,0.043063729460310576,0.043063729460310576,0.2290584739511254,0.2290584739511254,0.2290584739511254,-0.18599474449081482,-0.18599474449081482,-0.18599474449081482,0.0,0.0,0.0,45.82518465965944
2024-07-17,45.78244525193768,37.1967024186048,53.49157099891123,45.78244525193768,45.78244525193768,-0.3703166497953755,-0.3703166497953755,-0.3703166497953755,-0.13778026545302738,-0.13778026545302738,-0.13778026545302738,-0.2325363843423481,-0.2325363843423481,-0.2325363843423481,0.0,0.0,0.0,45.4121286021423
2024-07-18,45.78276957367623,36.862473622092075,53.211369142813,45.78276957367623,45.78276957367623,-0.358239508898457,-0.358239508898457,-0.358239508898457,-0.08301648233942435,-0.08301648233942435,-0.08301648233942435,-0.27522302655903275,-0.27522302655903275,-0.27522302655903275,0.0,0.0,0.0,45.42453006477777
2024-07-19,45.78309389541477,36.676384332800325,53.20200435308017,45.78309389541477,45.78309389541477,-0.7762708216503853,-0.7762708216503853,-0.7762708216503853,-0.4634532681652056,-0.4634532681652056,-0.4634532681652056,-0.3128175534851797,-0.3128175534851797,-0.3128175534851797,0.0,0.0,0.0,45.00682307376439
2024-07-20,45.78341821715332,37.02447424274078,53.84937956267249,45.78341821715332,45.78341821715332,-0.7375345988343872,-0.7375345988343872,-0.7375345988343872,-0.3933697500218923,-0.3933697500218923,-0.3933697500218923,-0.3441648488124949,-0.3441648488124949,-0.3441648488124949,0.0,0.0,0.0,45.04588361831893
2024-07-21,45.78374253889186,37.54741533795071,54.269025794979804,45.78374253889186,45.78374253889186,0.26704638261383506,0.26704638261383506,0.26704638261383506,0.6352679616038438,0.6352679616038438,0.6352679616038438,-0.36822157899000874,-0.36822157899000874,-0.36822157899000874,0.0,0.0,0.0,46.05078892150569
2024-07-22,45.7840668606304,37.005919272814054,54.48669803187093,45.7840668606304,45.7840668606304,-0.17079055080775182,-0.17079055080775182,-0.17079055080775182,0.21329333042376666,0.21329333042376666,0.21329333042376666,-0.3840838812315185,-0.3840838812315185,-0.3840838812315185,0.0,0.0,0.0,45.61327630982265
2024-07-23,45.78439118236895,37.832130041540594,54.22702838265059,45.78439118236895,45.78439118236895,-0.16195375162138187,-0.16195375162138187,-0.16195375162138187,0.22905847395149223,0.22905847395149223,0.22905847395149223,-0.39101222557287413,-0.39101222557287413,-0.39101222557287413,0.0,0.0,0.0,45.62243743074757
2024-07-24,45.784715504107496,37.012038485246855,54.18406829121941,45.784715504107496,45.784715504107496,-0.5262330456720664,-0.5262330456720664,-0.5262330456720664,-0.1377802654526943,-0.1377802654526943,-0.1377802654526943,-0.3884527802193721,-0.3884527802193721,-0.3884527802193721,0.0,0.0,0.0,45.25848245843543
2024-07-25,45.78503982584604,35.78888975889172,53.481048849628145,45.78503982584604,45.78503982584604,-0.45907117157689337,-0.45907117157689337,-0.45907117157689337,-0.08301648233847979,-0.08301648233847979,-0.08301648233847979,-0.37605468923841356,-0.37605468923841356,-0.37605468923841356,0.0,0.0,0.0,45.32596865426915
2024-07-26,45.78536414758459,37.049450742215285,54.18255869853199,45.78536414758459,45.78536414758459,-0.8171360356960705,-0.8171360356960705,-0.8171360356960705,-0.46345326816578136,-0.46345326816578136,-0.46345326816578136,-0.35368276753028927,-0.35368276753028927,-0.35368276753028927,0.0,0.0,0.0,44.968228111888514
2024-07-27,45.785688469323134,36.67802414633926,53.35369098109783,45.785688469323134,45.785688469323134,-0.7147949776865706,-0.7147949776865706,-0.7147949776865706,-0.39336975002168334,-0.39336975002168334,-0.39336975002168334,-0.3214252276648873,-0.3214252276648873,-0.3214252276648873,0.0,0.0,0.0,45.07089349163656
2024-07-28,45.786012791061665,37.59668113583857,54.8015221212644,45.786012791061665,45.786012791061665,0.3556717877663045,0.3556717877663045,0.3556717877663045,0.6352679616036498,0.6352679616036498,0.6352679616036498,-0.27959617383734536,-0.27959617383734536,-0.27959617383734536,0.0,0.0,0.0,46.14168457882797
2024-07-29,45.78633711280021,37.381498821377754,53.68515046701804,45.78633711280021,45.78633711280021,-0.015439396461978271,-0.015439396461978271,-0.015439396461978271,0.21329333042347298,0.21329333042347298,0.21329333042347298,-0.22873272688545127,-0.22873272688545127,-0.22873272688545127,0.0,0.0,0.0,45.77089771633823
2024-07-30,45.78666143453876,37.29787087260543,54.70771270669532,45.78666143453876,45.78666143453876,0.059471696186080794,0.059471696186080794,0.059471696186080794,0.2290584739511503,0.2290584739511503,0.2290584739511503,-0.1695867777650695,-0.1695867777650695,-0.1695867777650695,0.0,0.0,0.0,45.84613313072484
2024-07-31,45.7869857562773,36.71445767874517,53.23248613030903,45.7869857562773,45.7869857562773,-0.24089176713990101,-0.24089176713990101,-0.24089176713990101,-0.1377802654526078,-0.1377802654526078,-0.1377802654526078,-0.10311150168729323,-0.10311150168729323,-0.10311150168729323,0.0,0.0,0.0,45.546093989137404
2024-08-01,45.78731007801585,37.659844423633174,54.77420014375594,45.78731007801585,45.78731007801585,-0.11345938020393355,-0.11345938020393355,-0.11345938020393355,-0.08301648234068147,-0.08301648234068147,-0.08301648234068147,-0.030442897863252077,-0.030442897863252077,-0.030442897863252077,0.0,0.0,0.0,45.673850697811915
2024-08-02,45.787634399754396,37.01193517452089,53.99936118135325,45.787634399754396,45.787634399754396,-0.4163300151836552,-0.4163300151836552,-0.4163300151836552,-0.463453268163997,-0.463453268163997,-0.463453268163997,0.0471232529803418,0.0471232529803418,0.0471232529803418,0.0,0.0,0.0,45.37130438457074
2024-08-03,45.787958721492934,37.66248408746034,53.61023076268247,45.787958721492934,45.787958721492934,-0.26521124730269835,-0.26521124730269835,-0.26521124730269835,-0.3933697500202214,-0.3933697500202214,-0.3933697500202214,0.128158502717523,0.128158502717523,0.128158502717523,0.0,0.0,0.0,45.52274747419023
2024-08-04,45.78828304323148,38.564902271181886,55.44066154435113,45.78828304323148,45.78828304323148,0.8464002660585684,0.8464002660585684,0.8464002660585684,0.6352679616041452,0.6352679616041452,0.6352679616041452,0.21113230445442333,0.21113230445442333,0.21113230445442333,0.0,0.0,0.0,46.63468330929005
2024-08-05,45.78860736497003,37.660287809751146,55.228741023227464,45.78860736497003,45.78860736497003,0.5077386571574731,0.5077386571574731,0.5077386571574731,0.21329333042317924,0.21329333042317924,0.21329333042317924,0.29444532673429397,0.29444532673429397,0.29444532673429397,0.0,0.0,0.0,46.2963460221275
2024-08-06,45.78893168670857,37.957957794075625,55.21612935668887,45.78893168670857,45.78893168670857,0.6055232036523664,0.6055232036523664,0.6055232036523664,0.2290584739515171,0.2290584739515171,0.2290584739515171,0.37646472970084943,0.37646472970084943,0.37646472970084943,0.0,0.0,0.0,46.39445489036094
2024-08-07,45.78925600844712,37.50199166972403,54.59687556218536,45.78925600844712,45.78925600844712,0.3177802986468812,0.3177802986468812,0.3177802986468812,-0.13778026545227479,-0.13778026545227479,-0.13778026545227479,0.45556056409915596,0.45556056409915596,0.45556056409915596,0.0,0.0,0.0,46.107036307094
2024-08-08,45.789580330185665,37.28429370459944,54.88852915768352,45.789580330185665,45.789580330185665,0.44712593685406266,0.44712593685406266,0.44712593685406266,-0.08301648233973695,-0.08301648233973695,-0.08301648233973695,0.5301424191937997,0.5301424191937997,0.5301424191937997,0.0,0.0,0.0,46.23670626703973
2024-08-09,45.78990465192421,37.13631193307215,54.197868105194416,45.78990465192421,45.78990465192421,0.1352421644600781,0.1352421644600781,0.1352421644600781,-0.4634532681653493,-0.4634532681653493,-0.4634532681653493,0.5986954326254275,0.5986954326254275,0.5986954326254275,0.0,0.0,0.0,45.92514681638429
2024-08-10,45.790228976613776,37.82645014618324,54.663513135054764,45.790228976613776,45.790228976613776,0.2664450343103919,0.2664450343103919,0.2664450343103919,-0.3933697500200124,-0.3933697500200124,-0.3933697500200124,0.6598147843304043,0.6598147843304043,0.6598147843304043,0.0,0.0,0.0,46.05667401092417
2024-08-11,45.79055330130335,39.20593288867339,55.54892624436554,45.79055330130335,45.79055330130335,1.3475057894976046,1.3475057894976046,1.3475057894976046,0.6352679616027767,0.6352679616027767,0.6352679616027767,0.7122378278948279,0.7122378278948279,0.7122378278948279,0.0,0.0,0.0,47.13805909080095
2024-08-12,45.79087762599291,38.1260617556027,55.142423828710946,45.79087762599291,45.79087762599291,0.9681663957914786,0.9681663957914786,0.9681663957914786,0.21329333042448953,0.21329333042448953,0.21329333042448953,0.754873065366989,0.754873065366989,0.754873065366989,0.0,0.0,0.0,46.75904402178439
2024-08-13,45.791201950682485,38.57424813055729,56.01066119016349,45.791201950682485,45.791201950682485,1.0158837183969407,1.0158837183969407,1.0158837183969407,0.22905847395046644,0.22905847395046644,0.22905847395046644,0.7868252444464743,0.7868252444464743,0.7868252444464743,0.0,0.0,0.0,46.80708566907943
2024-08-14,45.79152627537205,37.4987741924167,54.7684538521034,45.79152627537205,45.79152627537205,0.6696356829170578,0.6696356829170578,0.6696356829170578,-0.13778026545320807,-0.13778026545320807,-0.13778026545320807,0.8074159483702659,0.8074159483702659,0.8074159483702659,0.0,0.0,0.0,46.46116195828911
2024-08-15,45.791850600061615,37.69882294585483,55.25329528768404,45.791850600061615,45.791850600061615,0.7331826741637363,0.7331826741637363,0.7331826741637363,-0.08301648234036552,-0.08301648234036552,-0.08301648234036552,0.8161991565041018,0.8161991565041018,0.8161991565041018,0.0,0.0,0.0,46.52503327422535
2024-08-16,45.792174924751194,37.65260577613267,54.88520617499538,45.792174924751194,45.792174924751194,0.3495181068236871,0.3495181068236871,0.3495181068236871,-0.4634532681643566,-0.4634532681643566,-0.4634532681643566,0.8129713749880437,0.8129713749880437,0.8129713749880437,0.0,0.0,0.0,46.14169303157488
2024-08-17,45.79249924944076,37.818378668000754,54.30132815607144,45.79249924944076,45.79249924944076,0.4044063187998507,0.4044063187998507,0.4044063187998507,-0.3933697500185504,-0.3933697500185504,-0.3933697500185504,0.7977760688184011,0.7977760688184011,0.7977760688184011,0.0,0.0,0.0,46.19690556824061
2024-08-18,45.79282357413033,37.991213743980275,55.983051801737396,45.79282357413033,45.79282357413033,1.4061702277566426,1.4061702277566426,1.4061702277566426,0.635267961603272,0.635267961603272,0.635267961603272,0.7709022661533703,0.7709022661533703,0.7709022661533703,0.0,0.0,0.0,47.19899380188697
2024-08-19,45.793147898819896,38.4923160298659,55.13315065806005,45.793147898819896,45.793147898819896,0.9461706794026415,0.9461706794026415,0.9461706794026415,0.2132933304242066,0.2132933304242066,0.2132933304242066,0.7328773489784349,0.7328773489784349,0.7328773489784349,0.0,0.0,0.0,46.73931857822254
2024-08-20,45.79347222350947,38.641319737810285,55.10471885486856,45.79347222350947,45.79347222350947,0.9135126618861446,0.9135126618861446,0.9135126618861446,0.22905847395083329,0.22905847395083329,0.22905847395083329,0.6844541879353113,0.6844541879353113,0.6844541879353113,0.0,0.0,0.0,46.70698488539561
2024-08-21,45.79379654819903,37.507697507463625,54.167607162159115,45.79379654819903,45.79379654819903,0.48881265407850366,0.48881265407850366,0.48881265407850366,-0.13778026545287503,-0.13778026545287503,-0.13778026545287503,0.6265929195313787,0.6265929195313787,0.6265929195313787,0.0,0.0,0.0,46.282609202277534
2024-08-22,45.7941208728886,37.44851008016984,54.964386998720755,45.7941208728886,45.7941208728886,0.47742131518906433,0.47742131518906433,0.47742131518906433,-0.08301648233950451,-0.08301648233950451,-0.08301648233950451,0.5604377975285688,0.5604377975285688,0.5604377975285688,0.0,0.0,0.0,46.27154218807766
2024-08-23,45.79444519757818,37.484289632443584,53.456814454942105,45.79444519757818,45.79444519757818,0.02383640554849593,0.02383640554849593,0.02383640554849593,-0.4634532681641407,-0.4634532681641407,-0.4634532681641407,0.4872896737126366,0.4872896737126366,0.4872896737126366,0.0,0.0,0.0,45.81828160312667
2024-08-24,45.79476952226774,37.158361631783094,54.22294626139824,45.79476952226774,45.79476952226774,0.015205023297292647,0.015205023297292647,0.015205023297292647,-0.39336975001959434,-0.39336975001959434,-0.39336975001959434,0.408574773316887,0.408574773316887,0.408574773316887,0.0,0.0,0.0,45.809974545565034
2024-08-25,45.795093846957315,38.52861422015837,54.988054046198265,45.795093846957315,45.795093846957315,0.9610784858978886,0.9610784858978886,0.9610784858978886,0.635267961603078,0.635267961603078,0.635267961603078,0.32581052429481067,0.32581052429481067,0.32581052429481067,0.0,0.0,0.0,46.7561723328552
2024-08-26,45.79541817164688,37.23502945462949,54.7118048284545,45.79541817164688,45.79541817164688,0.45386260546265256,0.45386260546265256,0.45386260546265256,0.213293330423913,0.213293330423913,0.213293330423913,0.2405692750387396,0.2405692750387396,0.2405692750387396,0.0,0.0,0.0,46.24928077710953
2024-08-27,45.795742496336445,37.74788588322762,55.002490365788276,45.795742496336445,45.795742496336445,0.3834992639557423,0.3834992639557423,0.3834992639557423,0.22905847395148587,0.22905847395148587,0.22905847395148587,0.15444079000425637,0.15444079000425637,0.15444079000425637,0.0,0.0,0.0,46.179241760292186
2024-08-28,45.79606682102602,37.64460227039534,53.75466066868255,45.79606682102602,45.79606682102602,-0.06878581980242779,-0.06878581980242779,-0.06878581980242779,-0.13778026545380834,-0.13778026545380834,-0.13778026545380834,0.06899444565138056,0.06899444565138056,0.06899444565138056,0.0,0.0,0.0,45.72728100122359
2024-08-29,45.79639114571558,37.21284247150095,54.06151731139307,45.79639114571558,45.79639114571558,-0.09727442314339264,-0.09727442314339264,-0.09727442314339264,-0.08301648234013306,-0.08301648234013306,-0.08301648234013306,-0.014257940803259584,-0.014257940803259584,-0.014257940803259584,0.0,0.0,0.0,45.69911672257219
2024-08-30,45.79671547040516,36.955025718940036,53.76086269959442,45.79671547040516,45.79671547040516,-0.5573509985530508,-0.5573509985530508,-0.5573509985530508,-0.4634532681639247,-0.4634532681639247,-0.4634532681639247,-0.09389773038912613,-0.09389773038912613,-0.09389773038912613,0.0,0.0,0.0,45.23936447185211
2024-08-31,45.797039795094726,36.830681917126824,53.816696929511544,45.797039795094726,45.797039795094726,-0.5620023957159569,-0.5620023957159569,-0.5620023957159569,-0.39336975001813246,-0.39336975001813246,-0.39336975001813246,-0.16863264569782446,-0.16863264569782446,-0.16863264569782446,0.0,0.0,0.0,45.23503739937877
2024-09-01,45.79736411978429,38.027194280068464,54.2509289603336,45.79736411978429,45.79736411978429,0.3979412684612708,0.3979412684612708,0.3979412684612708,0.6352679616035734,0.6352679616035734,0.6352679616035734,-0.23732669314230256,-0.23732669314230256,-0.23732669314230256,0.0,0.0,0.0,46.195305388245565
2024-09-02,45.79768844447386,36.975519375584,54.10330069342171,45.79768844447386,45.79768844447386,-0.08573274711873334,-0.08573274711873334,-0.08573274711873334,0.21329333042361923,0.21329333042361923,0.21329333042361923,-0.29902607754235255,-0.29902607754235255,-0.29902607754235255,0.0,0.0,0.0,45.71195569735513
2024-09-03,45.79801276916343,37.00754045946189,54.24073863273215,45.79801276916343,45.79801276916343,-0.1239219860629664,-0.1239219860629664,-0.1239219860629664,0.22905847395114395,0.22905847395114395,0.22905847395114395,-0.3529804600141103,-0.3529804600141103,-0.3529804600141103,0.0,0.0,0.0,45.67409078310046
2024-09-04,45.798337093853,36.88853554674064,53.56870352804174,45.798337093853,45.798337093853,-0.5364392895496657,-0.5364392895496657,-0.5364392895496657,-0.13778026545220903,-0.13778026545220903,-0.13778026545220903,-0.3986590240974567,-0.3986590240974567,-0.3986590240974567,0.0,0.0,0.0,45.26189780430333
2024-09-05,45.798661418542565,36.523582794878195,53.769026563605514,45.798661418542565,45.798661418542565,-0.5187774250389536,-0.5187774250389536,-0.5187774250389536,-0.08301648234076166,-0.08301648234076166,-0.08301648234076166,-0.4357609426981919,-0.4357609426981919,-0.4357609426981919,0.0,0.0,0.0,45.27988399350361
2024-09-06,45.798985743232144,36.480008942000595,53.47307518620747,45.798985743232144,45.798985743232144,-0.9276732446778415,-0.9276732446778415,-0.9276732446778415,-0.463453268165277,-0.463453268165277,-0.463453268165277,-0.46421997651256447,-0.46421997651256447,-0.46421997651256447,0.0,0.0,0.0,44.8713124985543
2024-09-07,45.79931006792171,36.5396509225722,53.37628451202245,45.79931006792171,45.79931006792171,-0.8775728298267836,-0.8775728298267836,-0.8775728298267836,-0.3933697500206454,-0.3933697500206454,-0.3933697500206454,-0.48420307980613836,-0.48420307980613836,-0.48420307980613836,0.0,0.0,0.0,44.92173723809493
2024-09-08,45.799634392611274,37.99149987307577,54.850318928627544,45.799634392611274,45.799634392611274,0.1391649234844349,0.1391649234844349,0.1391649234844349,0.6352679616022048,0.6352679616022048,0.6352679616022048,-0.49610303811776985,-0.49610303811776985,-0.49610303811776985,0.0,0.0,0.0,45.93879931609571
2024-09-09,45.799958717300846,36.97656921009236,53.671382053831174,45.799958717300846,45.799958717300846,-0.28723198055947496,-0.28723198055947496,-0.28723198055947496,0.2132933304233363,0.2132933304233363,0.2132933304233363,-0.5005253109828113,-0.5005253109828113,-0.5005253109828113,0.0,0.0,0.0,45.51272673674137
2024-09-10,45.80028304199041,36.845318156902344,54.418029023607566,45.80028304199041,45.80028304199041,-0.2692109234942693,-0.2692109234942693,-0.2692109234942693,0.2290584739508021,0.2290584739508021,0.2290584739508021,-0.49826939744507137,-0.49826939744507137,-0.49826939744507137,0.0,0.0,0.0,45.53107211849614
2024-09-11,45.800607366679984,36.28686972566855,53.29861695926402,45.800607366679984,45.800607366679984,-0.6280854448016715,-0.6280854448016715,-0.6280854448016715,-0.13778026545314234,-0.13778026545314234,-0.13778026545314234,-0.4903051793485292,-0.4903051793485292,-0.4903051793485292,0.0,0.0,0.0,45.172521921878314
2024-09-12,45.80093169136955,36.721244565695294,53.482956917496814,45.80093169136955,45.80093169136955,-0.5607613061300876,-0.5607613061300876,-0.5607613061300876,-0.08301648233990065,-0.08301648233990065,-0.08301648233990065,-0.4777448237901869,-0.4777448237901869,-0.4777448237901869,0.0,0.0,0.0,45.24017038523946
2024-09-13,45.80125601605912,36.42253725934006,53.346383468077406,45.80125601605912,45.80125601605912,-0.925264206652618,-0.925264206652618,-0.925264206652618,-0.46345326816662935,-0.46345326816662935,-0.46345326816662935,-0.4618109384859886,-0.4618109384859886,-0.4618109384859886,0.0,0.0,0.0,44.8759918094065
2024-09-14,45.80158034074869,36.57319556811279,53.86899181614275,45.80158034074869,45.80158034074869,-0.8371715194283352,-0.8371715194283352,-0.8371715194283352,-0.3933697500204363,-0.3933697500204363,-0.3933697500204363,-0.44380176940789895,-0.44380176940789895,-0.44380176940789895,0.0,0.0,0.0,44.964408821320355
2024-09-15,45.80190466543826,37.7228905961074,54.372257214189865,45.80190466543826,45.80190466543826,0.210213655163162,0.210213655163162,0.210213655163162,0.6352679616033894,0.6352679616033894,0.6352679616033894,-0.4250543064402274,-0.4250543064402274,-0.4250543064402274,0.0,0.0,0.0,46.01211832060142
2024-09-16,45.80222899012783,37.49102052016516,53.847021037847604,45.80222899012783,45.80222899012783,-0.19361288770342344,-0.19361288770342344,-0.19361288770342344,0.21329333042305346,0.21329333042305346,0.21329333042305346,-0.4069062181264769,-0.4069062181264769,-0.4069062181264769,0.0,0.0,0.0,45.608616102424406
2024-09-17,45.802553314817395,37.68962225365925,54.52108076667403,45.802553314817395,45.802553314817395,-0.16159909542630424,-0.16159909542630424,-0.16159909542630424,0.22905847395116885,0.22905847395116885,0.22905847395116885,-0.3906575693774731,-0.3906575693774731,-0.3906575693774731,0.0,0.0,0.0,45.64095421939109
2024-09-18,45.80287763950696,36.149620844567885,54.21113174485094,45.80287763950696,45.80287763950696,-0.5153135509387136,-0.5153135509387136,-0.5153135509387136,-0.1377802654530558,-0.1377802654530558,-0.1377802654530558,-0.3775332854856578,-0.3775332854856578,-0.3775332854856578,0.0,0.0,0.0,45.287564088568246
2024-09-19,45.80320196419653,36.77692770289349,53.07919673764908,45.80320196419653,45.80320196419653,-0.451663793973931,-0.451663793973931,-0.451663793973931,-0.08301648233895609,-0.08301648233895609,-0.08301648233895609,-0.36864731163497494,-0.36864731163497494,-0.36864731163497494,0.0,0.0,0.0,45.351538170222604
2024-09-20,45.803526288886104,36.418581735872365,53.06112259949563,45.803526288886104,45.803526288886104,-0.8284226478158117,-0.8284226478158117,-0.8284226478158117,-0.4634532681664133,-0.4634532681664133,-0.4634532681664133,-0.3649693796493983,-0.3649693796493983,-0.3649693796493983,0.0,0.0,0.0,44.97510364107029
2024-09-21,45.803850613575676,36.643019090196375,53.24167858973753,45.803850613575676,45.803850613575676,-0.7606649838569918,-0.7606649838569918,-0.7606649838569918,-0.3933697500202272,-0.3933697500202272,-0.3933697500202272,-0.3672952338367646,-0.3672952338367646,-0.3672952338367646,0.0,0.0,0.0,45.043185629718685
2024-09-22,45.80417493826524,37.67121619233633,54.63792971619922,45.80417493826524,45.80417493826524,0.2590468746862652,0.2590468746862652,0.2590468746862652,0.6352679616031955,0.6352679616031955,0.6352679616031955,-0.37622108691693035,-0.37622108691693035,-0.37622108691693035,0.0,0.0,0.0,46.063221812951504
2024-09-23,45.804499262954806,36.76290330369691,54.623038150623344,45.804499262954806,45.804499262954806,-0.1788296466489346,-0.1788296466489346,-0.1788296466489346,0.21329333042434215,0.21329333042434215,0.21329333042434215,-0.39212297707327676,-0.39212297707327676,-0.39212297707327676,0.0,0.0,0.0,45.62566961630587
2024-09-24,45.80482358764438,37.44717957990355,54.86960375533832,45.80482358764438,45.80482358764438,-0.18608310666414155,-0.18608310666414155,-0.18608310666414155,0.2290584739515357,0.2290584739515357,0.2290584739515357,-0.41514158061567724,-0.41514158061567724,-0.41514158061567724,0.0,0.0,0.0,45.618740480980236
2024-09-25,45.80514791233394,37.312116558557896,53.564759483449386,45.80514791233394,45.80514791233394,-0.5829531697650304,-0.5829531697650304,-0.5829531697650304,-0.13778026545272276,-0.13778026545272276,-0.13778026545272276,-0.44517290431230766,-0.44517290431230766,-0.44517290431230766,0.0,0.0,0.0,45.22219474256891
2024-09-26,45.805472237023515,36.58925249516547,53.20325887710283,45.805472237023515,45.805472237023515,-0.5648816227145134,-0.5648816227145134,-0.5648816227145134,-0.08301648234115777,-0.08301648234115777,-0.08301648234115777,-0.4818651403733556,-0.4818651403733556,-0.4818651403733556,0.0,0.0,0.0,45.240590614309
2024-09-27,45.80579656171308,35.9269822205304,53.81149868302338,45.80579656171308,45.80579656171308,-0.988075086860872,-0.988075086860872,-0.988075086860872,-0.4634532681661973,-0.4634532681661973,-0.4634532681661973,-0.5246218186946747,-0.5246218186946747,-0.5246218186946747,0.0,0.0,0.0,44.817721474852206
2024-09-28,45.80612088640266,36.35834089510334,53.093263703718414,45.80612088640266,45.80612088640266,-0.9659809889456816,-0.9659809889456816,-0.9659809889456816,-0.39336975001876534,-0.39336975001876534,-0.39336975001876534,-0.5726112389269162,-0.5726112389269162,-0.5726112389269162,0.0,0.0,0.0,44.84013989745698
2024-09-29,45.806445211092225,37.36475723598807,54.325790263541194,45.806445211092225,45.806445211092225,0.010485948753562933,0.010485948753562933,0.010485948753562933,0.6352679616036908,0.6352679616036908,0.6352679616036908,-0.6247820128501279,-0.6247820128501279,-0.6247820128501279,0.0,0.0,0.0,45.81693115984579
2024-09-30,45.80676953578179,36.50366538614428,54.083855309168925,45.80676953578179,45.80676953578179,-0.4665910686911748,-0.4665910686911748,-0.4665910686911748,0.2132933304240485,0.2132933304240485,0.2132933304240485,-0.6798843991152232,-0.6798843991152232,-0.6798843991152232,0.0,0.0,0.0,45.34017846709062
2024-10-01,45.80709386047136,37.22563144085269,53.9728982830366,45.80709386047136,45.80709386047136,-0.5074384972422514,-0.5074384972422514,-0.5074384972422514,0.22905847395119378,0.22905847395119378,0.22905847395119378,-0.7364969711934453,-0.7364969711934453,-0.7364969711934453,0.0,0.0,0.0,45.29965536322911
2024-10-02,45.80741818516093,36.56673602812785,53.08148741866274,45.80741818516093,45.80741818516093,-0.9308382942452472,-0.9308382942452472,-0.9308382942452472,-0.13778026545238975,-0.13778026545238975,-0.13778026545238975,-0.7930580287928575,-0.7930580287928575,-0.7930580287928575,0.0,0.0,0.0,44.87657989091568
2024-10-03,45.8077425098505,36.27457804513684,53.22629938820908,45.8077425098505,45.8077425098505,-0.9309175284967077,-0.9309175284967077,-0.9309175284967077,-0.08301648234021325,-0.08301648234021325,-0.08301648234021325,-0.8479010461564944,-0.8479010461564944,-0.8479010461564944,0.0,0.0,0.0,44.87682498135379
2024-10-04,45.808066834540064,36.289065662235394,53.20169303789527,45.808066834540064,45.808066834540064,-1.3627466185326023,-1.3627466185326023,-1.3627466185326023,-0.46345326816520466,-0.46345326816520466,-0.46345326816520466,-0.8992933503673974,-0.8992933503673974,-0.8992933503673974,0.0,0.0,0.0,44.44532021600746
2024-10-05,45.808391159229636,35.96131925498655,52.77660945270781,45.808391159229636,45.808391159229636,-1.3388468914669203,-1.3388468914669203,-1.3388468914669203,-0.39336975001730345,-0.39336975001730345,-0.39336975001730345,-0.9454771414496167,-0.9454771414496167,-0.9454771414496167,0.0,0.0,0.0,44.469544267762714
2024-10-06,45.80871548391921,36.825715694339024,53.603340239189194,45.80871548391921,45.80871548391921,-0.34944394399944356,-0.34944394399944356,-0.34944394399944356,0.6352679616034969,0.6352679616034969,0.6352679616034969,-0.9847119056029404,-0.9847119056029404,-0.9847119056029404,0.0,0.0,0.0,45.45927153991976
2024-10-07,45.80903980860877,36.625295150904044,53.70817951715061,45.80903980860877,45.80903980860877,-0.8020239043518232,-0.8020239043518232,-0.8020239043518232,0.21329333042377627,0.21329333042377627,0.21329333042377627,-1.0153172347755997,-1.0153172347755997,-1.0153172347755997,0.0,0.0,0.0,45.00701590425695
2024-10-08,45.809364133298345,36.993245034133906,53.99592192183185,45.809364133298345,45.809364133298345,-0.8066565769147628,-0.8066565769147628,-0.8066565769147628,0.22905847395085188,0.22905847395085188,0.22905847395085188,-1.0357150508656146,-1.0357150508656146,-1.0357150508656146,0.0,0.0,0.0,45.002707556383584
2024-10-09,45.80968845798791,36.43143803816941,53.37433518855152,45.80968845798791,45.80968845798791,-1.1822505069424312,-1.1822505069424312,-1.1822505069424312,-0.13778026545230315,-0.13778026545230315,-0.13778026545230315,-1.044470241490128,-1.044470241490128,-1.044470241490128,0.0,0.0,0.0,44.62743795104548
2024-10-10,45.810012782677475,36.16982206556273,52.68315826297336,45.810012782677475,45.810012782677475,-1.1233452285742116,-1.1233452285742116,-1.1233452285742116,-0.08301648234084182,-0.08301648234084182,-0.08301648234084182,-1.04032874623337,-1.04032874623337,-1.04032874623337,0.0,0.0,0.0,44.686667554103266
2024-10-11,45.81033710736705,35.823785736059854,53.38547383527998,45.81033710736705,45.81033710736705,-1.485705454994454,-1.485705454994454,-1.485705454994454,-0.4634532681665571,-0.4634532681665571,-0.4634532681665571,-1.0222521868278969,-1.0222521868278969,-1.0222521868278969,0.0,0.0,0.0,44.324631652372595
2024-10-12,45.81066143205662,36.194369983587585,53.33697793327362,45.81066143205662,45.81066143205662,-1.382817960521098,-1.382817960521098,-1.382817960521098,-0.3933697500210692,-0.3933697500210692,-0.3933697500210692,-0.9894482105000286,-0.9894482105000286,-0.9894482105000286,0.0,0.0,0.0,44.427843471535525
2024-10-13,45.81098575674619,37.254085267340145,54.74696758882379,45.81098575674619,45.81098575674619,-0.3061278493291723,-0.3061278493291723,-0.3061278493291723,0.6352679616039922,0.6352679616039922,0.6352679616039922,-0.9413958109331646,-0.9413958109331646,-0.9413958109331646,0.0,0.0,0.0,45.50485790741702
2024-10-14,45.81131008143576,37.01112070098535,53.646681201118284,45.81131008143576,45.81131008143576,-0.6645716732618476,-0.6645716732618476,-0.6645716732618476,0.21329333042348264,0.21329333042348264,0.21329333042348264,-0.8778650036853303,-0.8778650036853303,-0.8778650036853303,0.0,0.0,0.0,45.14673840817391
2024-10-15,45.81163440612533,36.52327291291035,53.95853276823842,45.81163440612533,45.81163440612533,-0.5698718858439589,-0.5698718858439589,-0.5698718858439589,0.2290584739515045,0.2290584739515045,0.2290584739515045,-0.7989303597954635,-0.7989303597954635,-0.7989303597954635,0.0,0.0,0.0,45.24176252028137
2024-10-16,45.811958730814894,36.73802866084916,54.067369161456966,45.811958730814894,45.811958730814894,-0.8427583051689399,-0.8427583051689399,-0.8427583051689399,-0.13778026545197017,-0.13778026545197017,-0.13778026545197017,-0.7049780397169697,-0.7049780397169697,-0.7049780397169697,0.0,0.0,0.0,44.96920042564595
2024-10-17,45.81228305550446,36.89333134189984,53.44734503229321,45.81228305550446,45.81228305550446,-0.6797225987135358,-0.6797225987135358,-0.6797225987135358,-0.08301648233989727,-0.08301648233989727,-0.08301648233989727,-0.5967061163736386,-0.5967061163736386,-0.5967061163736386,0.0,0.0,0.0,45.13256045679092
2024-10-18,45.81260738019404,36.35996511957974,53.1708580987766,45.81260738019404,45.81260738019404,-0.9385713957872913,-0.9385713957872913,-0.9385713957872913,-0.4634532681647727,-0.4634532681647727,-0.4634532681647727,-0.4751181276225186,-0.4751181276225186,-0.4751181276225186,0.0,0.0,0.0,44.874035984406746
2024-10-19,45.812931704050484,36.003810849378006,53.58392637951415,45.812931704050484,45.812931704050484,-0.7348797011868307,-0.7348797011868307,-0.7348797011868307,-0.39336975002211316,-0.39336975002211316,-0.39336975002211316,-0.34150995116471755,-0.34150995116471755,-0.34150995116471755,0.0,0.0,0.0,45.07805200286366
2024-10-20,45.81325602790693,38.09780913714789,54.27560704131146,45.81325602790693,45.81325602790693,0.4378177161362246,0.4378177161362246,0.4378177161362246,0.6352679616026237,0.6352679616026237,0.6352679616026237,-0.19745024546639894,-0.19745024546639894,-0.19745024546639894,0.0,0.0,0.0,46.251073744043154
2024-10-21,45.813580351763385,36.87601002566085,54.70972395373282,45.813580351763385,45.813580351763385,0.1685384854076615,0.1685384854076615,0.1685384854076615,0.21329333042319965,0.21329333042319965,0.21329333042319965,-0.044754845015538156,-0.044754845015538156,-0.044754845015538156,0.0,0.0,0.0,45.98211883717104
2024-10-22,45.81390467561984,37.55679042250986,54.16340909015345,45.81390467561984,45.81390467561984,0.34360283999336116,0.34360283999336116,0.34360283999336116,0.22905847395116258,0.22905847395116258,0.22905847395116258,0.11454436604219859,0.11454436604219859,0.11454436604219859,0.0,0.0,0.0,46.1575075156132
2024-10-23,45.81422899947629,37.5729616609304,54.61741820291243,45.81422899947629,45.81422899947629,0.14045518884092098,0.14045518884092098,0.14045518884092098,-0.13778026545290345,-0.13778026545290345,-0.13778026545290345,0.27823545429382446,0.27823545429382446,0.27823545429382446,0.0,0.0,0.0,45.954684188317216
2024-10-24,45.81455332333274,37.714800770949054,54.56060411354346,45.81455332333274,45.81455332333274,0.3609500729174674,0.3609500729174674,0.3609500729174674,-0.08301648234052583,-0.08301648234052583,-0.08301648234052583,0.44396655525799317,0.44396655525799317,0.44396655525799317,0.0,0.0,0.0,46.17550339625021
2024-10-25,45.814877647189185,38.49922958280926,53.8725756554608,45.814877647189185,45.814877647189185,0.1458359937913169,0.1458359937913169,0.1458359937913169,-0.46345326816612503,-0.46345326816612503,-0.46345326816612503,0.6092892619574419,0.6092892619574419,0.6092892619574419,0.0,0.0,0.0,45.9607136409805
2024-10-26,45.81520197104564,38.04220134410026,54.73710377587079,45.81520197104564,45.81520197104564,0.3783346145535355,0.3783346145535355,0.3783346145535355,-0.3933697500206512,-0.3933697500206512,-0.3933697500206512,0.7717043645741867,0.7717043645741867,0.7717043645741867,0.0,0.0,0.0,46.193536585599176
2024-10-27,45.815526294902085,38.808999728490065,56.11472871032744,45.815526294902085,45.815526294902085,1.563976932584404,1.563976932584404,1.563976932584404,0.635267961603119,0.635267961603119,0.635267961603119,0.9287089709812848,0.9287089709812848,0.9287089709812848,0.0,0.0,0.0,47.37950322748649
2024-10-28,45.81585061875853,38.16265205209488,55.51126230244005,45.81585061875853,45.81585061875853,1.2911373394484473,1.2911373394484473,1.2911373394484473,0.21329333042290602,0.21329333042290602,0.21329333042290602,1.0778440090255412,1.0778440090255412,1.0778440090255412,0.0,0.0,0.0,47.10698795820698
2024-10-29,45.81617494261499,38.92284183368974,55.931414410638034,45.81617494261499,45.81617494261499,1.4457995789733313,1.4457995789733313,1.4457995789733313,0.22905847395082066,0.22905847395082066,0.22905847395082066,1.2167411050225108,1.2167411050225108,1.2167411050225108,0.0,0.0,0.0,47.26197452158832
2024-10-30,45.81649926647144,38.34132162530692,55.21982444123052,45.81649926647144,45.81649926647144,1.2053875835983705,1.2053875835983705,1.2053875835983705,-0.13778026545130412,-0.13778026545130412,-0.13778026545130412,1.3431678490496746,1.3431678490496746,1.3431678490496746,0.0,0.0,0.0,47.02188685006981
2024-10-31,45.816823590327886,38.83896924424408,55.7250244955735,45.816823590327886,45.816823590327886,1.372054013420705,1.372054013420705,1.372054013420705,-0.08301648233966485,-0.08301648233966485,-0.08301648233966485,1.4550704957603697,1.4550704957603697,1.4550704957603697,0.0,0.0,0.0,47.188877603748594
2024-11-01,45.81714791418434,38.77546116166842,55.56274349716255,45.81714791418434,45.81714791418434,1.0871599404418815,1.0871599404418815,1.0871599404418815,-0.46345326816590904,-0.46345326816590904,-0.46345326816590904,1.5506132086077906,1.5506132086077906,1.5506132086077906,0.0,0.0,0.0,46.90430785462622
2024-11-02,45.817472238040786,39.28370034891574,55.378315452045236,45.817472238040786,45.817472238040786,1.2348432840001242,1.2348432840001242,1.2348432840001242,-0.3933697500191893,-0.3933697500191893,-0.3933697500191893,1.6282130340193133,1.6282130340193133,1.6282130340193133,0.0,0.0,0.0,47.05231552204091
2024-11-03,45.81779656189723,39.87180745897964,56.736833371896914,45.81779656189723,45.81779656189723,2.3218378499411503,2.3218378499411503,2.3218378499411503,0.635267961602925,0.635267961602925,0.635267961602925,1.6865698883382256,1.6865698883382256,1.6865698883382256,0.0,0.0,0.0,48.13963441183838
2024-11-04,45.81812088575369,39.79810995710284,56.558884419353404,45.81812088575369,45.81812088575369,1.9379842823056979,1.9379842823056979,1.9379842823056979,0.2132933304226231,0.2132933304226231,0.2132933304226231,1.7246909518830744,1.7246909518830744,1.7246909518830744,0.0,0.0,0.0,47.75610516805939
2024-11-05,45.81844520961014,39.78921162186194,56.89449603311269,45.81844520961014,45.81844520961014,1.9709674626131815,1.9709674626131815,1.9709674626131815,0.229058473952182,0.229058473952182,0.229058473952182,1.7419089886609995,1.7419089886609995,1.7419089886609995,0.0,0.0,0.0,47.78941267222332
2024-11-06,45.818769533466586,39.30999118422197,55.974786749403954,45.818769533466586,45.818769533466586,1.6001139787153271,1.6001139787153271,1.6001139787153271,-0.13778026545223745,-0.13778026545223745,-0.13778026545223745,1.7378942441675649,1.7378942441675649,1.7378942441675649,0.0,0.0,0.0,47.418883512181914
2024-11-07,45.81909385732304,39.91352813951218,55.76373650387062,45.81909385732304,45.81909385732304,1.6296432318993206,1.6296432318993206,1.6296432318993206,-0.08301648234029341,-0.08301648234029341,-0.08301648234029341,1.712659714239614,1.712659714239614,1.712659714239614,0.0,0.0,0.0,47.44873708922236
2024-11-08,45.819418181179486,39.03737680509215,54.907503323037304,45.819418181179486,45.819418181179486,1.203106453679287,1.203106453679287,1.203106453679287,-0.46345326816491644,-0.46345326816491644,-0.46345326816491644,1.6665597218442036,1.6665597218442036,1.6665597218442036,0.0,0.0,0.0,47.022524634858776
2024-11-09,45.81974250503593,39.16434492156168,55.44928016224994,45.81974250503593,45.81974250503593,1.2069121327164065,1.2069121327164065,1.2069121327164065,-0.39336975001898034,-0.39336975001898034,-0.39336975001898034,1.6002818827353869,1.6002818827353869,1.6002818827353869,0.0,0.0,0.0,47.02665463775234
2024-11-10,45.82006682889239,39.652393421212686,55.52715556751838,45.82006682889239,45.82006682889239,2.150100643437682,2.150100643437682,2.150100643437682,0.6352679616041098,0.6352679616041098,0.6352679616041098,1.5148326818335722,1.5148326818335722,1.5148326818335722,0.0,0.0,0.0,47.97016747233007
2024-11-11,45.82039115274884,38.61712809852377,55.449603540212166,45.82039115274884,45.82039115274884,1.6248103472718858,1.6248103472718858,1.6248103472718858,0.21329333042391185,0.21329333042391185,0.21329333042391185,1.411517016847974,1.411517016847974,1.411517016847974,0.0,0.0,0.0,47.44520150002072
2024-11-12,45.82071547660529,38.38420514237994,55.701550331216595,45.82071547660529,45.82071547660529,1.5209706650679378,1.5209706650679378,1.5209706650679378,0.22905847395113135,0.22905847395113135,0.22905847395113135,1.2919121911168066,1.2919121911168066,1.2919121911168066,0.0,0.0,0.0,47.34168614167322
2024-11-13,45.82103980046174,38.356279390183424,54.96978692947801,45.82103980046174,45.82103980046174,1.0200566856864317,1.0200566856864317,1.0200566856864317,-0.13778026545317076,-0.13778026545317076,-0.13778026545317076,1.1578369511396025,1.1578369511396025,1.1578369511396025,0.0,0.0,0.0,46.841096486148174
2024-11-14,45.82136412431819,37.98988582083188,54.81480023037103,45.82136412431819,45.82136412431819,0.9282997811022229,0.9282997811022229,0.9282997811022229,-0.08301648233934886,-0.08301648233934886,-0.08301648233934886,1.0113162634415718,1.0113162634415718,1.0113162634415718,0.0,0.0,0.0,46.74966390542041
2024-11-15,45.82168844817464,37.487790332708435,55.02511241584129,45.82168844817464,45.82168844817464,0.39108933995918144,0.39108933995918144,0.39108933995918144,-0.46345326816470045,-0.46345326816470045,-0.46345326816470045,0.8545426081238818,0.8545426081238818,0.8545426081238818,0.0,0.0,0.0,46.21277778813382
2024-11-16,45.82201277203109,37.42456572899714,54.04991823333832,45.82201277203109,45.82201277203109,0.2964648810803924,0.2964648810803924,0.2964648810803924,-0.3933697500202403,-0.3933697500202403,-0.3933697500202403,0.6898346311006326,0.6898346311006326,0.6898346311006326,0.0,0.0,0.0,46.118477653111476
2024-11-17,45.82233709588754,38.84813655909325,55.51893490844973,45.82233709588754,45.82233709588754,1.1548620039492594,1.1548620039492594,1.1548620039492594,0.6352679616039157,0.6352679616039157,0.6352679616039157,0.5195940423453439,0.5195940423453439,0.5195940423453439,0.0,0.0,0.0,46.9771990998368
2024-11-18,45.822661419743994,38.129074593383635,55.289622829655826,45.822661419743994,45.822661419743994,0.559555003075421,0.559555003075421,0.559555003075421,0.21329333042362889,0.21329333042362889,0.21329333042362889,0.34626167265179214,0.34626167265179214,0.34626167265179214,0.0,0.0,0.0,46.38221642281942
2024-11-19,45.82298574360044,37.98759602487343,54.87759797937496,45.82298574360044,45.82298574360044,0.4013320801609606,0.4013320801609606,0.4013320801609606,0.22905847395149814,0.22905847395149814,0.22905847395149814,0.17227360620946247,0.17227360620946247,0.17227360620946247,0.0,0.0,0.0,46.2243178237614
2024-11-20,45.82331006745689,37.093576452635354,54.742766818658474,45.82331006745689,45.82331006745689,-0.13776197468772736,-0.13776197468772736,-0.13776197468772736,-0.13778026545283772,-0.13778026545283772,-0.13778026545283772,1.8290765110363753e-05,1.8290765110363753e-05,1.8290765110363753e-05,0.0,0.0,0.0,45.68554809276916
2024-11-21,45.82363439131334,37.33080536523657,54.15576313706328,45.82363439131334,45.82363439131334,-0.2512209903493544,-0.2512209903493544,-0.2512209903493544,-0.08301648234155053,-0.08301648234155053,-0.08301648234155053,-0.16820450800780387,-0.16820450800780387,-0.16820450800780387,0.0,0.0,0.0,45.57241340096399
2024-11-22,45.82395871516979,36.68861458346767,53.855739242260476,45.82395871516979,45.82395871516979,-0.7936753633093884,-0.7936753633093884,-0.7936753633093884,-0.4634532681644844,-0.4634532681644844,-0.4634532681644844,-0.3302220951449039,-0.3302220951449039,-0.3302220951449039,0.0,0.0,0.0,45.0302833518604
2024-11-23,45.824283039026234,36.748712404098676,53.08548828768404,45.824283039026234,45.824283039026234,-0.8773935862240826,-0.8773935862240826,-0.8773935862240826,-0.39336975002128416,-0.39336975002128416,-0.39336975002128416,-0.4840238362027985,-0.4840238362027985,-0.4840238362027985,0.0,0.0,0.0,44.946889452802154
2024-11-24,45.824607362882695,37.36126286713768,54.272783015305805,45.824607362882695,45.824607362882695,0.0074758688556280685,0.0074758688556280685,0.0074758688556280685,0.6352679616037219,0.6352679616037219,0.6352679616037219,-0.6277920927480938,-0.6277920927480938,-0.6277920927480938,0.0,0.0,0.0,45.83208323173832
2024-11-25,45.82493168673914,36.66461314025286,53.39739367395675,45.82493168673914,45.82493168673914,-0.5466352171372785,-0.5466352171372785,-0.5466352171372785,0.21329333042334597,0.21329333042334597,0.21329333042334597,-0.7599285475606244,-0.7599285475606244,-0.7599285475606244,0.0,0.0,0.0,45.27829646960186
2024-11-26,45.82525601059559,36.06696350094097,53.89748318929691,45.82525601059559,45.82525601059559,-0.6500169999370298,-0.6500169999370298,-0.6500169999370298,0.22905847395115625,0.22905847395115625,0.22905847395115625,-0.879075473888186,-0.879075473888186,-0.879075473888186,0.0,0.0,0.0,45.17523901065856
2024-11-27,45.82558033445204,36.34064999928567,52.52962109573454,45.82558033445204,45.82558033445204,-1.1219118870054354,-1.1219118870054354,-1.1219118870054354,-0.13778026545401753,-0.13778026545401753,-0.13778026545401753,-0.984131621551418,-0.984131621551418,-0.984131621551418,0.0,0.0,0.0,44.7036684474466
2024-11-28,45.82590465830849,36.254434688713324,53.34265980974147,45.82590465830849,45.82590465830849,-1.1572789988806347,-1.1572789988806347,-1.1572789988806347,-0.083016482340606,-0.083016482340606,-0.083016482340606,-1.0742625165400286,-1.0742625165400286,-1.0742625165400286,0.0,0.0,0.0,44.66862565942785
2024-11-29,45.826228982164935,34.846793993816384,51.85855939911741,45.826228982164935,45.826228982164935,-1.6123583652352738,-1.6123583652352738,-1.6123583652352738,-0.46345326816426846,-0.46345326816426846,-0.46345326816426846,-1.1489050970710053,-1.1489050970710053,-1.1489050970710053,0.0,0.0,0.0,44.21387061692966
2024-11-30,45.826553306021395,35.750854591203506,53.40114649496701,45.826553306021395,45.826553306021395,-1.6011364850707877,-1.6011364850707877,-1.6011364850707877,-0.3933697500198223,-0.3933697500198223,-0.3933697500198223,-1.2077667350509653,-1.2077667350509653,-1.2077667350509653,0.0,0.0,0.0,44.225416820950606
2024-12-01,45.82687762987784,36.8934954116048,53.24069260804971,45.82687762987784,45.82687762987784,-0.6155508530380766,-0.6155508530380766,-0.6155508530380766,0.6352679616042172,0.6352679616042172,0.6352679616042172,-1.2508188146422938,-1.2508188146422938,-1.2508188146422938,0.0,0.0,0.0,45.21132677683976
2024-12-02,45.82720195373429,35.71731943545259,53.31386722317122,45.82720195373429,45.82720195373429,-1.0649918260311262,-1.0649918260311262,-1.0649918260311262,0.21329333042463472,0.21329333042463472,0.21329333042463472,-1.278285156455761,-1.278285156455761,-1.278285156455761,0.0,0.0,0.0,44.76221012770316
2024-12-03,45.82752627759074,36.031977267208,52.893768270631114,45.82752627759074,45.82752627759074,-1.0615672102821285,-1.0615672102821285,-1.0615672102821285,0.22905847395081433,0.22905847395081433,0.22905847395081433,-1.2906256842329429,-1.2906256842329429,-1.2906256842329429,0.0,0.0,0.0,44.765959067308614
2024-12-04,45.82785060144719,35.49003914338776,52.362909580556035,45.82785060144719,45.82785060144719,-1.4262960938617788,-1.4262960938617788,-1.4262960938617788,-0.13778026545241814,-0.13778026545241814,-0.13778026545241814,-1.2885158284093607,-1.2885158284093607,-1.2885158284093607,0.0,0.0,0.0,44.40155450758541
2024-12-05,45.82817492530364,36.550019213434034,52.52334703970552,45.82817492530364,45.82817492530364,-1.3558387279688977,-1.3558387279688977,-1.3558387279688977,-0.08301648234131812,-0.08301648234131812,-0.08301648234131812,-1.2728222456275795,-1.2728222456275795,-1.2728222456275795,0.0,0.0,0.0,44.47233619733475
2024-12-06,45.82849924916009,35.81848118448246,52.031932755190134,45.82849924916009,45.82849924916009,-1.7080287715045146,-1.7080287715045146,-1.7080287715045146,-0.46345326816562077,-0.46345326816562077,-0.46345326816562077,-1.244575503338894,-1.244575503338894,-1.244575503338894,0.0,0.0,0.0,44.12047047765557
2024-12-07,45.82882357301654,35.69165324458852,53.11011220878818,45.82882357301654,45.82882357301654,-1.598310182782083,-1.598310182782083,-1.598310182782083,-0.3933697500196132,-0.3933697500196132,-0.3933697500196132,-1.2049404327624695,-1.2049404327624695,-1.2049404327624695,0.0,0.0,0.0,44.23051339023446
2024-12-08,45.829147896872996,37.15982725703312,53.93974980953676,45.829147896872996,45.829147896872996,-0.519916929011602,-0.519916929011602,-0.519916929011602,0.6352679616021593,0.6352679616021593,0.6352679616021593,-1.1551848906137614,-1.1551848906137614,-1.1551848906137614,0.0,0.0,0.0,45.309230967861396
2024-12-09,45.82947222072944,36.85968518291584,53.43586989657794,45.82947222072944,45.82947222072944,-0.883354359192757,-0.883354359192757,-0.883354359192757,0.21329333042434104,0.21329333042434104,0.21329333042434104,-1.096647689617098,-1.096647689617098,-1.096647689617098,0.0,0.0,0.0,44.946117861536685
2024-12-10,45.82979654458589,36.62239096417602,53.23772284754838,45.82979654458589,45.82979654458589,-0.8016479856980783,-0.8016479856980783,-0.8016479856980783,0.22905847395047238,0.22905847395047238,0.22905847395047238,-1.0307064596485507,-1.0307064596485507,-1.0307064596485507,0.0,0.0,0.0,45.028148558887814
2024-12-11,45.83012086844234,36.23630129084242,52.98647249476181,45.83012086844234,45.83012086844234,-1.096526451116024,-1.096526451116024,-1.096526451116024,-0.13778026545335148,-0.13778026545335148,-0.13778026545335148,-0.9587461856626727,-0.9587461856626727,-0.9587461856626727,0.0,0.0,0.0,44.733594417326316
2024-12-12,45.83044519229879,36.51584261470153,54.16095519703906,45.83044519229879,45.83044519229879,-0.9651456182531042,-0.9651456182531042,-0.9651456182531042,-0.08301648234037355,-0.08301648234037355,-0.08301648234037355,-0.8821291359127306,-0.8821291359127306,-0.8821291359127306,0.0,0.0,0.0,44.865299574045686
2024-12-13,45.83076951615524,36.591114712571176,53.06837841921599,45.83076951615524,45.83076951615524,-1.2656201135455203,-1.2656201135455203,-1.2656201135455203,-0.4634532681646281,-0.4634532681646281,-0.4634532681646281,-0.8021668453808921,-0.8021668453808921,-0.8021668453808921,0.0,0.0,0.0,44.56514940260972
2024-12-14,45.8310938400117,36.64086209399337,53.18616829293916,45.8310938400117,45.8310938400117,-1.113464506156129,-1.113464506156129,-1.113464506156129,-0.3933697500194043,-0.3933697500194043,-0.3933697500194043,-0.7200947561367248,-0.7200947561367248,-0.7200947561367248,0.0,0.0,0.0,44.71762933385557
2024-12-15,45.83141816386814,37.3525690991869,54.104388550415045,45.83141816386814,45.83141816386814,-0.0017820785367436915,-0.0017820785367436915,-0.0017820785367436915,0.6352679616033441,0.6352679616033441,0.6352679616033441,-0.6370500401400877,-0.6370500401400877,-0.6370500401400877,0.0,0.0,0.0,45.8296360853314
2024-12-16,45.83174248772459,36.56300621517465,53.95777801387272,45.83174248772459,45.83174248772459,-0.3407597123538669,-0.3407597123538669,-0.3407597123538669,0.21329333042406895,0.21329333042406895,0.21329333042406895,-0.5540530427779358,-0.5540530427779358,-0.5540530427779358,0.0,0.0,0.0,45.490982775370725
2024-12-17,45.83206681158104,37.47273088771082,53.825958804914755,45.83206681158104,45.83206681158104,-0.24293421532944942,-0.24293421532944942,-0.24293421532944942,0.22905847395083923,0.22905847395083923,0.22905847395083923,-0.4719926892802887,-0.4719926892802887,-0.4719926892802887,0.0,0.0,0.0,45.589132596251595
2024-12-18,45.83239113543749,36.97597994207045,53.21239950674581,45.83239113543749,45.83239113543749,-0.5293963588889898,-0.5293963588889898,-0.5293963588889898,-0.13778026545301844,-0.13778026545301844,-0.13778026545301844,-0.39161609343597137,-0.39161609343597137,-0.39161609343597137,0.0,0.0,0.0,45.3029947765485
2024-12-19,45.83271545929394,37.79085750527643,54.10290852210174,45.83271545929394,45.83271545929394,-0.3965389835284937,-0.3965389835284937,-0.3965389835284937,-0.08301648233942902,-0.08301648233942902,-0.08301648233942902,-0.3135225011890647,-0.3135225011890647,-0.3135225011890647,0.0,0.0,0.0,45.43617647576544
2024-12-20,45.8330397831504,36.90394648410711,52.788359488488275,45.8330397831504,45.8330397831504,-0.7016148613913311,-0.7016148613913311,-0.7016148613913311,-0.46345326816598054,-0.46345326816598054,-0.46345326816598054,-0.2381615932253506,-0.2381615932253506,-0.2381615932253506,0.0,0.0,0.0,45.13142492175906
2024-12-21,45.833364107006844,36.47696770890199,53.29898809727058,45.833364107006844,45.833364107006844,-0.5592058131400568,-0.5592058131400568,-0.5592058131400568,-0.3933697500191952,-0.3933697500191952,-0.3933697500191952,-0.1658360631208617,-0.1658360631208617,-0.1658360631208617,0.0,0.0,0.0,45.27415829386679
2024-12-22,45.83368843086329,37.89349119600494,54.364305829351025,45.83368843086329,45.83368843086329,0.5385596781517235,0.5385596781517235,0.5385596781517235,0.6352679616038394,0.6352679616038394,0.6352679616038394,-0.09670828345211586,-0.09670828345211586,-0.09670828345211586,0.0,0.0,0.0,46.37224810901501
2024-12-23,45.834012754719744,37.43614532494401,53.7524845580247,45.834012754719744,45.834012754719744,0.18248255653334702,0.18248255653334702,0.18248255653334702,0.21329333042377524,0.21329333042377524,0.21329333042377524,-0.030810773890428217,-0.030810773890428217,-0.030810773890428217,0.0,0.0,0.0,46.01649531125309
2024-12-24,45.83433707857619,37.37263207420111,54.6847355006001,45.83433707857619,45.83433707857619,0.26099837905779555,0.26099837905779555,0.26099837905779555,0.22905847395149181,0.22905847395149181,0.22905847395149181,0.03193990510630375,0.03193990510630375,0.03193990510630375,0.0,0.0,0.0,46.095335457633986
2024-12-25,45.83466140243264,37.35643268623309,54.14394078923545,45.83466140243264,45.83466140243264,-0.04605397568011995,-0.04605397568011995,-0.04605397568011995,-0.13778026545268546,-0.13778026545268546,-0.13778026545268546,0.09172628977256551,0.09172628977256551,0.09172628977256551,0.0,0.0,0.0,45.78860742675252
2024-12-26,45.8349857262891,37.65228941502214,53.73387311229908,45.8349857262891,45.8349857262891,0.06579422471045095,0.06579422471045095,0.06579422471045095,-0.08301648234163071,-0.08301648234163071,-0.08301648234163071,0.14881070705208166,0.14881070705208166,0.14881070705208166,0.0,0.0,0.0,45.90077995099955
2024-12-27,45.835310050145544,36.982146541690874,53.94543015506568,45.835310050145544,45.835310050145544,-0.2599391623329568,-0.2599391623329568,-0.2599391623329568,-0.4634532681641962,-0.4634532681641962,-0.4634532681641962,0.2035141058312394,0.2035141058312394,0.2035141058312394,0.0,0.0,0.0,45.57537088781259
2024-12-28,45.835634374002,37.07807970004458,54.14094385483454,45.835634374002,45.835634374002,-0.13717610311223413,-0.13717610311223413,-0.13717610311223413,-0.3933697500177333,-0.3933697500177333,-0.3933697500177333,0.2561936469054992,0.2561936469054992,0.2561936469054992,0.0,0.0,0.0,45.698458270889766
2024-12-29,45.835958697858445,38.01357354926112,55.02994583697081,45.835958697858445,45.835958697858445,0.9424876603399837,0.9424876603399837,0.9424876603399837,0.6352679616024707,0.6352679616024707,0.6352679616024707,0.307219698737513,0.307219698737513,0.307219698737513,0.0,0.0,0.0,46.77844635819843
2024-12-30,45.83628302171489,37.95024644218665,55.25791712340436,45.83628302171489,45.83628302171489,0.5702462262039333,0.5702462262039333,0.5702462262039333,0.21329333042348156,0.21329333042348156,0.21329333042348156,0.3569528957804517,0.3569528957804517,0.3569528957804517,0.0,0.0,0.0,46.406529247918826
2024-12-31,45.836607345571345,38.854675318322805,54.767461316703915,45.836607345571345,45.836607345571345,0.6347803838842547,0.6347803838842547,0.6347803838842547,0.22905847395185866,0.22905847395185866,0.22905847395185866,0.4057219099323961,0.4057219099323961,0.4057219099323961,0.0,0.0,0.0,46.4713877294556
2025-01-01,45.83693166942779,37.77428067034519,54.3421629438158,45.83693166942779,45.83693166942779,0.3160222983082932,0.3160222983082932,0.3160222983082932,-0.1377802654523524,-0.1377802654523524,-0.1377802654523524,0.4538025637606456,0.4538025637606456,0.4538025637606456,0.0,0.0,0.0,46.15295396773608
2025-01-02,45.837255993284245,37.9338131972803,55.05373632449308,45.837255993284245,45.837255993284245,0.41838239474915867,0.41838239474915867,0.41838239474915867,-0.08301648234068618,-0.08301648234068618,-0.08301648234068618,0.5013988770898448,0.5013988770898448,0.5013988770898448,0.0,0.0,0.0,46.255638388033404
2025-01-03,45.8375803171407,38.002539264041545,54.665618147996796,45.8375803171407,45.8375803171407,0.08517331913119827,0.08517331913119827,0.08517331913119827,-0.4634532681655485,-0.4634532681655485,-0.4634532681655485,0.5486265872967467,0.5486265872967467,0.5486265872967467,0.0,0.0,0.0,45.9227536362719
2025-01-04,45.837904640997145,37.21705091672552,54.088248024173,45.837904640997145,45.837904640997145,0.2021298694097723,0.2021298694097723,0.2021298694097723,-0.3933697500202462,-0.3933697500202462,-0.3933697500202462,0.5954996194300185,0.5954996194300185,0.5954996194300185,0.0,0.0,0.0,46.04003451040692
2025-01-05,45.83822896485359,39.03736851360273,55.969731173158635,45.83822896485359,45.83822896485359,1.277187868232883,1.277187868232883,1.277187868232883,0.6352679616022767,0.6352679616022767,0.6352679616022767,0.6419199066306063,0.6419199066306063,0.6419199066306063,0.0,0.0,0.0,47.11541683308648
2025-01-06,45.838553288710045,38.29535175606638,54.94025953057494,45.838553288710045,45.838553288710045,0.9009642064255816,0.9009642064255816,0.9009642064255816,0.2132933304232093,0.2132933304232093,0.2132933304232093,0.6876708760023723,0.6876708760023723,0.6876708760023723,0.0,0.0,0.0,46.73951749513563
2025-01-07,45.83887761256649,38.290465368763776,55.73427422102896,45.83887761256649,45.83887761256649,0.961473296064947,0.961473296064947,0.961473296064947,0.22905847395080797,0.22905847395080797,0.22905847395080797,0.7324148221141391,0.7324148221141391,0.7324148221141391,0.0,0.0,0.0,46.80035090863144
2025-01-08,45.839201936422945,37.69977108692822,54.804778107521564,45.839201936422945,45.839201936422945,0.6379140263731322,0.6379140263731322,0.6379140263731322,-0.13778026545226585,-0.13778026545226585,-0.13778026545226585,0.7756942918253981,0.7756942918253981,0.7756942918253981,0.0,0.0,0.0,46.47711596279608
2025-01-09,45.8395262602794,38.198783353240756,55.36607268264054,45.8395262602794,45.8395262602794,0.733921020082087,0.733921020082087,0.733921020082087,-0.08301648233982517,-0.08301648233982517,-0.08301648233982517,0.8169375024219121,0.8169375024219121,0.8169375024219121,0.0,0.0,0.0,46.573447280361485
2025-01-10,45.839850584135846,37.83963828922206,54.19748808110841,45.839850584135846,45.839850584135846,0.3920144443004835,0.3920144443004835,0.3920144443004835,-0.46345326816690074,-0.46345326816690074,-0.46345326816690074,0.8554677124673842,0.8554677124673842,0.8554677124673842,0.0,0.0,0.0,46.23186502843633
2025-01-11,45.84017490799229,37.71257317762979,54.12711456560343,45.84017490799229,45.84017490799229,0.49714661367606183,0.49714661367606183,0.49714661367606183,-0.3933697500187843,-0.3933697500187843,-0.3933697500187843,0.8905163636948461,0.8905163636948461,0.8905163636948461,0.0,0.0,0.0,46.33732152166836
2025-01-12,45.840499231848746,38.48077368937029,55.618165748429284,45.840499231848746,45.840499231848746,1.5565076766161845,1.5565076766161845,1.5565076766161845,0.6352679616027721,0.6352679616027721,0.6352679616027721,0.9212397150134122,0.9212397150134122,0.9212397150134122,0.0,0.0,0.0,47.39700690846493
2025-01-13,45.84082355570519,37.94765630496204,55.28145394531796,45.84082355570519,45.84082355570519,1.1600319289595848,1.1600319289595848,1.1600319289595848,0.21329333042291562,0.21329333042291562,0.21329333042291562,0.9467385985366691,0.9467385985366691,0.9467385985366691,0.0,0.0,0.0,47.000855484664775
2025-01-14,45.84114787956164,37.913962374918825,55.33758906160441,45.84114787956164,45.84114787956164,1.1951393185354076,1.1951393185354076,1.1951393185354076,0.22905847395117485,0.22905847395117485,0.22905847395117485,0.9660808445842328,0.9660808445842328,0.9660808445842328,0.0,0.0,0.0,47.03628719809705
2025-01-15,45.8414722034181,37.71991418028224,55.6158662167384,45.8414722034181,45.8414722034181,0.8405455843356344,0.8405455843356344,0.8405455843356344,-0.13778026545193287,-0.13778026545193287,-0.13778026545193287,0.9783258497875673,0.9783258497875673,0.9783258497875673,0.0,0.0,0.0,46.682017787753736
2025-01-16,45.841796527274546,38.813968959281425,55.37805249620841,45.841796527274546,45.841796527274546,0.8995342191278255,0.8995342191278255,0.8995342191278255,-0.0830164823388806,-0.0830164823388806,-0.0830164823388806,0.9825507014667061,0.9825507014667061,0.9825507014667061,0.0,0.0,0.0,46.74133074640237
2025-01-17,45.842120851131,38.144152862661024,55.15915121710808,45.842120851131,45.842120851131,0.5144239556427029,0.5144239556427029,0.5144239556427029,-0.46345326816511645,-0.46345326816511645,-0.46345326816511645,0.9778772238078194,0.9778772238078194,0.9778772238078194,0.0,0.0,0.0,46.356544806773705
2025-01-18,45.842445174987446,38.317849345364394,54.38292442942518,45.842445174987446,45.842445174987446,0.5701295281838813,0.5701295281838813,0.5701295281838813,-0.39336975002108104,-0.39336975002108104,-0.39336975002108104,0.9634992782049624,0.9634992782049624,0.9634992782049624,0.0,0.0,0.0,46.41257470317133
2025-01-19,45.84276949884389,39.005401241419534,55.872475548781594,45.84276949884389,45.84276949884389,1.5739775938992957,1.5739775938992957,1.5739775938992957,0.6352679616032676,0.6352679616032676,0.6352679616032676,0.9387096322960282,0.9387096322960282,0.9387096322960282,0.0,0.0,0.0,47.416747092743186
2025-01-20,45.84309382270035,38.716835067407395,55.799354596598334,45.84309382270035,45.84309382270035,1.1162190406615657,1.1162190406615657,1.1162190406615657,0.2132933304242044,0.2132933304242044,0.2132933304242044,0.9029257102373615,0.9029257102373615,0.9029257102373615,0.0,0.0,0.0,46.959312863361916
2025-01-21,45.8434181465568,38.51408421147362,55.40143006558773,45.8434181465568,45.8434181465568,1.0847720247155996,1.0847720247155996,1.0847720247155996,0.22905847395154164,0.22905847395154164,0.22905847395154164,0.8557135507640581,0.8557135507640581,0.8557135507640581,0.0,0.0,0.0,46.9281901712724
2025-01-22,45.84374247041325,38.193665469329325,55.661146399738016,45.84374247041325,45.84374247041325,0.6590290639653652,0.6590290639653652,0.6590290639653652,-0.13778026545286615,-0.13778026545286615,-0.13778026545286615,0.7968093294182315,0.7968093294182315,0.7968093294182315,0.0,0.0,0.0,46.50277153437861
2025-01-23,45.8440667942697,37.71030563818079,54.894258786718055,45.8440667942697,45.8440667942697,0.6431213640750306,0.6431213640750306,0.6431213640750306,-0.0830164823395092,-0.0830164823395092,-0.0830164823395092,0.7261378464145399,0.7261378464145399,0.7261378464145399,0.0,0.0,0.0,46.48718815834473
2025-01-24,45.84439111812615,38.31627611693814,54.682993104423375,45.84439111812615,45.84439111812615,0.1803741729369784,0.1803741729369784,0.1803741729369784,-0.4634532681664688,-0.4634532681664688,-0.4634532681664688,0.6438274411034473,0.6438274411034473,0.6438274411034473,0.0,0.0,0.0,46.024765291063126
2025-01-25,45.84471544198259,38.47280214533035,54.76494173260707,45.84471544198259,45.84471544198259,0.1568511166326492,0.1568511166326492,0.1568511166326492,-0.39336975002234104,-0.39336975002234104,-0.39336975002234104,0.5502208666549903,0.5502208666549903,0.5502208666549903,0.0,0.0,0.0,46.001566558615245
2025-01-26,45.84503976583905,39.073669324762726,55.34582293785815,45.84503976583905,45.84503976583905,1.0811497045396714,1.0811497045396714,1.0811497045396714,0.635267961603763,0.635267961603763,0.635267961603763,0.4458817429359085,0.4458817429359085,0.4458817429359085,0.0,0.0,0.0,46.926189470378716
2025-01-27,45.845364089695494,37.95485525415331,54.857215370432456,45.845364089695494,45.845364089695494,0.5448896302309093,0.5448896302309093,0.5448896302309093,0.21329333042391072,0.21329333042391072,0.21329333042391072,0.33159629980699873,0.33159629980699873,0.33159629980699873,0.0,0.0,0.0,46.390253719926406
2025-01-28,45.84568841355195,37.3622594983689,55.17445337095182,45.84568841355195,45.84568841355195,0.4374286991692145,0.4374286991692145,0.4374286991692145,0.229058473950491,0.229058473950491,0.229058473950491,0.20837022521872345,0.20837022521872345,0.20837022521872345,0.0,0.0,0.0,46.283117112721165
2025-01-29,45.8460127374084,36.64515062202336,53.81658561704838,45.8460127374084,45.8460127374084,-0.06035972509591207,-0.06035972509591207,-0.06035972509591207,-0.13778026545126681,-0.13778026545126681,-0.13778026545126681,0.07742054035535473,0.07742054035535473,0.07742054035535473,0.0,0.0,0.0,45.78565301231249
2025-01-30,45.84633706126485,37.247640672004465,54.337177285300015,45.84633706126485,45.84633706126485,-0.14285394703536952,-0.14285394703536952,-0.14285394703536952,-0.08301648234013775,-0.08301648234013775,-0.08301648234013775,-0.059837464695231754,-0.059837464695231754,-0.059837464695231754,0.0,0.0,0.0,45.70348311422948
2025-01-31,45.846661385121294,36.42103388498602,53.32823309710708,45.846661385121294,45.846661385121294,-0.6652613572459297,-0.6652613572459297,-0.6652613572459297,-0.4634532681654761,-0.4634532681654761,-0.4634532681654761,-0.20180808908045356,-0.20180808908045356,-0.20180808908045356,0.0,0.0,0.0,45.18140002787536
2025-02-01,45.84698570897775,36.33905376932536,53.44004373371979,45.84698570897775,45.84698570897775,-0.740107366854539,-0.740107366854539,-0.740107366854539,-0.39336975002213204,-0.39336975002213204,-0.39336975002213204,-0.346737616832407,-0.346737616832407,-0.346737616832407,0.0,0.0,0.0,45.10687834212321
2025-02-02,45.847310032834194,37.91971174716861,54.476522575925415,45.847310032834194,45.847310032834194,0.14252707451634133,0.14252707451634133,0.14252707451634133,0.6352679616035689,0.6352679616035689,0.6352679616035689,-0.4927408870872275,-0.4927408870872275,-0.4927408870872275,0.0,0.0,0.0,45.98983710735054
2025-02-03,45.84763435669065,36.81780232912183,53.52815675541453,45.84763435669065,45.84763435669065,-0.42453824525721096,-0.42453824525721096,-0.42453824525721096,0.21329333042362783,0.21329333042362783,0.21329333042362783,-0.6378315756808388,-0.6378315756808388,-0.6378315756808388,0.0,0.0,0.0,45.42309611143344
2025-02-04,45.8479586805471,37.11935939124941,53.94447391453478,45.8479586805471,45.8479586805471,-0.550897159437291,-0.550897159437291,-0.550897159437291,0.22905847395185236,0.22905847395185236,0.22905847395185236,-0.7799556333891434,-0.7799556333891434,-0.7799556333891434,0.0,0.0,0.0,45.29706152110981
2025-02-05,45.84828300440355,36.55826510140514,52.80164915532403,45.84828300440355,45.84828300440355,-1.0548075107612815,-1.0548075107612815,-1.0548075107612815,-0.13778026545244662,-0.13778026545244662,-0.13778026545244662,-0.9170272453088351,-0.9170272453088351,-0.9170272453088351,0.0,0.0,0.0,44.79347549364227
2025-02-06,45.848607328259995,36.633538025726516,52.64136684208523,45.848607328259995,45.848607328259995,-1.129983090192737,-1.129983090192737,-1.129983090192737,-0.08301648234076632,-0.08301648234076632,-0.08301648234076632,-1.0469666078519708,-1.0469666078519708,-1.0469666078519708,0.0,0.0,0.0,44.71862423806726
2025-02-07,45.84893165211645,35.67732462298435,52.478862872764914,45.84893165211645,45.84893165211645,-1.6311920343105295,-1.6311920343105295,-1.6311920343105295,-0.4634532681668285,-0.4634532681668285,-0.4634532681668285,-1.1677387661437009,-1.1677387661437009,-1.1677387661437009,0.0,0.0,0.0,44.21773961780592
2025-02-08,45.849255975972895,35.47380509030856,52.066396153076475,45.849255975972895,45.849255975972895,-1.670762466665235,-1.670762466665235,-1.670762466665235,-0.3933697500206701,-0.3933697500206701,-0.3933697500206701,-1.2773927166445649,-1.2773927166445649,-1.2773927166445649,0.0,0.0,0.0,44.17849350930766
2025-02-09,45.84958029982934,36.662464837320286,53.79039953221211,45.84958029982934,45.84958029982934,-0.7388319970181374,-0.7388319970181374,-0.7388319970181374,0.6352679616047535,0.6352679616047535,0.6352679616047535,-1.374099958622891,-1.374099958622891,-1.374099958622891,0.0,0.0,0.0,45.1107483028112
2025-02-10,45.8499046236858,36.133823829638004,53.67328317485481,45.8499046236858,45.8499046236858,-1.2428983438673935,-1.2428983438673935,-1.2428983438673935,0.21329333042334486,0.21329333042334486,0.21329333042334486,-1.4561916742907384,-1.4561916742907384,-1.4561916742907384,0.0,0.0,0.0,44.60700627981841
2025-02-11,45.85022894754225,35.53617250472627,52.52478234970248,45.85022894754225,45.85022894754225,-1.2931352574299824,-1.2931352574299824,-1.2931352574299824,0.22905847395080167,0.22905847395080167,0.22905847395080167,-1.522193731380784,-1.522193731380784,-1.522193731380784,0.0,0.0,0.0,44.55709369011227
2025-02-12,45.8505532713987,35.246980373390514,52.9834562190265,45.8505532713987,45.8505532713987,-1.708638998975092,-1.708638998975092,-1.708638998975092,-0.13778026545211358,-0.13778026545211358,-0.13778026545211358,-1.5708587335229784,-1.5708587335229784,-1.5708587335229784,0.0,0.0,0.0,44.14191427242361
2025-02-13,45.85087759525515,36.147981093560084,52.63671521634783,45.85087759525515,45.85087759525515,-1.684210874925312,-1.684210874925312,-1.684210874925312,-0.08301648233982176,-0.08301648233982176,-0.08301648233982176,-1.6011943925854903,-1.6011943925854903,-1.6011943925854903,0.0,0.0,0.0,44.166666720329836
2025-02-14,45.851201919111595,35.072544917656295,51.23188325513405,45.851201919111595,45.851201919111595,-2.075940830472754,-2.075940830472754,-2.075940830472754,-0.4634532681666125,-0.4634532681666125,-0.4634532681666125,-1.6124875623061414,-1.6124875623061414,-1.6124875623061414,0.0,0.0,0.0,43.77526108863884
2025-02-15,45.85152624296805,35.539247297769265,52.42767184609954,45.85152624296805,45.85152624296805,-1.9976931028748632,-1.9976931028748632,-1.9976931028748632,-0.3933697500192082,-0.3933697500192082,-0.3933697500192082,-1.6043233528556553,-1.6043233528556553,-1.6043233528556553,0.0,0.0,0.0,43.85383314009319
2025-02-16,45.8518505668245,36.34983119643793,53.34014488545469,45.8518505668245,45.8518505668245,-0.9413308783262436,-0.9413308783262436,-0.9413308783262436,0.6352679616026957,0.6352679616026957,0.6352679616026957,-1.5765988399289392,-1.5765988399289392,-1.5765988399289392,0.0,0.0,0.0,44.91051968849826
2025-02-17,45.85217489068095,35.80141448680795,53.06550467232363,45.85217489068095,45.85217489068095,-1.31623765724012,-1.31623765724012,-1.31623765724012,0.21329333042306198,0.21329333042306198,0.21329333042306198,-1.529530987663182,-1.529530987663182,-1.529530987663182,0.0,0.0,0.0,44.535937233440826
2025-02-18,45.8524992145374,36.547062190252646,53.02958532224089,45.8524992145374,45.8524992145374,-1.2346000460756856,-1.2346000460756856,-1.2346000460756856,0.22905847395116855,0.22905847395116855,0.22905847395116855,-1.4636585200268541,-1.4636585200268541,-1.4636585200268541,0.0,0.0,0.0,44.61789916846172
2025-02-19,45.85282353839385,35.89337274534444,52.47728894752594,45.85282353839385,45.85282353839385,-1.5176178633864454,-1.5176178633864454,-1.5176178633864454,-0.13778026545304684,-0.13778026545304684,-0.13778026545304684,-1.3798375979333986,-1.3798375979333986,-1.3798375979333986,0.0,0.0,0.0,44.3352056750074
2025-02-20,45.853147862250296,35.88590290161142,52.82061364559946,45.853147862250296,45.853147862250296,-1.3622477689974741,-1.3622477689974741,-1.3622477689974741,-0.08301648234202347,-0.08301648234202347,-0.08301648234202347,-1.2792312866554505,-1.2792312866554505,-1.2792312866554505,0.0,0.0,0.0,44.49090009325282
2025-02-21,45.85347218610675,36.52249649336275,52.6242967617443,45.85347218610675,45.85347218610675,-1.6267461956451572,-1.6267461956451572,-1.6267461956451572,-0.4634532681640516,-0.4634532681640516,-0.4634532681640516,-1.1632929274811057,-1.1632929274811057,-1.1632929274811057,0.0,0.0,0.0,44.226725990461595
2025-02-22,45.853796509963196,36.03142276864454,52.91839214788231,45.853796509963196,45.853796509963196,-1.4271134061947786,-1.4271134061947786,-1.4271134061947786,-0.3933697500202521,-0.3933697500202521,-0.3933697500202521,-1.0337436561745266,-1.0337436561745266,-1.0337436561745266,0.0,0.0,0.0,44.42668310376842
2025-02-23,45.85412083381965,37.433077956119185,54.77530751518534,45.85412083381965,45.85412083381965,-0.2572764743455645,-0.2572764743455645,-0.2572764743455645,0.635267961603191,0.635267961603191,0.635267961603191,-0.8925444359487554,-0.8925444359487554,-0.8925444359487554,0.0,0.0,0.0,45.59684435947408
2025-02-24,45.8544451576761,36.21467700953168,54.565506624979925,45.8544451576761,45.8544451576761,-0.5285697611169204,-0.5285697611169204,-0.5285697611169204,0.21329333042276827,0.21329333042276827,0.21329333042276827,-0.7418630915396887,-0.7418630915396887,-0.7418630915396887,0.0,0.0,0.0,45.325875396559184
2025-02-25,45.85476948153255,37.531301779280334,54.159036746491466,45.85476948153255,45.85476948153255,-0.3549784670687798,-0.3549784670687798,-0.3549784670687798,0.22905847395082662,0.22905847395082662,0.22905847395082662,-0.5840369410196063,-0.5840369410196063,-0.5840369410196063,0.0,0.0,0.0,45.49979101446377
2025-02-26,45.855093805389,36.36866565734161,53.95842386216797,45.855093805389,45.855093805389,-0.5593119861409899,-0.5593119861409899,-0.5593119861409899,-0.13778026545398014,-0.13778026545398014,-0.13778026545398014,-0.42153172068700967,-0.42153172068700967,-0.42153172068700967,0.0,0.0,0.0,45.295781819248006
2025-02-27,45.85541812924545,37.488005260455225,53.51039340813426,45.85541812924545,45.85541812924545,-0.33991406585166306,-0.33991406585166306,-0.33991406585166306,-0.08301648233958936,-0.08301648233958936,-0.08301648233958936,-0.25689758351207365,-0.25689758351207365,-0.25689758351207365,0.0,0.0,0.0,45.515504063393784
2025-02-28,45.8557424531019,36.66338542396755,53.21104327824646,45.8557424531019,45.8557424531019,-0.5561762893422822,-0.5561762893422822,-0.5561762893422822,-0.4634532681638356,-0.4634532681638356,-0.4634532681638356,-0.09272302117844658,-0.09272302117844658,-0.09272302117844658,0.0,0.0,0.0,45.299566163759614
2025-03-01,45.85606677695836,36.85072202408397,53.85840652128836,45.85606677695836,45.85606677695836,-0.32495736214170884,-0.32495736214170884,-0.32495736214170884,-0.39336975001879015,-0.39336975001879015,-0.39336975001879015,0.0684123878770813,0.0684123878770813,0.0684123878770813,0.0,0.0,0.0,45.53110941481665
2025-03-02,45.856391100814804,37.97801925562682,54.686395246478625,45.856391100814804,45.856391100814804,0.8592534297961537,0.8592534297961537,0.8592534297961537,0.6352679616029971,0.6352679616029971,0.6352679616029971,0.22398546819315657,0.22398546819315657,0.22398546819315657,0.0,0.0,0.0,46.71564453061096
2025-03-03,45.85671542467125,38.06097498007651,54.92153306413055,45.85671542467125,45.85671542467125,0.5848695546091446,0.5848695546091446,0.5848695546091446,0.21329333042406778,0.21329333042406778,0.21329333042406778,0.3715762241850768,0.3715762241850768,0.3715762241850768,0.0,0.0,0.0,46.44158497928039
2025-03-04,45.857039748527704,37.8385743469718,54.955223837797654,45.857039748527704,45.857039748527704,0.7379714331479367,0.7379714331479367,0.7379714331479367,0.22905847395147924,0.22905847395147924,0.22905847395147924,0.5089129591964574,0.5089129591964574,0.5089129591964574,0.0,0.0,0.0,46.59501118167564
2025-03-05,45.85736407238415,37.98755064304563,55.27747416938213,45.85736407238415,45.85736407238415,0.4961345518361062,0.4961345518361062,0.4961345518361062,-0.13778026545238084,-0.13778026545238084,-0.13778026545238084,0.633914817288487,0.633914817288487,0.633914817288487,0.0,0.0,0.0,46.35349862422026
2025-03-06,45.8576883962406,38.26072241711963,55.20461782850084,45.8576883962406,45.8576883962406,0.6617143913205921,0.6617143913205921,0.6617143913205921,-0.08301648234021791,-0.08301648234021791,-0.08301648234021791,0.74473087366081,0.74473087366081,0.74473087366081,0.0,0.0,0.0,46.51940278756119
2025-03-07,45.85801272009705,37.30610456111579,54.09510747142555,45.85801272009705,45.85801272009705,0.37632169560696355,0.37632169560696355,0.37632169560696355,-0.46345326816518784,-0.46345326816518784,-0.46345326816518784,0.8397749637721513,0.8397749637721513,0.8397749637721513,0.0,0.0,0.0,46.23433441570401
2025-03-08,45.858337043953505,37.84170378681928,54.91515787123753,45.858337043953505,45.858337043953505,0.5243857730719709,0.5243857730719709,0.5243857730719709,-0.39336975001858115,-0.39336975001858115,-0.39336975001858115,0.9177555230905521,0.9177555230905521,0.9177555230905521,0.0,0.0,0.0,46.382722817025474
2025-03-09,45.85866136780995,38.90646021158567,56.078986927533606,45.85866136780995,45.85866136780995,1.612967768944123,1.612967768944123,1.612967768944123,0.6352679616028031,0.6352679616028031,0.6352679616028031,0.9776998073413199,0.9776998073413199,0.9776998073413199,0.0,0.0,0.0,47.471629136754075
2025-03-10,45.858985691666405,38.61422619126201,55.1670571937457,45.858985691666405,45.858985691666405,1.2322653055809054,1.2322653055809054,1.2322653055809054,0.2132933304237741,0.2132933304237741,0.2132933304237741,1.0189719751571311,1.0189719751571311,1.0189719751571311,0.0,0.0,0.0,47.09125099724731
2025-03-11,45.85931001552285,38.260419441161076,55.59315853169048,45.85931001552285,45.85931001552285,1.2703431128161269,1.2703431128161269,1.2703431128161269,0.22905847395113732,0.22905847395113732,0.22905847395113732,1.0412846388649897,1.0412846388649897,1.0412846388649897,0.0,0.0,0.0,47.12965312833898
2025-03-12,45.8596343393793,37.97173922221791,55.16061650294635,45.8596343393793,45.8596343393793,0.9069233567515512,0.9069233567515512,0.9069233567515512,-0.13778026545331418,-0.13778026545331418,-0.13778026545331418,1.0447036222048653,1.0447036222048653,1.0447036222048653,0.0,0.0,0.0,46.766557696130846
2025-03-13,45.85995866323575,38.44219071246702,54.98230508094232,45.85995866323575,45.85995866323575,0.9466293209117853,0.9466293209117853,0.9466293209117853,-0.08301648233927338,-0.08301648233927338,-0.08301648233927338,1.0296458032510587,1.0296458032510587,1.0296458032510587,0.0,0.0,0.0,46.806587984147534
2025-03-14,45.860282987092205,37.39081335101737,54.72647169955817,45.860282987092205,45.860282987092205,0.5334167955576662,0.5334167955576662,0.5334167955576662,-0.46345326816497184,-0.46345326816497184,-0.46345326816497184,0.9968700637226381,0.9968700637226381,0.9968700637226381,0.0,0.0,0.0,46.39369978264987
2025-03-15,45.86060731094865,38.341734277211664,54.91303876278755,45.86060731094865,45.86060731094865,0.5540917591578206,0.5540917591578206,0.5540917591578206,-0.3933697500210941,-0.3933697500210941,-0.3933697500210941,0.9474615091789147,0.9474615091789147,0.9474615091789147,0.0,0.0,0.0,46.41469907010647
2025-03-16,45.860931634805105,39.37144365694878,55.61260804606539,45.860931634805105,45.860931634805105,1.518077226773532,1.518077226773532,1.518077226773532,0.6352679616039878,0.6352679616039878,0.6352679616039878,0.8828092651695442,0.8828092651695442,0.8828092651695442,0.0,0.0,0.0,47.37900886157864
2025-03-17,45.86125595866155,38.44665409638177,55.5494819057864,45.86125595866155,45.86125595866155,1.0178716196263262,1.0178716196263262,1.0178716196263262,0.21329333042350196,0.21329333042350196,0.21329333042350196,0.8045782892028243,0.8045782892028243,0.8045782892028243,0.0,0.0,0.0,46.87912757828788
2025-03-18,45.861580282518,38.30297704645012,55.86005643339484,45.861580282518,45.861580282518,0.943734238375668,0.943734238375668,0.943734238375668,0.22905847395150408,0.22905847395150408,0.22905847395150408,0.714675764424164,0.714675764424164,0.714675764424164,0.0,0.0,0.0,46.80531452089367
2025-03-19,45.86190460637445,38.123439352986416,54.6299238978197,45.86190460637445,45.86190460637445,0.4774324899558325,0.4774324899558325,0.4774324899558325,-0.13778026545298108,-0.13778026545298108,-0.13778026545298108,0.6152127554088136,0.6152127554088136,0.6152127554088136,0.0,0.0,0.0,46.33933709633028
2025-03-20,45.8622289302309,37.79955928748714,54.57993223672806,45.8622289302309,45.8622289302309,0.4254454245076098,0.4254454245076098,0.4254454245076098,-0.08301648233998551,-0.08301648233998551,-0.08301648233998551,0.5084619068475953,0.5084619068475953,0.5084619068475953,0.0,0.0,0.0,46.287674354738506
2025-03-21,45.86255325408735,37.318698236875846,54.59187642143042,45.86255325408735,45.86255325408735,-0.0666412182016626,-0.0666412182016626,-0.0666412182016626,-0.4634532681663242,-0.4634532681663242,-0.4634532681663242,0.39681204996466163,0.39681204996466163,0.39681204996466163,0.0,0.0,0.0,45.79591203588569
2025-03-22,45.862877577943806,37.13476527718404,54.199248573835185,45.862877577943806,45.862877577943806,-0.11064910275240784,-0.11064910275240784,-0.11064910275240784,-0.39336975002088503,-0.39336975002088503,-0.39336975002088503,0.28272064726847723,0.28272064726847723,0.28272064726847723,0.0,0.0,0.0,45.7522284751914
2025-03-23,45.86320190180025,38.409943254738984,54.97737526259599,45.86320190180025,45.86320190180025,0.8039330138233471,0.8039330138233471,0.8039330138233471,0.6352679616037938,0.6352679616037938,0.6352679616037938,0.16866505221955327,0.16866505221955327,0.16866505221955327,0.0,0.0,0.0,46.6671349156236
2025-03-24,45.8635262256567,38.301353537885255,54.95882567667806,45.8635262256567,45.8635262256567,0.2703869159379944,0.2703869159379944,0.2703869159379944,0.21329333042320822,0.21329333042320822,0.21329333042320822,0.05709358551478613,0.05709358551478613,0.05709358551478613,0.0,0.0,0.0,46.1339131415947
2025-03-25,45.86385054951315,37.55221893644011,54.44943811695363,45.86385054951315,45.86385054951315,0.17943590724324993,0.17943590724324993,0.17943590724324993,0.22905847395116222,0.22905847395116222,0.22905847395116222,-0.04962256670791229,-0.04962256670791229,-0.04962256670791229,0.0,0.0,0.0,46.043286456756405
2025-03-26,45.8641748733696,37.78042572725559,53.92621240309888,45.8641748733696,45.8641748733696,-0.2870159109310271,-0.2870159109310271,-0.2870159109310271,-0.13778026545289457,-0.13778026545289457,-0.13778026545289457,-0.1492356454781325,-0.1492356454781325,-0.1492356454781325,0.0,0.0,0.0,45.577158962438574
2025-03-27,45.86449919722606,36.89142172132345,54.334799783810396,45.86449919722606,45.86449919722606,-0.3226813368647342,-0.3226813368647342,-0.3226813368647342,-0.08301648234061407,-0.08301648234061407,-0.08301648234061407,-0.23966485452412017,-0.23966485452412017,-0.23966485452412017,0.0,0.0,0.0,45.54181786036133
2025-03-28,45.864823521082506,36.3827265638188,54.43518786911775,45.864823521082506,45.864823521082506,-0.7824895188587341,-0.7824895188587341,-0.7824895188587341,-0.46345326816453986,-0.46345326816453986,-0.46345326816453986,-0.31903625069419417,-0.31903625069419417,-0.31903625069419417,0.0,0.0,0.0,45.082334002223774
2025-03-29,45.86514784493895,37.06285371661997,53.230568180651446,45.86514784493895,45.86514784493895,-0.7790879303800766,-0.7790879303800766,-0.7790879303800766,-0.3933697500194231,-0.3933697500194231,-0.3933697500194231,-0.3857181803606536,-0.3857181803606536,-0.3857181803606536,0.0,0.0,0.0,45.086059914558874
2025-03-30,45.86547216879541,37.37577382103897,54.41577331518526,45.86547216879541,45.86547216879541,0.19691641208126026,0.19691641208126026,0.19691641208126026,0.6352679616042893,0.6352679616042893,0.6352679616042893,-0.43835154952302896,-0.43835154952302896,-0.43835154952302896,0.0,0.0,0.0,46.062388580876664
2025-03-31,45.86579649265185,36.78636177453288,53.98739891689334,45.86579649265185,45.86579649265185,-0.2625809969523504,-0.2625809969523504,-0.2625809969523504,0.21329333042449702,0.21329333042449702,0.21329333042449702,-0.47587432737684743,-0.47587432737684743,-0.47587432737684743,0.0,0.0,0.0,45.6032154956995
2025-04-01,45.8661208165083,37.1583976834824,53.339737277607966,45.8661208165083,45.8661208165083,-0.2684813341500221,-0.2684813341500221,-0.2684813341500221,0.22905847395152898,0.22905847395152898,0.22905847395152898,-0.49753980810155113,-0.49753980810155113,-0.49753980810155113,0.0,0.0,0.0,45.597639482358275
2025-04-02,45.86644514036475,37.108698776323976,53.35057095171705,45.86644514036475,45.86644514036475,-0.6407085562370927,-0.6407085562370927,-0.6407085562370927,-0.13778026545256153,-0.13778026545256153,-0.13778026545256153,-0.5029282907845312,-0.5029282907845312,-0.5029282907845312,0.0,0.0,0.0,45.22573658412766
2025-04-03,45.86676946422121,36.65554245819876,53.30964725248323,45.86676946422121,45.86676946422121,-0.5749684620798736,-0.5749684620798736,-0.5749684620798736,-0.08301648234124263,-0.08301648234124263,-0.08301648234124263,-0.491951979738631,-0.491951979738631,-0.491951979738631,0.0,0.0,0.0,45.291801002141334
2025-04-04,45.86709378807765,36.92048435157324,53.79928922976912,45.86709378807765,45.86709378807765,-0.9283063219651849,-0.9283063219651849,-0.9283063219651849,-0.46345326816589216,-0.46345326816589216,-0.46345326816589216,-0.4648530537992927,-0.4648530537992927,-0.4648530537992927,0.0,0.0,0.0,44.938787466112466
2025-04-05,45.86741811193411,36.728449918935944,53.78683168742961,45.86741811193411,45.86741811193411,-0.8155647502564325,-0.8155647502564325,-0.8155647502564325,-0.3933697500192141,-0.3933697500192141,-0.3933697500192141,-0.42219500023721834,-0.42219500023721834,-0.42219500023721834,0.0,0.0,0.0,45.05185336167767
2025-04-06,45.867742435790554,38.13294885512146,55.485328229353755,45.867742435790554,45.867742435790554,0.2704205082005117,0.2704205082005117,0.2704205082005117,0.6352679616029205,0.6352679616029205,0.6352679616029205,-0.3648474534024088,-0.3648474534024088,-0.3648474534024088,0.0,0.0,0.0,46.13816294399106
2025-04-07,45.868066759647,37.583356120766766,54.15462587654651,45.868066759647,45.868066759647,-0.0806715864501508,-0.0806715864501508,-0.0806715864501508,0.213293330424214,0.213293330424214,0.213293330424214,-0.2939649168743648,-0.2939649168743648,-0.2939649168743648,0.0,0.0,0.0,45.78739517319685
2025-04-08,45.868391083503454,37.3009871755516,53.961881753945825,45.868391083503454,45.868391083503454,0.01809859633456386,0.01809859633456386,0.01809859633456386,0.2290584739504783,0.2290584739504783,0.2290584739504783,-0.21095987761591445,-0.21095987761591445,-0.21095987761591445,0.0,0.0,0.0,45.886489679838014
2025-04-09,45.86871540735991,37.61946449682309,54.29157138644622,45.86871540735991,45.86871540735991,-0.25525120396918455,-0.25525120396918455,-0.25525120396918455,-0.13778026545349487,-0.13778026545349487,-0.13778026545349487,-0.11747093851568967,-0.11747093851568967,-0.11747093851568967,0.0,0.0,0.0,45.61346420339072
2025-04-10,45.869039731216354,37.28229675562292,54.46196981395444,45.869039731216354,45.869039731216354,-0.09834318143910291,-0.09834318143910291,-0.09834318143910291,-0.08301648234029807,-0.08301648234029807,-0.08301648234029807,-0.015326699098804832,-0.015326699098804832,-0.015326699098804832,0.0,0.0,0.0,45.77069654977725
2025-04-11,45.86936405507281,36.41417462474224,53.100725973063106,45.86936405507281,45.86936405507281,-0.3699594689466456,-0.3699594689466456,-0.3699594689466456,-0.46345326816489957,-0.46345326816489957,-0.46345326816489957,0.09349379921825392,0.09349379921825392,0.09349379921825392,0.0,0.0,0.0,45.49940458612616
2025-04-12,45.869688378929254,37.3820851329057,54.41877211431104,45.869688378929254,45.869688378929254,-0.18646657095501928,-0.18646657095501928,-0.18646657095501928,-0.39336975001775215,-0.39336975001775215,-0.39336975001775215,0.20690317906273287,0.20690317906273287,0.20690317906273287,0.0,0.0,0.0,45.683221807974235
2025-04-13,45.8700127027857,38.360938815123234,55.41298375192196,45.8700127027857,45.8700127027857,0.9580174139029527,0.9580174139029527,0.9580174139029527,0.6352679616034159,0.6352679616034159,0.6352679616034159,0.3227494522995369,0.3227494522995369,0.3227494522995369,0.0,0.0,0.0,46.82803011668865
2025-04-14,45.870337026642154,38.688608870999154,55.334512394833716,45.870337026642154,45.870337026642154,0.6521537365242115,0.6521537365242115,0.6521537365242115,0.21329333042393114,0.21329333042393114,0.21329333042393114,0.4388604061002803,0.4388604061002803,0.4388604061002803,0.0,0.0,0.0,46.52249076316637
2025-04-15,45.8706613504986,38.35604773448014,55.1785716563819,45.8706613504986,45.8706613504986,0.7821461607617913,0.7821461607617913,0.7821461607617913,0.2290584739508452,0.2290584739508452,0.2290584739508452,0.5530876868109462,0.5530876868109462,0.5530876868109462,0.0,0.0,0.0,46.65280751126039
2025-04-16,45.87098567435506,38.1719178025772,55.14264215560301,45.87098567435506,45.87098567435506,0.5255693701705169,0.5255693701705169,0.5255693701705169,-0.13778026545214195,-0.13778026545214195,-0.13778026545214195,0.6633496356226588,0.6633496356226588,0.6633496356226588,0.0,0.0,0.0,46.39655504452558
2025-04-17,45.87130999821151,38.1965703875273,54.63982244874066,45.87130999821151,45.87130999821151,0.6846554860738155,0.6846554860738155,0.6846554860738155,-0.08301648233935355,-0.08301648233935355,-0.08301648233935355,0.7676719684131691,0.7676719684131691,0.7676719684131691,0.0,0.0,0.0,46.55596548428532
2025-04-18,45.871634322067955,37.774473019273515,54.551730434774264,45.871634322067955,45.871634322067955,0.40077218260881153,0.40077218260881153,0.40077218260881153,-0.4634532681646836,-0.4634532681646836,-0.4634532681646836,0.8642254507734951,0.8642254507734951,0.8642254507734951,0.0,0.0,0.0,46.272406504676766
2025-04-19,45.87195864592441,37.59404312128878,55.270016762740504,45.87195864592441,45.87195864592441,0.5579900467232378,0.5579900467232378,0.5579900467232378,-0.3933697500187961,-0.3933697500187961,-0.3933697500187961,0.9513597967420339,0.9513597967420339,0.9513597967420339,0.0,0.0,0.0,46.42994869264765
2025-04-20,45.872282969780855,39.24700253474841,55.77372309578129,45.872282969780855,45.872282969780855,1.6629010757815548,1.6629010757815548,1.6629010757815548,0.6352679616039114,0.6352679616039114,0.6352679616039114,1.0276331141776434,1.0276331141776434,1.0276331141776434,0.0,0.0,0.0,47.53518404556241
2025-04-21,45.8726072936373,39.022965775561374,56.038575047377584,45.8726072936373,45.8726072936373,1.3051296592047046,1.3051296592047046,1.3051296592047046,0.21329333042363752,0.21329333042363752,0.21329333042363752,1.0918363287810668,1.0918363287810668,1.0918363287810668,0.0,0.0,0.0,47.177736952842004
2025-04-22,45.87293161749376,37.95032770437451,55.834448534169404,45.87293161749376,45.87293161749376,1.3720706137797396,1.3720706137797396,1.3720706137797396,0.22905847395149775,0.22905847395149775,0.22905847395149775,1.1430121398282418,1.1430121398282418,1.1430121398282418,0.0,0.0,0.0,47.2450022312735
2025-04-23,45.87325594135021,39.19214956094605,55.26775128862776,45.87325594135021,45.87325594135021,1.0426879253970807,1.0426879253970807,1.0426879253970807,-0.1377802654530753,-0.1377802654530753,-0.1377802654530753,1.180468190850156,1.180468190850156,1.180468190850156,0.0,0.0,0.0,46.91594386674729
2025-04-24,45.873580265206655,38.11468174617836,54.99547197571678,45.873580265206655,45.873580265206655,1.1207677922714812,1.1207677922714812,1.1207677922714812,-0.0830164823399821,-0.0830164823399821,-0.0830164823399821,1.2037842746114633,1.2037842746114633,1.2037842746114633,0.0,0.0,0.0,46.994348057478135
2025-04-25,45.87390458906311,38.77899078633316,55.153711077311556,45.87390458906311,45.87390458906311,0.7493602624377265,0.7493602624377265,0.7493602624377265,-0.46345326816446764,-0.46345326816446764,-0.46345326816446764,1.212813530602194,1.212813530602194,1.212813530602194,0.0,0.0,0.0,46.623264851500835
2025-04-26,45.874228912919556,38.61300993192776,54.86784751415588,45.874228912919556,45.874228912919556,0.8143079815097938,0.8143079815097938,0.8143079815097938,-0.39336975001733415,-0.39336975001733415,-0.39336975001733415,1.2076777315271279,1.2076777315271279,1.2076777315271279,0.0,0.0,0.0,46.68853689442935
2025-04-27,45.874553236776,38.67570585797456,55.79793791131551,45.874553236776,45.874553236776,1.8240248512948185,1.8240248512948185,1.8240248512948185,0.6352679616025427,0.6352679616025427,0.6352679616025427,1.1887568896922758,1.1887568896922758,1.1887568896922758,0.0,0.0,0.0,47.69857808807082
2025-04-28,45.874877560632456,38.952490424289806,55.45249755774584,45.874877560632456,45.874877560632456,1.3699668720016587,1.3699668720016587,1.3699668720016587,0.21329333042334378,0.21329333042334378,0.21329333042334378,1.1566735415783151,1.1566735415783151,1.1566735415783151,0.0,0.0,0.0,47.24484443263412
2025-04-29,45.87520188448891,38.47190340040257,55.39484524629455,45.87520188448891,45.87520188448891,1.341330660226945,1.341330660226945,1.341330660226945,0.22905847395115586,0.22905847395115586,0.22905847395115586,1.1122721862757892,1.1122721862757892,1.1122721862757892,0.0,0.0,0.0,47.216532544715854
2025-04-30,45.875526208345356,38.26312696833398,55.12232520415259,45.875526208345356,45.875526208345356,0.9188141926399642,0.9188141926399642,0.9188141926399642,-0.13778026545147598,-0.13778026545147598,-0.13778026545147598,1.0565944580914404,1.0565944580914404,1.0565944580914404,0.0,0.0,0.0,46.79434040098532
2025-05-01,45.87585053220181,38.28966444254559,55.349034706518566,45.87585053220181,45.87585053220181,0.9078342207764987,0.9078342207764987,0.9078342207764987,-0.08301648234061067,-0.08301648234061067,-0.08301648234061067,0.9908507031171093,0.9908507031171093,0.9908507031171093,0.0,0.0,0.0,46.78368475297831
2025-05-02,45.876174856058256,38.28718849672563,55.27032510055728,45.876174856058256,45.876174856058256,0.4529354337105223,0.4529354337105223,0.4529354337105223,-0.4634532681658199,-0.4634532681658199,-0.4634532681658199,0.9163887018763422,0.9163887018763422,0.9163887018763422,0.0,0.0,0.0,46.32911028976878
2025-05-03,45.8764991799147,37.28968735923062,54.654059434106074,45.8764991799147,45.8764991799147,0.4412905836719089,0.4412905836719089,0.4412905836719089,-0.3933697500210999,-0.3933697500210999,-0.3933697500210999,0.8346603336930088,0.8346603336930088,0.8346603336930088,0.0,0.0,0.0,46.31778976358661
2025-05-04,45.876823503771156,39.05103658275262,55.97862219256385,45.876823503771156,45.876823503771156,1.3824549736525984,1.3824549736525984,1.3824549736525984,0.6352679616023488,0.6352679616023488,0.6352679616023488,0.7471870120502495,0.7471870120502495,0.7471870120502495,0.0,0.0,0.0,47.259278477423756
2025-05-05,45.87714782762761,38.34567051793574,54.67050769064144,45.87714782762761,45.87714782762761,0.8688180637447575,0.8688180637447575,0.8688180637447575,0.21329333042306084,0.21329333042306084,0.21329333042306084,0.6555247333216967,0.6555247333216967,0.6555247333216967,0.0,0.0,0.0,46.745965891372364
2025-05-06,45.877472151484056,37.936668083403966,55.37354536444954,45.877472151484056,45.877472151484056,0.7902880476053225,0.7902880476053225,0.7902880476053225,0.22905847395081394,0.22905847395081394,0.22905847395081394,0.5612295736545085,0.5612295736545085,0.5612295736545085,0.0,0.0,0.0,46.66776019908938
2025-05-07,45.87779647534051,37.5957275497896,55.367787447762616,45.87779647534051,45.87779647534051,0.3280441755026911,0.3280441755026911,0.3280441755026911,-0.13778026545240926,-0.13778026545240926,-0.13778026545240926,0.4658244409551004,0.4658244409551004,0.4658244409551004,0.0,0.0,0.0,46.2058406508432
2025-05-08,45.87812079919696,38.25126498634985,54.97509845575132,45.87812079919696,45.87812079919696,0.28775135932171725,0.28775135932171725,0.28775135932171725,-0.08301648233974968,-0.08301648233974968,-0.08301648233974968,0.3707678416614669,0.3707678416614669,0.3707678416614669,0.0,0.0,0.0,46.165872158518674
2025-05-09,45.87844512305341,37.56604616957641,54.486195841156395,45.87844512305341,45.87844512305341,-0.18602791144842576,-0.18602791144842576,-0.18602791144842576,-0.46345326816717225,-0.46345326816717225,-0.46345326816717225,0.27742535671874646,0.27742535671874646,0.27742535671874646,0.0,0.0,0.0,45.69241721160498
2025-05-10,45.87876944690986,37.09403528975757,53.804462292104894,45.87876944690986,45.87876944690986,-0.20632531036700846,-0.20632531036700846,-0.20632531036700846,-0.3933697500196381,-0.3933697500196381,-0.3933697500196381,0.1870444396526296,0.1870444396526296,0.1870444396526296,0.0,0.0,0.0,45.67244413654285
2025-05-11,45.8790937707663,37.791504788677784,55.09264871453332,45.8790937707663,45.8790937707663,0.7360010157145475,0.7360010157145475,0.7360010157145475,0.6352679616035334,0.6352679616035334,0.6352679616035334,0.10073305411101408,0.10073305411101408,0.10073305411101408,0.0,0.0,0.0,46.61509478648085
2025-05-12,45.879418094622764,37.748517957498414,54.60954185270789,45.879418094622764,45.879418094622764,0.2327358916229013,0.2327358916229013,0.2327358916229013,0.2132933304227779,0.2132933304227779,0.2132933304227779,0.01944256120012337,0.01944256120012337,0.01944256120012337,0.0,0.0,0.0,46.112153986245666
2025-05-13,45.87974241847921,37.587256430517634,54.36758714270828,45.87974241847921,45.87974241847921,0.17301362518730337,0.17301362518730337,0.17301362518730337,0.22905847395118076,0.22905847395118076,0.22905847395118076,-0.056044848763877386,-0.056044848763877386,-0.056044848763877386,0.0,0.0,0.0,46.05275604366651
2025-05-14,45.88006674233566,37.08774059081398,53.70354701281967,45.88006674233566,45.88006674233566,-0.2629042723091575,-0.2629042723091575,-0.2629042723091575,-0.13778026545207622,-0.13778026545207622,-0.13778026545207622,-0.12512400685708128,-0.12512400685708128,-0.12512400685708128,0.0,0.0,0.0,45.6171624700265
2025-05-15,45.88039106619211,37.33518130517697,54.07089541254441,45.88039106619211,45.88039106619211,-0.27038633151885244,-0.27038633151885244,-0.27038633151885244,-0.08301648233880515,-0.08301648233880515,-0.08301648233880515,-0.18736984918004726,-0.18736984918004726,-0.18736984918004726,0.0,0.0,0.0,45.61000473467326
2025-05-16,45.88071539004856,36.433395040077926,53.495968528578636,45.88071539004856,45.88071539004856,-0.7059890756458661,-0.7059890756458661,-0.7059890756458661,-0.46345326816695614,-0.46345326816695614,-0.46345326816695614,-0.24253580747890988,-0.24253580747890988,-0.24253580747890988,0.0,0.0,0.0,45.17472631440269
2025-05-17,45.881039713905004,36.63879896253264,53.93163504300401,45.881039713905004,45.881039713905004,-0.683917450197349,-0.683917450197349,-0.683917450197349,-0.39336975001942903,-0.39336975001942903,-0.39336975001942903,-0.29054770017792,-0.29054770017792,-0.29054770017792,0.0,0.0,0.0,45.197122263707655
2025-05-18,45.881364037761465,37.59106847877409,54.57345791898276,45.881364037761465,45.881364037761465,0.30377453169590746,0.30377453169590746,0.30377453169590746,0.6352679616033394,0.6352679616033394,0.6352679616033394,-0.33149342990743197,-0.33149342990743197,-0.33149342990743197,0.0,0.0,0.0,46.18513856945737
2025-05-19,45.88168836161791,37.687428767089465,53.84114380326959,45.88168836161791,45.88168836161791,-0.15231556618328723,-0.15231556618328723,-0.15231556618328723,0.2132933304240667,0.2132933304240667,0.2132933304240667,-0.36560889660735396,-0.36560889660735396,-0.36560889660735396,0.0,0.0,0.0,45.72937279543462
2025-05-20,45.88201268547436,37.62801025985389,54.20750796492603,45.88201268547436,45.88201268547436,-0.1642021521127364,-0.1642021521127364,-0.1642021521127364,0.22905847395112466,0.22905847395112466,0.22905847395112466,-0.3932606260638611,-0.3932606260638611,-0.3932606260638611,0.0,0.0,0.0,45.71781053336162
2025-05-21,45.88233700933081,37.07736951072283,53.68378960884938,45.88233700933081,45.88233700933081,-0.5527059554960857,-0.5527059554960857,-0.5527059554960857,-0.13778026545300953,-0.13778026545300953,-0.13778026545300953,-0.4149256900430761,-0.4149256900430761,-0.4149256900430761,0.0,0.0,0.0,45.329631053834724
2025-05-22,45.88266133318726,36.28550487384446,53.97836115285815,45.88266133318726,45.88266133318726,-0.5141860365279839,-0.5141860365279839,-0.5141860365279839,-0.08301648234100682,-0.08301648234100682,-0.08301648234100682,-0.431169554186977,-0.431169554186977,-0.431169554186977,0.0,0.0,0.0,45.36847529665928
2025-05-23,45.882985657043704,36.535982011801416,53.43034509911743,45.882985657043704,45.882985657043704,-0.9060758002828917,-0.9060758002828917,-0.9060758002828917,-0.46345326816674015,-0.46345326816674015,-0.46345326816674015,-0.4426225321161516,-0.4426225321161516,-0.4426225321161516,0.0,0.0,0.0,44.97690985676081
2025-05-24,45.88330998090016,36.425394663829266,54.107340310325675,45.88330998090016,45.88330998090016,-0.8433252977778055,-0.8433252977778055,-0.8433252977778055,-0.39336975002194186,-0.39336975002194186,-0.39336975002194186,-0.44995554775586355,-0.44995554775586355,-0.44995554775586355,0.0,0.0,0.0,45.039984683122356
2025-05-25,45.88363430475661,37.78586420443037,54.315465920271805,45.88363430475661,45.88363430475661,0.1814120491974551,0.1814120491974551,0.1814120491974551,0.6352679616038349,0.6352679616038349,0.6352679616038349,-0.4538559124063798,-0.4538559124063798,-0.4538559124063798,0.0,0.0,0.0,46.06504635395407
2025-05-26,45.88395862861306,37.383579299988455,54.706436297957055,45.88395862861306,45.88395862861306,-0.24171047801103307,-0.24171047801103307,-0.24171047801103307,0.213293330423773,0.213293330423773,0.213293330423773,-0.45500380843480603,-0.45500380843480603,-0.45500380843480603,0.0,0.0,0.0,45.64224815060202
2025-05-27,45.88428295246951,37.11579567222698,54.0198604746535,45.88428295246951,45.88428295246951,-0.22499166439967708,-0.22499166439967708,-0.22499166439967708,0.22905847395149148,0.22905847395149148,0.22905847395149148,-0.45405013835116853,-0.45405013835116853,-0.45405013835116853,0.0,0.0,0.0,45.65929128806984
2025-05-28,45.88460727632596,36.57035241538196,53.50462323173895,45.88460727632596,45.88460727632596,-0.5893766128523977,-0.5893766128523977,-0.5893766128523977,-0.13778026545267655,-0.13778026545267655,-0.13778026545267655,-0.45159634739972115,-0.45159634739972115,-0.45159634739972115,0.0,0.0,0.0,45.29523066347356
2025-05-29,45.88493160018241,36.84772803262932,54.12998002705214,45.88493160018241,45.88493160018241,-0.5311932435057113,-0.5311932435057113,-0.5311932435057113,-0.08301648234006229,-0.08301648234006229,-0.08301648234006229,-0.448176761165649,-0.448176761165649,-0.448176761165649,0.0,0.0,0.0,45.3537383566767
2025-05-30,45.88525592403886,36.33700139855848,52.76025788865379,45.88525592403886,45.88525592403886,-0.9076971671583375,-0.9076971671583375,-0.9076971671583375,-0.4634532681641793,-0.4634532681641793,-0.4634532681641793,-0.44424389899415817,-0.44424389899415817,-0.44424389899415817,0.0,0.0,0.0,44.97755875688052
2025-05-31,45.88558024789531,36.22678899624514,53.68797392852541,45.88558024789531,45.88558024789531,-0.8335268814957346,-0.8335268814957346,-0.8335268814957346,-0.39336975002173286,-0.39336975002173286,-0.39336975002173286,-0.4401571314740018,-0.4401571314740018,-0.4401571314740018,0.0,0.0,0.0,45.052053366399576
2025-06-01,45.885904571751766,38.17208490895627,54.77870039319626,45.885904571751766,45.885904571751766,0.1990930131126569,0.1990930131126569,0.1990930131126569,0.635267961603641,0.635267961603641,0.635267961603641,-0.43617494849098404,-0.43617494849098404,-0.43617494849098404,0.0,0.0,0.0,46.084997584864425
2025-06-02,45.88622889560821,37.629849711524265,54.461322992461795,45.88622889560821,45.88622889560821,-0.21915766573754347,-0.21915766573754347,-0.21915766573754347,0.21329333042350085,0.21329333042350085,0.21329333042350085,-0.4324509961610443,-0.4324509961610443,-0.4324509961610443,0.0,0.0,0.0,45.66707122987067
2025-06-03,45.88655321946466,37.879118602179354,54.277591341998615,45.88655321946466,45.88655321946466,-0.1999754553793682,-0.1999754553793682,-0.1999754553793682,0.2290584739504408,0.2290584739504408,0.2290584739504408,-0.42903392932980905,-0.42903392932980905,-0.42903392932980905,0.0,0.0,0.0,45.68657776408529
2025-06-04,45.88687754332111,37.05291377620381,53.59771470060687,45.88687754332111,45.88687754332111,-0.563651279774459,-0.563651279774459,-0.563651279774459,-0.13778026545258998,-0.13778026545258998,-0.13778026545258998,-0.42587101432186897,-0.42587101432186897,-0.42587101432186897,0.0,0.0,0.0,45.32322626354665
2025-06-05,45.88720186717756,37.30829667909933,53.65575543169211,45.88720186717756,45.88720186717756,-0.5058317896289345,-0.5058317896289345,-0.5058317896289345,-0.08301648234069087,-0.08301648234069087,-0.08301648234069087,-0.42281530728824374,-0.42281530728824374,-0.42281530728824374,0.0,0.0,0.0,45.381370077548624
2025-06-06,45.887526191034006,36.57024162750917,53.096700787804444,45.887526191034006,45.887526191034006,-0.8830893980043347,-0.8830893980043347,-0.8830893980043347,-0.4634532681655316,-0.4634532681655316,-0.4634532681655316,-0.4196361298388031,-0.4196361298388031,-0.4196361298388031,0.0,0.0,0.0,45.00443679302967
2025-06-07,45.88785051489047,36.40675642202645,53.082681778641614,45.88785051489047,45.88785051489047,-0.8094022184714272,-0.8094022184714272,-0.8094022184714272,-0.39336975002027097,-0.39336975002027097,-0.39336975002027097,-0.4160324684511563,-0.4160324684511563,-0.4160324684511563,0.0,0.0,0.0,45.07844829641904
2025-06-08,45.88817483874691,37.658886158309755,54.009988661362286,45.88817483874691,45.88817483874691,0.22361912156541391,0.22361912156541391,0.22361912156541391,0.6352679616041363,0.6352679616041363,0.6352679616041363,-0.4116488400387224,-0.4116488400387224,-0.4116488400387224,0.0,0.0,0.0,46.111793960312326
2025-06-09,45.88849916260336,36.83279867986793,54.57456509773795,45.88849916260336,45.88849916260336,-0.1927997648659652,-0.1927997648659652,-0.1927997648659652,0.2132933304232072,0.2132933304232072,0.2132933304232072,-0.40609309528917237,-0.40609309528917237,-0.40609309528917237,0.0,0.0,0.0,45.69569939773739
2025-06-10,45.88882348645981,37.92807058658681,55.39475480212865,45.88882348645981,45.88882348645981,-0.16989710195591243,-0.16989710195591243,-0.16989710195591243,0.22905847395080764,0.22905847395080764,0.22905847395080764,-0.39895557590672004,-0.39895557590672004,-0.39895557590672004,0.0,0.0,0.0,45.7189263845039
2025-06-11,45.88914781031626,37.24033631574243,53.81129651767162,45.88914781031626,45.88914781031626,-0.5276092686186769,-0.5276092686186769,-0.5276092686186769,-0.13778026545225697,-0.13778026545225697,-0.13778026545225697,-0.38982900316641983,-0.38982900316641983,-0.38982900316641983,0.0,0.0,0.0,45.361538541697584
2025-06-12,45.889472134172706,36.95317954011617,53.85107939638121,45.889472134172706,45.889472134172706,-0.461344936666942,-0.461344936666942,-0.461344936666942,-0.08301648233974632,-0.08301648233974632,-0.08301648233974632,-0.3783284543271957,-0.3783284543271957,-0.3783284543271957,0.0,0.0,0.0,45.428127197505766
2025-06-13,45.88979645802917,36.35552712015942,53.31987791742291,45.88979645802917,45.88979645802917,-0.8275640491172477,-0.8275640491172477,-0.8275640491172477,-0.46345326816531557,-0.46345326816531557,-0.46345326816531557,-0.36411078095193217,-0.36411078095193217,-0.36411078095193217,0.0,0.0,0.0,45.06223240891192
2025-06-14,45.890120781885614,37.154573880589375,53.402485943034115,45.890120781885614,45.890120781885614,-0.7402625891839655,-0.7402625891839655,-0.7402625891839655,-0.39336975002131486,-0.39336975002131486,-0.39336975002131486,-0.3468928391626506,-0.3468928391626506,-0.3468928391626506,0.0,0.0,0.0,45.14985819270165
2025-06-15,45.89044510574206,38.197142822074106,55.34307962005089,45.89044510574206,45.89044510574206,0.3088000257423112,0.3088000257423112,0.3088000257423112,0.6352679616027677,0.6352679616027677,0.6352679616027677,-0.3264679358604564,-0.3264679358604564,-0.3264679358604564,0.0,0.0,0.0,46.199245131484375
2025-06-16,45.890769429598514,36.658465084904,54.190451319869005,45.890769429598514,45.890769429598514,-0.08942661561850805,-0.08942661561850805,-0.08942661561850805,0.21329333042450663,0.21329333042450663,0.21329333042450663,-0.30271994604301466,-0.30271994604301466,-0.30271994604301466,0.0,0.0,0.0,45.80134281398001
2025-06-17,45.89109375345496,36.91638855117259,54.176072485876475,45.89109375345496,45.89109375345496,-0.04657614919040155,-0.04657614919040155,-0.04657614919040155,0.22905847395117446,0.22905847395117446,0.22905847395117446,-0.275634623141576,-0.275634623141576,-0.275634623141576,0.0,0.0,0.0,45.84451760426456
2025-06-18,45.89141807731141,37.37531774602528,53.9834746695031,45.89141807731141,45.89141807731141,-0.3830879704632048,-0.3830879704632048,-0.3830879704632048,-0.1377802654531903,-0.1377802654531903,-0.1377802654531903,-0.24530770501001453,-0.24530770501001453,-0.24530770501001453,0.0,0.0,0.0,45.5083301068482
2025-06-19,45.89174240116786,37.2121846532018,54.268409089505056,45.89174240116786,45.89174240116786,-0.2949659928903029,-0.2949659928903029,-0.2949659928903029,-0.08301648234037487,-0.08301648234037487,-0.08301648234037487,-0.21194951054992806,-0.21194951054992806,-0.21194951054992806,0.0,0.0,0.0,45.596776408277556
2025-06-20,45.892066725024314,36.90782301659645,53.654237180979415,45.892066725024314,45.892066725024314,-0.6393390916446096,-0.6393390916446096,-0.6393390916446096,-0.46345326816589133,-0.46345326816589133,-0.46345326816589133,-0.1758858234787183,-0.1758858234787183,-0.1758858234787183,0.0,0.0,0.0,45.252727633379706
2025-06-21,45.89239104888077,36.42373947412631,53.48277807390212,45.89239104888077,45.89239104888077,-0.5309247176575606,-0.5309247176575606,-0.5309247176575606,-0.39336975001985297,-0.39336975001985297,-0.39336975001985297,-0.13755496763770764,-0.13755496763770764,-0.13755496763770764,0.0,0.0,0.0,45.361466331223205
2025-06-22,45.892715372737214,37.515931155106536,54.610954801271745,45.892715372737214,45.892715372737214,0.5377668720747355,0.5377668720747355,0.5377668720747355,0.6352679616032629,0.6352679616032629,0.6352679616032629,-0.09750108952852751,-0.09750108952852751,-0.09750108952852751,0.0,0.0,0.0,46.43048224481195
2025-06-23,45.89303969659366,37.358332943746404,54.15755662835205,45.89303969659366,45.89303969659366,0.15692955503240838,0.15692955503240838,0.15692955503240838,0.213293330424213,0.213293330424213,0.213293330424213,-0.056363775391804614,-0.056363775391804614,-0.056363775391804614,0.0,0.0,0.0,46.04996925162607
2025-06-24,45.893364020450115,37.68502656897832,54.528975020228856,45.893364020450115,45.893364020450115,0.2141942349350532,0.2141942349350532,0.2141942349350532,0.22905847395083254,0.22905847395083254,0.22905847395083254,-0.014864239015779329,-0.014864239015779329,-0.014864239015779329,0.0,0.0,0.0,46.107558255385165
2025-06-25,45.89368834430656,37.55181436791763,54.236009645139276,45.89368834430656,45.89368834430656,-0.11156868502079112,-0.11156868502079112,-0.11156868502079112,-0.1377802654515909,-0.1377802654515909,-0.1377802654515909,0.026211580430799783,0.026211580430799783,0.026211580430799783,0.0,0.0,0.0,45.78211965928577
2025-06-26,45.894012668163015,37.339961290252916,54.11178486064017,45.894012668163015,45.894012668163015,-0.0169839055164033,-0.0169839055164033,-0.0169839055164033,-0.08301648233951386,-0.08301648233951386,-0.08301648233951386,0.06603257682311058,0.06603257682311058,0.06603257682311058,0.0,0.0,0.0,45.87702876264661
2025-06-27,45.89433699201947,36.99077933839237,53.82558564925897,45.89433699201947,45.89433699201947,-0.3597090932674293,-0.3597090932674293,-0.3597090932674293,-0.463453268164107,-0.463453268164107,-0.463453268164107,0.1037441748966777,0.1037441748966777,0.1037441748966777,0.0,0.0,0.0,45.53462789875204
2025-06-28,45.894661315875915,37.43812848677176,54.33036974711492,45.894661315875915,45.894661315875915,-0.2548781688387244,-0.2548781688387244,-0.2548781688387244,-0.39336975001839103,-0.39336975001839103,-0.39336975001839103,0.13849158117966665,0.13849158117966665,0.13849158117966665,0.0,0.0,0.0,45.63978314703719
2025-06-29,45.89498563973236,38.152847934038554,54.785451921355715,45.89498563973236,45.89498563973236,0.8047119095828569,0.8047119095828569,0.8047119095828569,0.635267961603069,0.635267961603069,0.635267961603069,0.1694439479797878,0.1694439479797878,0.1694439479797878,0.0,0.0,0.0,46.69969754931522
2025-06-30,45.895309963588815,37.93087929196596,54.88078863646762,45.895309963588815,45.895309963588815,0.4091121043455549,0.4091121043455549,0.4091121043455549,0.21329333042393003,0.21329333042393003,0.21329333042393003,0.19581877392162483,0.19581877392162483,0.19581877392162483,0.0,0.0,0.0,46.30442206793437
2025-07-01,45.89563428744526,37.83142929806076,53.94434644349012,45.89563428744526,45.89563428744526,0.44596432038701833,0.44596432038701833,0.44596432038701833,0.2290584739521939,0.2290584739521939,0.2290584739521939,0.2169058464348244,0.2169058464348244,0.2169058464348244,0.0,0.0,0.0,46.34159860783228
2025-07-02,45.895958611301715,37.473981134291236,54.228213815150426,45.895958611301715,45.895958611301715,0.09430976715455364,0.09430976715455364,0.09430976715455364,-0.1377802654525242,-0.1377802654525242,-0.1377802654525242,0.23209003260707783,0.23209003260707783,0.23209003260707783,0.0,0.0,0.0,45.99026837845627
2025-07-03,45.89628293515817,37.64232594701021,53.768914028802094,45.89628293515817,45.89628293515817,0.15785576263503942,0.15785576263503942,0.15785576263503942,-0.08301648234171558,-0.08301648234171558,-0.08301648234171558,0.240872244976755,0.240872244976755,0.240872244976755,0.0,0.0,0.0,46.054138697793206
2025-07-04,45.896607259014615,37.093905115524436,54.189578402059176,45.896607259014615,45.896607259014615,-0.22056532036813412,-0.22056532036813412,-0.22056532036813412,-0.46345326816545934,-0.46345326816545934,-0.46345326816545934,0.24288794779732523,0.24288794779732523,0.24288794779732523,0.0,0.0,0.0,45.676041938646485
2025-07-05,45.89693158287106,37.40585813455771,54.45014498668921,45.89693158287106,45.89693158287106,-0.15544712383106207,-0.15544712383106207,-0.15544712383106207,-0.393369750018182,-0.393369750018182,-0.393369750018182,0.23792262618711993,0.23792262618711993,0.23792262618711993,0.0,0.0,0.0,45.74148445904
2025-07-06,45.897255906727516,38.18343924706241,55.826829247998745,45.897255906727516,45.897255906727516,0.8611916755584468,0.8611916755584468,0.8611916755584468,0.6352679616042538,0.6352679616042538,0.6352679616042538,0.22592371395419306,0.22592371395419306,0.22592371395419306,0.0,0.0,0.0,46.75844758228596
2025-07-07,45.89758023058396,37.75355588150007,55.21801710278909,45.89758023058396,45.89758023058396,0.42030189437422216,0.42030189437422216,0.42030189437422216,0.2132933304236471,0.2132933304236471,0.2132933304236471,0.20700856395057513,0.20700856395057513,0.20700856395057513,0.0,0.0,0.0,46.31788212495818
2025-07-08,45.89790455444041,37.69816410339321,54.81425666159361,45.89790455444041,45.89790455444041,0.4105266192677124,0.4105266192677124,0.4105266192677124,0.22905847395114326,0.22905847395114326,0.22905847395114326,0.18146814531656913,0.18146814531656913,0.18146814531656913,0.0,0.0,0.0,46.30843117370812
2025-07-09,45.89822887829687,37.63687794833523,54.108817687495296,45.89822887829687,45.89822887829687,0.011985996879889127,0.011985996879889127,0.011985996879889127,-0.13778026545345756,-0.13778026545345756,-0.13778026545345756,0.1497662623333467,0.1497662623333467,0.1497662623333467,0.0,0.0,0.0,45.910214875176756
2025-07-10,45.898553202153316,37.552828247704234,54.65538666942676,45.898553202153316,45.898553202153316,0.029517724580540233,0.029517724580540233,0.029517724580540233,-0.08301648234077101,-0.08301648234077101,-0.08301648234077101,0.11253420692131125,0.11253420692131125,0.11253420692131125,0.0,0.0,0.0,45.92807092673386
2025-07-11,45.89887752600977,37.144967250280395,54.51083087886388,45.89887752600977,45.89887752600977,-0.3928923901159339,-0.3928923901159339,-0.3928923901159339,-0.46345326816524324,-0.46345326816524324,-0.46345326816524324,0.07056087804930933,0.07056087804930933,0.07056087804930933,0.0,0.0,0.0,45.50598513589384
2025-07-12,45.899201849866216,37.17268052661433,53.819811284558675,45.899201849866216,45.899201849866216,-0.3685912267880964,-0.3685912267880964,-0.3685912267880964,-0.393369750019442,-0.393369750019442,-0.393369750019442,0.024778523231345585,0.024778523231345585,0.024778523231345585,0.0,0.0,0.0,45.53061062307812
2025-07-13,45.89952617372266,38.36658917706874,55.453338016207226,45.89952617372266,45.89952617372266,0.6115123382354453,0.6115123382354453,0.6115123382354453,0.6352679616021958,0.6352679616021958,0.6352679616021958,-0.023755623366750488,-0.023755623366750488,-0.023755623366750488,0.0,0.0,0.0,46.511038511958105
2025-07-14,45.899850497579116,37.054474771134394,54.156245630558985,45.899850497579116,45.899850497579116,0.1394119123277308,0.1394119123277308,0.1394119123277308,0.21329333042336418,0.21329333042336418,0.21329333042336418,-0.07388141809563337,-0.07388141809563337,-0.07388141809563337,0.0,0.0,0.0,46.03926240990685
2025-07-15,45.90017482143556,37.853643883463405,54.599110711325345,45.90017482143556,45.90017482143556,0.10469736654819188,0.10469736654819188,0.10469736654819188,0.22905847395151005,0.22905847395151005,0.22905847395151005,-0.12436110740331818,-0.12436110740331818,-0.12436110740331818,0.0,0.0,0.0,46.00487218798376
2025-07-16,45.90049914529202,37.678912741539264,53.914984776671886,45.90049914529202,45.90049914529202,-0.31168752937885374,-0.31168752937885374,-0.31168752937885374,-0.13778026545312452,-0.13778026545312452,-0.13778026545312452,-0.1739072639257292,-0.1739072639257292,-0.1739072639257292,0.0,0.0,0.0,45.588811615913166
2025-07-17,45.90082346914847,37.48163815111619,53.804676759464286,45.90082346914847,45.90082346914847,-0.3042291767423543,-0.3042291767423543,-0.3042291767423543,-0.08301648233991,-0.08301648233991,-0.08301648233991,-0.22121269440244423,-0.22121269440244423,-0.22121269440244423,0.0,0.0,0.0,45.59659429240612
2025-07-18,45.90114779300492,36.078494036005665,53.747404276964026,45.90114779300492,45.90114779300492,-0.7284348606408227,-0.7284348606408227,-0.7284348606408227,-0.4634532681650273,-0.4634532681650273,-0.4634532681650273,-0.26498159247579556,-0.26498159247579556,-0.26498159247579556,0.0,0.0,0.0,45.17271293236409
2025-07-19,45.90147211686136,36.863567960373885,53.722912341800495,45.90147211686136,45.90147211686136,-0.6973309154598855,-0.6973309154598855,-0.6973309154598855,-0.3933697500204859,-0.3933697500204859,-0.3933697500204859,-0.30396116543939955,-0.30396116543939955,-0.30396116543939955,0.0,0.0,0.0,45.20414120140148
2025-07-20,45.90179644071782,37.71525549229364,54.57076158990806,45.90179644071782,45.90179644071782,0.29829502195297297,0.29829502195297297,0.29829502195297297,0.6352679616033806,0.6352679616033806,0.6352679616033806,-0.3369729396504076,-0.3369729396504076,-0.3369729396504076,0.0,0.0,0.0,46.20009146267079
2025-07-21,45.90212076457426,37.86602856274485,54.62922149996707,45.90212076457426,45.90212076457426,-0.14964961500632454,-0.14964961500632454,-0.14964961500632454,0.21329333042307053,0.21329333042307053,0.21329333042307053,-0.3629429454293951,-0.3629429454293951,-0.3629429454293951,0.0,0.0,0.0,45.75247114956794
2025-07-22,45.90244508843072,36.865127843217785,53.892291898504375,45.90244508843072,45.90244508843072,-0.15187152513664431,-0.15187152513664431,-0.15187152513664431,0.22905847395116816,0.22905847395116816,0.22905847395116816,-0.3809299990878125,-0.3809299990878125,-0.3809299990878125,0.0,0.0,0.0,45.750573563294076
2025-07-23,45.90276941228717,36.710947525669326,53.57748121713756,45.90276941228717,45.90276941228717,-0.5279316025465959,-0.5279316025465959,-0.5279316025465959,-0.13778026545430427,-0.13778026545430427,-0.13778026545430427,-0.3901513370922916,-0.3901513370922916,-0.3901513370922916,0.0,0.0,0.0,45.374837809740576
2025-07-24,45.90309373614362,37.17877284807912,54.15896313851415,45.90309373614362,45.90309373614362,-0.47302139673557186,-0.47302139673557186,-0.47302139673557186,-0.08301648233896547,-0.08301648233896547,-0.08301648233896547,-0.39000491439660645,-0.39000491439660645,-0.39000491439660645,0.0,0.0,0.0,45.43007233940804
2025-07-25,45.903418060000064,36.481383369652775,53.21484878628891,45.903418060000064,45.903418060000064,-0.8435410226274839,-0.8435410226274839,-0.8435410226274839,-0.4634532681648113,-0.4634532681648113,-0.4634532681648113,-0.3800877544626725,-0.3800877544626725,-0.3800877544626725,0.0,0.0,0.0,45.05987703737258
2025-07-26,45.90374238385652,37.228249409967304,53.81462966929643,45.90374238385652,45.90374238385652,-0.7535795805578382,-0.7535795805578382,-0.7535795805578382,-0.393369750019024,-0.393369750019024,-0.393369750019024,-0.36020983053881417,-0.36020983053881417,-0.36020983053881417,0.0,0.0,0.0,45.15016280329868
2025-07-27,45.904066707712964,37.053121240811095,54.607769584442394,45.904066707712964,45.904066707712964,0.3048648973805318,0.3048648973805318,0.3048648973805318,0.6352679616031865,0.6352679616031865,0.6352679616031865,-0.3304030642226548,-0.3304030642226548,-0.3304030642226548,0.0,0.0,0.0,46.2089316050935
2025-07-28,45.90439103156942,37.04219813741743,54.84299241932823,45.90439103156942,45.90439103156942,-0.07763181510227499,-0.07763181510227499,-0.07763181510227499,0.21329333042435927,0.21329333042435927,0.21329333042435927,-0.2909251455266343,-0.2909251455266343,-0.2909251455266343,0.0,0.0,0.0,45.826759216467146
2025-07-29,45.90471535542587,37.437643623781135,54.34754832596415,45.90471535542587,45.90471535542587,-0.013199531687330658,-0.013199531687330658,-0.013199531687330658,0.22905847395082626,0.22905847395082626,0.22905847395082626,-0.24225800563815691,-0.24225800563815691,-0.24225800563815691,0.0,0.0,0.0,45.891515823738544
2025-07-30,45.90503967928232,37.170192970131446,53.69917836343887,45.90503967928232,45.90503967928232,-0.32288117159404334,-0.32288117159404334,-0.32288117159404334,-0.13778026545143862,-0.13778026545143862,-0.13778026545143862,-0.1851009061426047,-0.1851009061426047,-0.1851009061426047,0.0,0.0,0.0,45.58215850768828
2025-07-31,45.905364003138764,37.57208449523652,54.10328161208283,45.905364003138764,45.905364003138764,-0.20337472561478204,-0.20337472561478204,-0.20337472561478204,-0.08301648234116717,-0.08301648234116717,-0.08301648234116717,-0.12035824327361488,-0.12035824327361488,-0.12035824327361488,0.0,0.0,0.0,45.701989277523985
2025-08-01,45.90568832699522,36.92166950283691,53.322875882746345,45.90568832699522,45.90568832699522,-0.5125755674999037,-0.5125755674999037,-0.5125755674999037,-0.4634532681661636,-0.4634532681661636,-0.4634532681661636,-0.04912229933374006,-0.04912229933374006,-0.04912229933374006,0.0,0.0,0.0,45.39311275949532
2025-08-02,45.906012650851665,37.703088229151035,54.01502911251555,45.906012650851665,45.906012650851665,-0.36602105236483085,-0.36602105236483085,-0.36602105236483085,-0.3933697500188149,-0.3933697500188149,-0.3933697500188149,0.027348697653984087,0.027348697653984087,0.027348697653984087,0.0,0.0,0.0,45.539991598486836
2025-08-03,45.90633697470811,37.763710492132006,54.80874854914517,45.90633697470811,45.90633697470811,0.7429246856825283,0.7429246856825283,0.7429246856825283,0.6352679616029926,0.6352679616029926,0.6352679616029926,0.10765672407953573,0.10765672407953573,0.10765672407953573,0.0,0.0,0.0,46.64926166039064
2025-08-04,45.90666129856457,37.73268907271433,54.68506308618217,45.90666129856457,45.90666129856457,0.40358705932566896,0.40358705932566896,0.40358705932566896,0.2132933304240656,0.2132933304240656,0.2132933304240656,0.19029372890160334,0.19029372890160334,0.19029372890160334,0.0,0.0,0.0,46.31024835789024
2025-08-05,45.90698562242102,37.822843902854885,54.4423271097008,45.90698562242102,45.90698562242102,0.5027328062690475,0.5027328062690475,0.5027328062690475,0.2290584739504843,0.2290584739504843,0.2290584739504843,0.27367433231856314,0.27367433231856314,0.27367433231856314,0.0,0.0,0.0,46.40971842869006
2025-08-06,45.90730994627747,37.615395263356994,55.105494652456485,45.90730994627747,45.90730994627747,0.21839042283288845,0.21839042283288845,0.21839042283288845,-0.13778026545237193,-0.13778026545237193,-0.13778026545237193,0.35617068828526033,0.35617068828526033,0.35617068828526033,0.0,0.0,0.0,46.12570036911036
2025-08-07,45.90763427013392,37.921801897763956,54.674375276224474,45.90763427013392,45.90763427013392,0.3531322014010028,0.3531322014010028,0.3531322014010028,-0.08301648234022263,-0.08301648234022263,-0.08301648234022263,0.43614868374122545,0.43614868374122545,0.43614868374122545,0.0,0.0,0.0,46.26076647153492
2025-08-08,45.907958593990365,37.286484232641754,54.20580733413795,45.907958593990365,45.907958593990365,0.04855133915749646,0.04855133915749646,0.04855133915749646,-0.4634532681651711,-0.4634532681651711,-0.4634532681651711,0.5120046073226675,0.5120046073226675,0.5120046073226675,0.0,0.0,0.0,45.95650993314786
2025-08-09,45.90828291784682,37.86010448105167,54.33013659906502,45.90828291784682,45.90828291784682,0.1888316517494428,0.1888316517494428,0.1888316517494428,-0.3933697500186059,-0.3933697500186059,-0.3933697500186059,0.5822014017680488,0.5822014017680488,0.5822014017680488,0.0,0.0,0.0,46.097114569596265
2025-08-10,45.908607241703265,38.54866672663658,55.64145476019434,45.908607241703265,45.908607241703265,1.28057157939404,1.28057157939404,1.28057157939404,0.6352679616041774,0.6352679616041774,0.6352679616041774,0.6453036177898628,0.6453036177898628,0.6453036177898628,0.0,0.0,0.0,47.18917882109731
2025-08-11,45.90893156555972,38.23271064705112,55.12577216669785,45.90893156555972,45.90893156555972,0.913303543343203,0.913303543343203,0.913303543343203,0.2132933304237934,0.2132933304237934,0.2132933304237934,0.7000102129194095,0.7000102129194095,0.7000102129194095,0.0,0.0,0.0,46.82223510890292
2025-08-12,45.90925588941617,38.291952520170504,55.218802341278405,45.90925588941617,45.90925588941617,0.974242860183042,0.974242860183042,0.974242860183042,0.2290584739508512,0.2290584739508512,0.2290584739508512,0.7451843862321907,0.7451843862321907,0.7451843862321907,0.0,0.0,0.0,46.88349874959921
2025-08-13,45.90958021327262,37.427310774741514,55.3918593498976,45.90958021327262,45.90958021327262,0.6420994423927834,0.6420994423927834,0.6420994423927834,-0.13778026545228533,-0.13778026545228533,-0.13778026545228533,0.7798797078450688,0.7798797078450688,0.7798797078450688,0.0,0.0,0.0,46.5516796556654
2025-08-14,45.909904537129066,38.65141684249842,55.29208592707347,45.909904537129066,45.909904537129066,0.7203454066864722,0.7203454066864722,0.7203454066864722,-0.08301648233927807,-0.08301648233927807,-0.08301648233927807,0.8033618890257503,0.8033618890257503,0.8033618890257503,0.0,0.0,0.0,46.630249943815535
2025-08-15,45.91022886098552,37.81902338056176,55.21800467275267,45.91022886098552,45.91022886098552,0.3516723744480877,0.3516723744480877,0.3516723744480877,-0.4634532681665234,-0.4634532681665234,-0.4634532681665234,0.8151256426146111,0.8151256426146111,0.8151256426146111,0.0,0.0,0.0,46.261901235433605
2025-08-16,45.910553184841966,38.1501469540218,54.913920872736114,45.910553184841966,45.910553184841966,0.42153645162902814,0.42153645162902814,0.42153645162902814,-0.39336975002111885,-0.39336975002111885,-0.39336975002111885,0.8149062016501469,0.8149062016501469,0.8149062016501469,0.0,0.0,0.0,46.332089636471
2025-08-17,45.91087750869842,38.72805254172193,55.4955569269559,45.91087750869842,45.91087750869842,1.4379531553493965,1.4379531553493965,1.4379531553493965,0.6352679616039834,0.6352679616039834,0.6352679616039834,0.8026851937454131,0.8026851937454131,0.8026851937454131,0.0,0.0,0.0,47.34883066404782
2025-08-18,45.91120183255487,38.1286204459213,55.11711137318643,45.91120183255487,45.91120183255487,0.9919840370699985,0.9919840370699985,0.9919840370699985,0.2132933304234997,0.2132933304234997,0.2132933304234997,0.7786907066464986,0.7786907066464986,0.7786907066464986,0.0,0.0,0.0,46.90318586962487
2025-08-19,45.91152615641132,38.39237741295126,55.28986642869293,45.91152615641132,45.91152615641132,0.9724499970460084,0.9724499970460084,0.9724499970460084,0.22905847395150372,0.22905847395150372,0.22905847395150372,0.7433915230945047,0.7433915230945047,0.7433915230945047,0.0,0.0,0.0,46.883976153457326
2025-08-20,45.911850480267766,37.383720941559794,55.08823470608952,45.911850480267766,45.911850480267766,0.5597053816019804,0.5597053816019804,0.5597053816019804,-0.1377802654532187,-0.1377802654532187,-0.1377802654532187,0.6974856470551989,0.6974856470551989,0.6974856470551989,0.0,0.0,0.0,46.471555861869746
2025-08-21,45.91217480412422,38.33068746977084,55.05605229877497,45.91217480412422,45.91217480412422,0.5588669025762768,0.5588669025762768,0.5588669025762768,-0.08301648234147975,-0.08301648234147975,-0.08301648234147975,0.6418833849177565,0.6418833849177565,0.6418833849177565,0.0,0.0,0.0,46.4710417067005
2025-08-22,45.91249912798067,37.29771989945852,54.09154008780426,45.91249912798067,45.91249912798067,0.11423211274221187,0.11423211274221187,0.11423211274221187,-0.4634532681647391,-0.4634532681647391,-0.4634532681647391,0.577685380906951,0.577685380906951,0.577685380906951,0.0,0.0,0.0,46.02673124072288
2025-08-23,45.91282345183713,37.393251129446966,54.43545639191177,45.91282345183713,45.91282345183713,0.11278638215960798,0.11278638215960798,0.11278638215960798,-0.39336975002090985,-0.39336975002090985,-0.39336975002090985,0.5061561321805178,0.5061561321805178,0.5061561321805178,0.0,0.0,0.0,46.02560983399673
2025-08-24,45.913147775693574,38.695474512365074,55.61515069853323,45.913147775693574,45.913147775693574,1.0639615843864634,1.0639615843864634,1.0639615843864634,0.6352679616026147,0.6352679616026147,0.6352679616026147,0.42869362278384854,0.42869362278384854,0.42869362278384854,0.0,0.0,0.0,46.977109360080036
2025-08-25,45.91347209955002,37.83572720184393,54.85539654762789,45.91347209955002,45.91347209955002,0.5600891442489155,0.5600891442489155,0.5600891442489155,0.21329333042320608,0.21329333042320608,0.21329333042320608,0.3467958138257095,0.3467958138257095,0.3467958138257095,0.0,0.0,0.0,46.47356124379893
2025-08-26,45.913796423406474,37.73416842544395,54.743404028136055,45.913796423406474,45.913796423406474,0.49108328142781416,0.49108328142781416,0.49108328142781416,0.22905847395116177,0.22905847395116177,0.22905847395116177,0.2620248074766524,0.2620248074766524,0.2620248074766524,0.0,0.0,0.0,46.404879704834286
2025-08-27,45.91412074726292,37.711958022768314,54.118903499442936,45.91412074726292,45.91412074726292,0.03818929708748262,0.03818929708748262,0.03818929708748262,-0.13778026545288566,-0.13778026545288566,-0.13778026545288566,0.17596956254036827,0.17596956254036827,0.17596956254036827,0.0,0.0,0.0,45.952310044350405
2025-08-28,45.91444507111937,37.319228535572385,54.169187642726214,45.91444507111937,45.91444507111937,0.007191595553593011,0.007191595553593011,0.007191595553593011,-0.08301648234053521,-0.08301648234053521,-0.08301648234053521,0.09020807789412823,0.09020807789412823,0.09020807789412823,0.0,0.0,0.0,45.92163666667296
2025-08-29,45.91476939497582,36.57255013205272,53.88677958878587,45.91476939497582,45.91476939497582,-0.4571832922298169,-0.4571832922298169,-0.4571832922298169,-0.4634532681660913,-0.4634532681660913,-0.4634532681660913,0.006269975936274395,0.006269975936274395,0.006269975936274395,0.0,0.0,0.0,45.457586102746006
2025-08-30,45.915093718832274,37.1507296835157,53.58800257084737,45.915093718832274,45.915093718832274,-0.46776933911403173,-0.46776933911403173,-0.46776933911403173,-0.3933697500207008,-0.3933697500207008,-0.3933697500207008,-0.074399589093331,-0.074399589093331,-0.074399589093331,0.0,0.0,0.0,45.44732437971824
2025-08-31,45.91541804268872,38.12865184440503,55.206726284060615,45.91541804268872,45.91541804268872,0.4847941582372532,0.4847941582372532,0.4847941582372532,0.6352679616024208,0.6352679616024208,0.6352679616024208,-0.15047380336516747,-0.15047380336516747,-0.15047380336516747,0.0,0.0,0.0,46.40021220092597
2025-09-01,45.915742366545174,37.99304488668863,53.65638360485256,45.915742366545174,45.915742366545174,-0.007481673966013573,-0.007481673966013573,-0.007481673966013573,0.21329333042293389,0.21329333042293389,0.21329333042293389,-0.22077500438894745,-0.22077500438894745,-0.22077500438894745,0.0,0.0,0.0,45.90826069257916
2025-09-02,45.91606669040162,37.2932772864068,54.874360414361114,45.91606669040162,45.91606669040162,-0.05524318853068094,-0.05524318853068094,-0.05524318853068094,0.22905847395011117,0.22905847395011117,0.22905847395011117,-0.28430166248079214,-0.28430166248079214,-0.28430166248079214,0.0,0.0,0.0,45.86082350187094
2025-09-03,45.91639101425807,37.15300667742713,54.105370744480716,45.91639101425807,45.91639101425807,-0.4780311231455585,-0.4780311231455585,-0.4780311231455585,-0.13778026545255265,-0.13778026545255265,-0.13778026545255265,-0.34025085769300584,-0.34025085769300584,-0.34025085769300584,0.0,0.0,0.0,45.43835989111251
2025-09-04,45.91671533811452,37.51340608120914,53.50709919049134,45.91671533811452,45.91671533811452,-0.4710521696098524,-0.4710521696098524,-0.4710521696098524,-0.08301648233967421,-0.08301648233967421,-0.08301648233967421,-0.38803568727017823,-0.38803568727017823,-0.38803568727017823,0.0,0.0,0.0,45.445663168504666
2025-09-05,45.91703966197097,35.8168079440863,53.432974255977435,45.91703966197097,45.91703966197097,-0.8907504313464265,-0.8907504313464265,-0.8907504313464265,-0.4634532681674436,-0.4634532681674436,-0.4634532681674436,-0.4272971631789829,-0.4272971631789829,-0.4272971631789829,0.0,0.0,0.0,45.02628923062454
2025-09-06,45.91736398582742,36.754437067510096,53.60806947363272,45.91736398582742,45.91736398582742,-0.8512800450782297,-0.8512800450782297,-0.8512800450782297,-0.39336975001923885,-0.39336975001923885,-0.39336975001923885,-0.45791029505899095,-0.45791029505899095,-0.45791029505899095,0.0,0.0,0.0,45.066083940749195
2025-09-07,45.917688309683875,37.87481227430354,54.51439309447601,45.917688309683875,45.917688309683875,0.1552837639079738,0.1552837639079738,0.1552837639079738,0.6352679616029161,0.6352679616029161,0.6352679616029161,-0.47998419769494227,-0.47998419769494227,-0.47998419769494227,0.0,0.0,0.0,46.07297207359185
2025-09-08,45.91801263354032,37.02440365462465,54.45574015203515,45.91801263354032,45.91801263354032,-0.2805628798511458,-0.2805628798511458,-0.2805628798511458,0.21329333042264018,0.21329333042264018,0.21329333042264018,-0.493856210273786,-0.493856210273786,-0.493856210273786,0.0,0.0,0.0,45.637449753689175
2025-09-09,45.91833695739677,37.37460760258871,54.17032488941762,45.91833695739677,45.91833695739677,-0.2710216896637579,-0.2710216896637579,-0.2710216896637579,0.22905847395147255,0.22905847395147255,0.22905847395147255,-0.5000801636152304,-0.5000801636152304,-0.5000801636152304,0.0,0.0,0.0,45.64731526773301
2025-09-10,45.91866128125322,37.15128106076322,54.16972882221972,45.91866128125322,45.91866128125322,-0.6371893429816635,-0.6371893429816635,-0.6371893429816635,-0.13778026545221964,-0.13778026545221964,-0.13778026545221964,-0.49940907752944397,-0.49940907752944397,-0.49940907752944397,0.0,0.0,0.0,45.28147193827156
2025-09-11,45.91898560510967,36.73684141970692,53.492467488515025,45.91898560510967,45.91898560510967,-0.5757891922207,-0.5757891922207,-0.5757891922207,-0.08301648233872966,-0.08301648233872966,-0.08301648233872966,-0.4927727098819703,-0.4927727098819703,-0.4927727098819703,0.0,0.0,0.0,45.34319641288897
2025-09-12,45.91930992896612,36.71670094524946,53.86735023794054,45.91930992896612,45.91930992896612,-0.9447037765041644,-0.9447037765041644,-0.9447037765041644,-0.46345326816488275,-0.46345326816488275,-0.46345326816488275,-0.4812505083392816,-0.4812505083392816,-0.4812505083392816,0.0,0.0,0.0,44.97460615246196
2025-09-13,45.919634252822576,36.70957864448249,53.60305359866035,45.919634252822576,45.919634252822576,-0.8594103819479468,-0.8594103819479468,-0.8594103819479468,-0.3933697500202828,-0.3933697500202828,-0.3933697500202828,-0.4660406319276641,-0.4660406319276641,-0.4660406319276641,0.0,0.0,0.0,45.06022387087463
2025-09-14,45.91995857667902,37.51310345328969,54.6272856237216,45.91995857667902,45.91995857667902,0.18684215202821,0.18684215202821,0.18684215202821,0.6352679616034115,0.6352679616034115,0.6352679616034115,-0.4484258095752015,-0.4484258095752015,-0.4484258095752015,0.0,0.0,0.0,46.106800728707235
2025-09-15,45.92028290053547,37.72105838879015,54.513433965932656,45.92028290053547,45.92028290053547,-0.2164435537727797,-0.2164435537727797,-0.2164435537727797,0.21329333042392887,0.21329333042392887,0.21329333042392887,-0.4297368841967086,-0.4297368841967086,-0.4297368841967086,0.0,0.0,0.0,45.70383934676269
2025-09-16,45.92060722439192,37.23643206982681,54.111585579790976,45.92060722439192,45.92060722439192,-0.1822564776804315,-0.1822564776804315,-0.1822564776804315,0.2290584739511306,0.2290584739511306,0.2290584739511306,-0.4113149516315621,-0.4113149516315621,-0.4113149516315621,0.0,0.0,0.0,45.73835074671149
2025-09-17,45.92093154824837,36.83230523020165,53.582149618497766,45.92093154824837,45.92093154824837,-0.532253307716826,-0.532253307716826,-0.532253307716826,-0.13778026545315292,-0.13778026545315292,-0.13778026545315292,-0.394473042263673,-0.394473042263673,-0.394473042263673,0.0,0.0,0.0,45.38867824053154
2025-09-18,45.92125587210483,37.30197473854733,54.14878507681548,45.92125587210483,45.92125587210483,-0.46347479085650295,-0.46347479085650295,-0.46347479085650295,-0.08301648233935821,-0.08301648233935821,-0.08301648233935821,-0.3804583085171447,-0.3804583085171447,-0.3804583085171447,0.0,0.0,0.0,45.45778108124833
2025-09-19,45.921580195961276,36.55288109676408,53.712664115108446,45.921580195961276,45.921580195961276,-0.8338689413266559,-0.8338689413266559,-0.8338689413266559,-0.4634532681662351,-0.4634532681662351,-0.4634532681662351,-0.37041567316042073,-0.37041567316042073,-0.37041567316042073,0.0,0.0,0.0,45.08771125463462
2025-09-20,45.92190451981772,37.557832517376575,53.046343803926895,45.92190451981772,45.92190451981772,-0.758723611695485,-0.758723611695485,-0.758723611695485,-0.39336975002154273,-0.39336975002154273,-0.39336975002154273,-0.36535386167394207,-0.36535386167394207,-0.36535386167394207,0.0,0.0,0.0,45.163180908122236
2025-09-21,45.922228843674176,38.519292463766234,54.844209941329,45.922228843674176,45.922228843674176,0.2691532740638666,0.2691532740638666,0.2691532740638666,0.6352679616039069,0.6352679616039069,0.6352679616039069,-0.36611468754004034,-0.36611468754004034,-0.36611468754004034,0.0,0.0,0.0,46.191382117738044
2025-09-22,45.92255316753062,36.86365506438585,53.85064157407492,45.92255316753062,45.92255316753062,-0.16005305310332907,-0.16005305310332907,-0.16005305310332907,0.21329333042363524,0.21329333042363524,0.21329333042363524,-0.3733463835269643,-0.3733463835269643,-0.3733463835269643,0.0,0.0,0.0,45.7625001144273
2025-09-23,45.92287749138707,38.19238156945121,54.529125008471816,45.92287749138707,45.92287749138707,-0.15842320271637805,-0.15842320271637805,-0.15842320271637805,0.22905847395149745,0.22905847395149745,0.22905847395149745,-0.3874816766678755,-0.3874816766678755,-0.3874816766678755,0.0,0.0,0.0,45.76445428867069
2025-09-24,45.92320181524352,36.84920829525445,54.06984153327747,45.92320181524352,45.92320181524352,-0.546501457413808,-0.546501457413808,-0.546501457413808,-0.1377802654515536,-0.1377802654515536,-0.1377802654515536,-0.4087211919622543,-0.4087211919622543,-0.4087211919622543,0.0,0.0,0.0,45.37670035782971
2025-09-25,45.92352613909998,37.09790640755852,53.74396831252634,45.92352613909998,45.92352613909998,-0.5200391249382637,-0.5200391249382637,-0.5200391249382637,-0.08301648233998682,-0.08301648233998682,-0.08301648233998682,-0.4370226425982767,-0.4370226425982767,-0.4370226425982767,0.0,0.0,0.0,45.40348701416171
2025-09-26,45.92385046295642,36.32301100417877,53.651950073895904,45.92385046295642,45.92385046295642,-0.9355493939314504,-0.9355493939314504,-0.9355493939314504,-0.4634532681644507,-0.4634532681644507,-0.4634532681644507,-0.4720961257669998,-0.4720961257669998,-0.4720961257669998,0.0,0.0,0.0,44.98830106902497
2025-09-27,45.92417478681288,36.59699177829106,53.98710172191861,45.92417478681288,45.92417478681288,-0.906775446279091,-0.906775446279091,-0.906775446279091,-0.39336975002133373,-0.39336975002133373,-0.39336975002133373,-0.5134056962577572,-0.5134056962577572,-0.5134056962577572,0.0,0.0,0.0,45.017399340533785
2025-09-28,45.92449911066932,37.69665010651913,54.41248222046959,45.92449911066932,45.92449911066932,0.0750907230473331,0.0750907230473331,0.0750907230473331,0.6352679616037129,0.6352679616037129,0.6352679616037129,-0.5601772385563798,-0.5601772385563798,-0.5601772385563798,0.0,0.0,0.0,45.999589833716655
2025-09-29,45.92482343452577,37.19961654928587,54.50070975773253,45.92482343452577,45.92482343452577,-0.39811917532664154,-0.39811917532664154,-0.39811917532664154,0.2132933304233631,0.2132933304233631,0.2132933304233631,-0.6114125057500046,-0.6114125057500046,-0.6114125057500046,0.0,0.0,0.0,45.52670425919913
2025-09-30,45.925147758382224,36.83206955112998,53.78291868939752,45.925147758382224,45.925147758382224,-0.4368505699106211,-0.4368505699106211,-0.4368505699106211,0.2290584739518642,0.2290584739518642,0.2290584739518642,-0.6659090438624853,-0.6659090438624853,-0.6659090438624853,0.0,0.0,0.0,45.488297188471606
2025-10-01,45.92547208223868,36.672673793216326,53.111532620500945,45.92547208223868,45.92547208223868,-0.8600658423526605,-0.8600658423526605,-0.8600658423526605,-0.13778026545273336,-0.13778026545273336,-0.13778026545273336,-0.7222855768999271,-0.7222855768999271,-0.7222855768999271,0.0,0.0,0.0,45.065406239886016
2025-10-02,45.925796406095124,36.94617853691011,54.1491173914149,45.925796406095124,45.925796406095124,-0.8620287766837336,-0.8620287766837336,-0.8620287766837336,-0.08301648234061537,-0.08301648234061537,-0.08301648234061537,-0.7790122943431183,-0.7790122943431183,-0.7790122943431183,0.0,0.0,0.0,45.06376762941139
2025-10-03,45.92612072995158,36.580866162140616,52.65043283598898,45.92612072995158,45.92612072995158,-1.2978986304234195,-1.2978986304234195,-1.2978986304234195,-0.46345326816580307,-0.46345326816580307,-0.46345326816580307,-0.8344453622576162,-0.8344453622576162,-0.8344453622576162,0.0,0.0,0.0,44.62822209952816
2025-10-04,45.926445053808024,36.21883597239167,53.04660047053403,45.926445053808024,45.926445053808024,-1.2802346245537062,-1.2802346245537062,-1.2802346245537062,-0.39336975001987184,-0.39336975001987184,-0.39336975001987184,-0.8868648745338344,-0.8868648745338344,-0.8868648745338344,0.0,0.0,0.0,44.64621042925432
2025-10-05,45.92676937766447,37.295710780042974,53.634898631480176,45.92676937766447,45.92676937766447,-0.29924741288263884,-0.29924741288263884,-0.29924741288263884,0.6352679616048976,0.6352679616048976,0.6352679616048976,-0.9345153744875364,-0.9345153744875364,-0.9345153744875364,0.0,0.0,0.0,45.627521964781835
2025-10-06,45.927093701520924,36.94109110664897,52.89632079102635,45.927093701520924,45.927093701520924,-0.7623546808002473,-0.7623546808002473,-0.7623546808002473,0.21329333042465184,0.21329333042465184,0.21329333042465184,-0.9756480112248991,-0.9756480112248991,-0.9756480112248991,0.0,0.0,0.0,45.164739020720674
2025-10-07,45.92741802537737,35.95903456128969,53.7030205583542,45.92741802537737,45.92741802537737,-0.7795048774102169,-0.7795048774102169,-0.7795048774102169,0.22905847395081358,0.22905847395081358,0.22905847395081358,-1.0085633513610306,-1.0085633513610306,-1.0085633513610306,0.0,0.0,0.0,45.14791314796715
2025-10-08,45.92774234923383,36.17866910100232,52.886477429483136,45.92774234923383,45.92774234923383,-1.1694341113548326,-1.1694341113548326,-1.1694341113548326,-0.13778026545240035,-0.13778026545240035,-0.13778026545240035,-1.0316538459024323,-1.0316538459024323,-1.0316538459024323,0.0,0.0,0.0,44.758308237879
2025-10-09,45.92806667309028,36.54049437558198,53.17822311805427,45.92806667309028,45.92806667309028,-1.1264614372105053,-1.1264614372105053,-1.1264614372105053,-0.08301648233975437,-0.08301648233975437,-0.08301648233975437,-1.0434449548707507,-1.0434449548707507,-1.0434449548707507,0.0,0.0,0.0,44.80160523587977
2025-10-10,45.928390996946725,36.23309858327916,52.91910607386444,45.928390996946725,45.928390996946725,-1.506087226589526,-1.506087226589526,-1.506087226589526,-0.463453268165587,-0.463453268165587,-0.463453268165587,-1.0426339584239392,-1.0426339584239392,-1.0426339584239392,0.0,0.0,0.0,44.422303770357196
2025-10-11,45.92871532080318,37.20666806003379,52.89963895700834,45.92871532080318,45.92871532080318,-1.42149528226545,-1.42149528226545,-1.42149528226545,-0.39336975001840985,-0.39336975001840985,-0.39336975001840985,-1.0281255322470404,-1.0281255322470404,-1.0281255322470404,0.0,0.0,0.0,44.50722003853773
2025-10-12,45.929039644659625,36.96608570019109,54.01265835963733,45.929039644659625,45.929039644659625,-0.36379527399357187,-0.36379527399357187,-0.36379527399357187,0.6352679616028396,0.6352679616028396,0.6352679616028396,-0.9990632355964115,-0.9990632355964115,-0.9990632355964115,0.0,0.0,0.0,45.56524437066605
2025-10-13,45.92936396851607,36.44355592339408,53.8091344082242,45.92936396851607,45.92936396851607,-0.7415628205143303,-0.7415628205143303,-0.7415628205143303,0.21329333042436893,0.21329333042436893,0.21329333042436893,-0.9548561509386992,-0.9548561509386992,-0.9548561509386992,0.0,0.0,0.0,45.18780114800174
2025-10-14,45.92968829237253,36.71812468299163,53.93068050206699,45.92968829237253,45.92968829237253,-0.6661415485068882,-0.6661415485068882,-0.6661415485068882,0.22905847395118042,0.22905847395118042,0.22905847395118042,-0.8952000224580687,-0.8952000224580687,-0.8952000224580687,0.0,0.0,0.0,45.263546743865646
2025-10-15,45.93001261622898,36.830123789455314,53.253624286837535,45.93001261622898,45.93001261622898,-0.95787262969188,-0.95787262969188,-0.95787262969188,-0.13778026545333363,-0.13778026545333363,-0.13778026545333363,-0.8200923642385463,-0.8200923642385463,-0.8200923642385463,0.0,0.0,0.0,44.9721399865371
2025-10-16,45.930336940085425,36.880655482467034,53.152012393404156,45.930336940085425,45.930336940085425,-0.8128576270948088,-0.8128576270948088,-0.8128576270948088,-0.08301648234038295,-0.08301648234038295,-0.08301648234038295,-0.7298411447544259,-0.7298411447544259,-0.7298411447544259,0.0,0.0,0.0,45.11747931299062
2025-10-17,45.93066126394188,36.442052185652244,52.7098794416672,45.93066126394188,45.93066126394188,-1.0885200673742677,-1.0885200673742677,-1.0885200673742677,-0.4634532681645944,-0.4634532681645944,-0.4634532681645944,-0.6250667992096732,-0.6250667992096732,-0.6250667992096732,0.0,0.0,0.0,44.84214119656761
2025-10-18,45.930985587798325,36.77220274391451,53.50648842885868,45.930985587798325,45.930985587798325,-0.9000672219017609,-0.9000672219017609,-0.9000672219017609,-0.3933697500194538,-0.3933697500194538,-0.3933697500194538,-0.5066974718823071,-0.5066974718823071,-0.5066974718823071,0.0,0.0,0.0,45.03091836589657
2025-10-19,45.93130991165477,37.63246010937081,53.993295157350346,45.93130991165477,45.93130991165477,0.2593104182056595,0.2593104182056595,0.2593104182056595,0.635267961603335,0.635267961603335,0.635267961603335,-0.3759575433976755,-0.3759575433976755,-0.3759575433976755,0.0,0.0,0.0,46.19062032986043
2025-10-20,45.931634235511225,37.269513084426464,54.01132186592883,45.931634235511225,45.931634235511225,-0.02105631884352517,-0.02105631884352517,-0.02105631884352517,0.2132933304240752,0.2132933304240752,0.2132933304240752,-0.23434964926760035,-0.23434964926760035,-0.23434964926760035,0.0,0.0,0.0,45.9105779166677
2025-10-21,45.93195855936768,37.833996911507505,53.87318180178402,45.93195855936768,45.93195855936768,0.14542793140304525,0.14542793140304525,0.14542793140304525,0.22905847395083856,0.22905847395083856,0.22905847395083856,-0.0836305425477933,-0.0836305425477933,-0.0836305425477933,0.0,0.0,0.0,46.07738649077073
2025-10-22,45.932282883224126,37.02889211381488,54.19012011891459,45.932282883224126,45.932282883224126,-0.06356155721462632,-0.06356155721462632,-0.06356155721462632,-0.13778026545426694,-0.13778026545426694,-0.13778026545426694,0.07421870823964062,0.07421870823964062,0.07421870823964062,0.0,0.0,0.0,45.8687213260095
2025-10-23,45.93260720708058,37.567912346078415,54.41240518445531,45.93260720708058,45.93260720708058,0.15401108558231283,0.15401108558231283,0.15401108558231283,-0.08301648233943841,-0.08301648233943841,-0.08301648233943841,0.23702756792175125,0.23702756792175125,0.23702756792175125,0.0,0.0,0.0,46.08661829266289
2025-10-24,45.932931530937026,37.407643721949476,53.89529284698017,45.932931530937026,45.932931530937026,-0.06097806853849974,-0.06097806853849974,-0.06097806853849974,-0.4634532681643785,-0.4634532681643785,-0.4634532681643785,0.40247519962587874,0.40247519962587874,0.40247519962587874,0.0,0.0,0.0,45.87195346239852
2025-10-25,45.93325585479347,38.03741567580745,54.3560268384488,45.93325585479347,45.93325585479347,0.17476336946263366,0.17476336946263366,0.17476336946263366,-0.3933697500179919,-0.3933697500179919,-0.3933697500179919,0.5681331194806256,0.5681331194806256,0.5681331194806256,0.0,0.0,0.0,46.108019224256104
2025-10-26,45.933580178649926,39.055579554583765,55.74671494078598,45.933580178649926,45.933580178649926,1.366778399440418,1.366778399440418,1.366778399440418,0.6352679616038304,0.6352679616038304,0.6352679616038304,0.7315104378365875,0.7315104378365875,0.7315104378365875,0.0,0.0,0.0,47.300358578090346
2025-10-27,45.93390450250638,37.941590459757776,55.472339559961064,45.93390450250638,45.93390450250638,1.1033940579264727,1.1033940579264727,1.1033940579264727,0.21329333042379234,0.21329333042379234,0.21329333042379234,0.8901007275026804,0.8901007275026804,0.8901007275026804,0.0,0.0,0.0,47.03729856043285
2025-10-28,45.934228826362826,38.84632730004063,56.94934095376409,45.934228826362826,45.934228826362826,1.2704879989461368,1.2704879989461368,1.2704879989461368,0.22905847395149112,0.22905847395149112,0.22905847395149112,1.0414295249946457,1.0414295249946457,1.0414295249946457,0.0,0.0,0.0,47.204716825308964
2025-10-29,45.93455315021928,38.774904066154804,54.59402002034481,45.93455315021928,45.93455315021928,1.0453211932948783,1.0453211932948783,1.0453211932948783,-0.1377802654526676,-0.1377802654526676,-0.1377802654526676,1.1831014587475457,1.1831014587475457,1.1831014587475457,0.0,0.0,0.0,46.979874343514155
2025-10-30,45.934877474075726,37.825018069452724,55.370777460707984,45.934877474075726,45.934877474075726,1.2298295264069474,1.2298295264069474,1.2298295264069474,-0.0830164823416401,-0.0830164823416401,-0.0830164823416401,1.3128460087485874,1.3128460087485874,1.3128460087485874,0.0,0.0,0.0,47.16470700048267
2025-10-31,45.93520179793218,38.883751773525134,55.18053869135065,45.93520179793218,45.93520179793218,0.965107666601367,0.965107666601367,0.965107666601367,-0.46345326816573074,-0.46345326816573074,-0.46345326816573074,1.4285609347670978,1.4285609347670978,1.4285609347670978,0.0,0.0,0.0,46.90030946453355
2025-11-01,45.93552612178863,38.432019843467444,55.662741251097586,45.93552612178863,45.93552612178863,1.1349827143554017,1.1349827143554017,1.1349827143554017,-0.39336975001778285,-0.39336975001778285,-0.39336975001778285,1.5283524643731845,1.5283524643731845,1.5283524643731845,0.0,0.0,0.0,47.07050883614403
2025-11-02,45.93585044564507,40.52678657448833,56.70005331104497,45.93585044564507,45.93585044564507,2.2458393675062704,2.2458393675062704,2.2458393675062704,0.6352679616024618,0.6352679616024618,0.6352679616024618,1.6105714059038085,1.6105714059038085,1.6105714059038085,0.0,0.0,0.0,48.181689813151344
2025-11-03,45.936174769501534,39.7192092631061,55.62666387394366,45.936174769501534,45.936174769501534,1.8871377740091928,1.8871377740091928,1.8871377740091928,0.21329333042349866,0.21329333042349866,0.21329333042349866,1.673844443585694,1.673844443585694,1.673844443585694,0.0,0.0,0.0,47.823312543510724
2025-11-04,45.93649909335798,39.66926884049784,56.532267413508315,45.93649909335798,45.93649909335798,1.9461584539446435,1.9461584539446435,1.9461584539446435,0.2290584739511492,0.2290584739511492,0.2290584739511492,1.7170999799934943,1.7170999799934943,1.7170999799934943,0.0,0.0,0.0,47.88265754730262
2025-11-05,45.93682341721443,39.35845932236447,55.79049026918349,45.93682341721443,45.93682341721443,1.6018077468474743,1.6018077468474743,1.6018077468474743,-0.1377802654536009,-0.1377802654536009,-0.1377802654536009,1.7395880123010752,1.7395880123010752,1.7395880123010752,0.0,0.0,0.0,47.538631164061904
2025-11-06,45.93714774107088,39.17359073707065,56.559418093714264,45.93714774107088,45.93714774107088,1.6578771782020318,1.6578771782020318,1.6578771782020318,-0.08301648234069553,-0.08301648234069553,-0.08301648234069553,1.7408936605427274,1.7408936605427274,1.7408936605427274,0.0,0.0,0.0,47.595024919272916
2025-11-07,45.93747206492733,39.380533274892535,56.137810876650484,45.93747206492733,45.93747206492733,1.2574908371022897,1.2574908371022897,1.2574908371022897,-0.46345326816551474,-0.46345326816551474,-0.46345326816551474,1.7209441052678047,1.7209441052678047,1.7209441052678047,0.0,0.0,0.0,47.194962902029616
2025-11-08,45.937796388783774,38.65168731815475,55.96241249998053,45.937796388783774,45.937796388783774,1.286639085338105,1.286639085338105,1.286639085338105,-0.3933697500202957,-0.3933697500202957,-0.3933697500202957,1.6800088353584006,1.6800088353584006,1.6800088353584006,0.0,0.0,0.0,47.224435474121876
2025-11-09,45.938120712640234,39.77386728778284,56.49440768994929,45.938120712640234,45.938120712640234,2.253961212693056,2.253961212693056,2.253961212693056,0.6352679616029572,0.6352679616029572,0.6352679616029572,1.618693251090099,1.618693251090099,1.618693251090099,0.0,0.0,0.0,48.19208192533329
2025-11-10,45.93844503649668,39.289229876021494,56.341700704400985,45.93844503649668,45.93844503649668,1.7512191399553334,1.7512191399553334,1.7512191399553334,0.21329333042322648,0.21329333042322648,0.21329333042322648,1.537925809532107,1.537925809532107,1.537925809532107,0.0,0.0,0.0,47.68966417645201
2025-11-11,45.93876936035313,39.10615842642143,55.43004263245071,45.93876936035313,45.93876936035313,1.6679975098423545,1.6679975098423545,1.6679975098423545,0.229058473951516,0.229058473951516,0.229058473951516,1.4389390358908387,1.4389390358908387,1.4389390358908387,0.0,0.0,0.0,47.60676687019548
2025-11-12,45.93909368420958,38.165177195467805,56.55847174102445,45.93909368420958,45.93909368420958,1.1854645869736826,1.1854645869736826,1.1854645869736826,-0.13778026545224803,-0.13778026545224803,-0.13778026545224803,1.3232448524259306,1.3232448524259306,1.3232448524259306,0.0,0.0,0.0,47.12455827118326
2025-11-13,45.93941800806603,38.597712810094485,55.68420445366014,45.93941800806603,45.93941800806603,1.1095883109524183,1.1095883109524183,1.1095883109524183,-0.08301648233983452,-0.08301648233983452,-0.08301648233983452,1.1926047932922526,1.1926047932922526,1.1926047932922526,0.0,0.0,0.0,47.049006319018446
2025-11-14,45.939742331922474,38.35267402434568,55.07771799355731,45.939742331922474,45.939742331922474,0.5855425084650195,0.5855425084650195,0.5855425084650195,-0.46345326816686705,-0.46345326816686705,-0.46345326816686705,1.0489957766318865,1.0489957766318865,1.0489957766318865,0.0,0.0,0.0,46.52528484038749
2025-11-15,45.94006665577893,38.22383188528477,54.36171180959809,45.94006665577893,45.94006665577893,0.5012024421925012,0.5012024421925012,0.5012024421925012,-0.3933697500200868,-0.3933697500200868,-0.3933697500200868,0.8945721922125879,0.8945721922125879,0.8945721922125879,0.0,0.0,0.0,46.44126909797143
2025-11-16,45.94039097963538,38.75588440533248,55.99124926952653,45.94039097963538,45.94039097963538,1.3668930938462514,1.3668930938462514,1.3668930938462514,0.6352679616034524,0.6352679616034524,0.6352679616034524,0.7316251322427988,0.7316251322427988,0.7316251322427988,0.0,0.0,0.0,47.30728407348163
2025-11-17,45.94071530349183,38.066261705696576,54.77256160999178,45.94071530349183,45.94071530349183,0.7758329736231984,0.7758329736231984,0.7758329736231984,0.21329333042293275,0.21329333042293275,0.21329333042293275,0.5625396432002656,0.5625396432002656,0.5625396432002656,0.0,0.0,0.0,46.716548277115024
2025-11-18,45.94103962734828,37.75159576889217,55.65200145444632,45.94103962734828,45.94103962734828,0.6188093807603234,0.6188093807603234,0.6188093807603234,0.22905847395117412,0.22905847395117412,0.22905847395117412,0.3897509068091493,0.3897509068091493,0.3897509068091493,0.0,0.0,0.0,46.55984900810861
2025-11-19,45.94136395120473,37.31291918374856,53.762694359768155,45.94136395120473,45.94136395120473,0.07792000271327464,0.07792000271327464,0.07792000271327464,-0.13778026545318134,-0.13778026545318134,-0.13778026545318134,0.21570026816645596,0.21570026816645596,0.21570026816645596,0.0,0.0,0.0,46.019283953918006
2025-11-20,45.94168827506118,37.26381781404159,54.31861443640827,45.94168827506118,45.94168827506118,-0.04022446377604025,-0.04022446377604025,-0.04022446377604025,-0.08301648234046312,-0.08301648234046312,-0.08301648234046312,0.042792018564422864,0.042792018564422864,0.042792018564422864,0.0,0.0,0.0,45.90146381128514
2025-11-21,45.94201259891763,36.974187911858166,54.29430484404409,45.94201259891763,45.94201259891763,-0.5901014579654063,-0.5901014579654063,-0.5901014579654063,-0.46345326816508275,-0.46345326816508275,-0.46345326816508275,-0.1266481898003235,-0.1266481898003235,-0.1266481898003235,0.0,0.0,0.0,45.351911140952225
2025-11-22,45.94233692277408,36.21774535636997,53.42397373860914,45.94233692277408,45.94233692277408,-0.6837822193282799,-0.6837822193282799,-0.6837822193282799,-0.39336975001987773,-0.39336975001987773,-0.39336975001987773,-0.29041246930840214,-0.29041246930840214,-0.29041246930840214,0.0,0.0,0.0,45.2585547034458
2025-11-23,45.942661246630536,37.35207983577507,54.783742222712185,45.942661246630536,45.942661246630536,0.18882136009982273,0.18882136009982273,0.18882136009982273,0.6352679616032585,0.6352679616032585,0.6352679616032585,-0.4464466015034358,-0.4464466015034358,-0.4464466015034358,0.0,0.0,0.0,46.13148260673036
2025-11-24,45.94298557048698,37.65110233529492,53.78939449102268,45.94298557048698,45.94298557048698,-0.37958871195001936,-0.37958871195001936,-0.37958871195001936,0.2132933304242215,0.2132933304242215,0.2132933304242215,-0.5928820423742409,-0.5928820423742409,-0.5928820423742409,0.0,0.0,0.0,45.56339685853696
2025-11-25,45.94330989434343,37.306665537572556,54.07975174193728,45.94330989434343,45.94330989434343,-0.4990049724289469,-0.4990049724289469,-0.4990049724289469,0.2290584739515409,0.2290584739515409,0.2290584739515409,-0.7280634463804878,-0.7280634463804878,-0.7280634463804878,0.0,0.0,0.0,45.44430492191448
2025-11-26,45.94363421819988,36.55530149963365,53.19703044968107,45.94363421819988,45.94363421819988,-0.9883515005624777,-0.9883515005624777,-0.9883515005624777,-0.1377802654528483,-0.1377802654528483,-0.1377802654528483,-0.8505712351096294,-0.8505712351096294,-0.8505712351096294,0.0,0.0,0.0,44.9552827176374
2025-11-27,45.94395854205633,36.25639888604478,53.27332460847194,45.94395854205633,45.94395854205633,-1.042255335479134,-1.042255335479134,-1.042255335479134,-0.08301648234109167,-0.08301648234109167,-0.08301648234109167,-0.9592388531380422,-0.9592388531380422,-0.9592388531380422,0.0,0.0,0.0,44.901703206577196
2025-11-28,45.944282865912776,35.66896702364264,52.06354601759384,45.944282865912776,45.944282865912776,-1.5166177445918865,-1.5166177445918865,-1.5166177445918865,-0.4634532681664351,-0.4634532681664351,-0.4634532681664351,-1.0531644764254513,-1.0531644764254513,-1.0531644764254513,0.0,0.0,0.0,44.42766512132089
2025-11-29,45.944607189769236,35.89307435989744,52.29319618606923,45.944607189769236,45.944607189769236,-1.525086814578363,-1.525086814578363,-1.525086814578363,-0.3933697500223906,-0.3933697500223906,-0.3933697500223906,-1.1317170645559724,-1.1317170645559724,-1.1317170645559724,0.0,0.0,0.0,44.41952037519087
2025-11-30,45.94493151362568,36.93009950992537,54.272297667853906,45.94493151362568,45.94493151362568,-0.5592688128656935,-0.5592688128656935,-0.5592688128656935,0.6352679616030644,0.6352679616030644,0.6352679616030644,-1.194536774468758,-1.194536774468758,-1.194536774468758,0.0,0.0,0.0,45.38566270075999
2025-12-01,45.94525583748213,36.918282150449244,53.265739717503685,45.94525583748213,45.94525583748213,-1.0282365467111638,-1.0282365467111638,-1.0282365467111638,0.2132933304239387,0.2132933304239387,0.2132933304239387,-1.2415298771351024,-1.2415298771351024,-1.2415298771351024,0.0,0.0,0.0,44.917019290770966
2025-12-02,45.94558016133858,37.01333579749368,53.36646605050776,45.94558016133858,45.94558016133858,-1.0437999632527646,-1.0437999632527646,-1.0437999632527646,0.22905847395049025,0.22905847395049025,0.22905847395049025,-1.272858437203255,-1.272858437203255,-1.272858437203255,0.0,0.0,0.0,44.90178019808582
2025-12-03,45.94590448519503,35.98216476163071,53.04481862022764,45.94590448519503,45.94590448519503,-1.4267053917656112,-1.4267053917656112,-1.4267053917656112,-0.13778026545251532,-0.13778026545251532,-0.13778026545251532,-1.2889251263130959,-1.2889251263130959,-1.2889251263130959,0.0,0.0,0.0,44.51919909342942
2025-12-04,45.946228809051476,35.54095064615292,52.81187281754368,45.946228809051476,45.946228809051476,-1.3733701235641662,-1.3733701235641662,-1.3733701235641662,-0.08301648234014712,-0.08301648234014712,-0.08301648234014712,-1.290353641224019,-1.290353641224019,-1.290353641224019,0.0,0.0,0.0,44.57285868548731
2025-12-05,45.94655313290794,36.02560624750243,52.998737677642616,45.94655313290794,45.94655313290794,-1.7414185541204086,-1.7414185541204086,-1.7414185541204086,-0.4634532681654424,-0.4634532681654424,-0.4634532681654424,-1.2779652859549662,-1.2779652859549662,-1.2779652859549662,0.0,0.0,0.0,44.20513457878753
2025-12-06,45.94687745676438,36.22182657613917,52.66424430668599,45.94687745676438,45.94687745676438,-1.6461221010352973,-1.6461221010352973,-1.6461221010352973,-0.3933697500209287,-0.3933697500209287,-0.3933697500209287,-1.2527523510143688,-1.2527523510143688,-1.2527523510143688,0.0,0.0,0.0,44.30075535572909
2025-12-07,45.94720178062083,35.97790553329904,53.689158708476185,45.94720178062083,45.94720178062083,-0.5805810194065143,-0.5805810194065143,-0.5805810194065143,0.6352679616035599,0.6352679616035599,0.6352679616035599,-1.2158489810100743,-1.2158489810100743,-1.2158489810100743,0.0,0.0,0.0,45.366620761214314
2025-12-08,45.947526104477284,36.58101938964249,53.60374094130041,45.947526104477284,45.947526104477284,-0.9552069329737692,-0.9552069329737692,-0.9552069329737692,0.21329333042365567,0.21329333042365567,0.21329333042365567,-1.1685002633974249,-1.1685002633974249,-1.1685002633974249,0.0,0.0,0.0,44.99231917150352
2025-12-09,45.94785042833373,36.766960795214864,54.00665649011289,45.94785042833373,45.94785042833373,-0.8829718211879094,-0.8829718211879094,-0.8829718211879094,0.2290584739511429,0.2290584739511429,0.2290584739511429,-1.1120302951390522,-1.1120302951390522,-1.1120302951390522,0.0,0.0,0.0,45.06487860714582
2025-12-10,45.94817475219018,36.20023527110075,53.47533615930708,45.94817475219018,45.94817475219018,-1.1855902557847855,-1.1855902557847855,-1.1855902557847855,-0.13778026545242875,-0.13778026545242875,-0.13778026545242875,-1.047809990332357,-1.047809990332357,-1.047809990332357,0.0,0.0,0.0,44.76258449640539
2025-12-11,45.94849907604663,36.70918942480919,53.82989316133108,45.94849907604663,45.94849907604663,-1.060241862831297,-1.060241862831297,-1.060241862831297,-0.08301648233920257,-0.08301648233920257,-0.08301648233920257,-0.9772253804920943,-0.9772253804920943,-0.9772253804920943,0.0,0.0,0.0,44.88825721321533
2025-12-12,45.948823399903084,36.17992374151168,52.58895541614997,45.948823399903084,45.948823399903084,-1.3651003988638588,-1.3651003988638588,-1.3651003988638588,-0.4634532681652265,-0.4634532681652265,-0.4634532681652265,-0.9016471306986323,-0.9016471306986323,-0.9016471306986323,0.0,0.0,0.0,44.583723001039225
2025-12-13,45.94914772375954,36.318819639360356,53.59499159810065,45.94914772375954,45.94914772375954,-1.215771700136469,-1.215771700136469,-1.215771700136469,-0.39336975002197255,-0.39336975002197255,-0.39336975002197255,-0.8224019501144963,-0.8224019501144963,-0.8224019501144963,0.0,0.0,0.0,44.733376023623066
2025-12-14,45.949472047615984,37.864902366100594,53.80121292464348,45.949472047615984,45.949472047615984,-0.10547855405565017,-0.10547855405565017,-0.10547855405565017,0.6352679616040554,0.6352679616040554,0.6352679616040554,-0.7407465156597055,-0.7407465156597055,-0.7407465156597055,0.0,0.0,0.0,45.84399349356033
2025-12-15,45.94979637147243,36.966042074848225,53.67957731958142,45.94979637147243,45.94979637147243,-0.44455112411517994,-0.44455112411517994,-0.44455112411517994,0.21329333042336202,0.21329333042336202,0.21329333042336202,-0.657844454538542,-0.657844454538542,-0.657844454538542,0.0,0.0,0.0,45.50524524735725
2025-12-16,45.950120695328884,37.45573782687315,53.71717761401664,45.950120695328884,45.950120695328884,-0.34568837267970437,-0.34568837267970437,-0.34568837267970437,0.22905847395080092,0.22905847395080092,0.22905847395080092,-0.5747468466305052,-0.5747468466305052,-0.5747468466305052,0.0,0.0,0.0,45.60443232264918
2025-12-17,45.95044501918533,36.64891162257167,53.2745102199431,45.95044501918533,45.95044501918533,-0.6301568790899962,-0.6301568790899962,-0.6301568790899962,-0.13778026545336203,-0.13778026545336203,-0.13778026545336203,-0.4923766136366341,-0.4923766136366341,-0.4923766136366341,0.0,0.0,0.0,45.320288140095336
2025-12-18,45.950769343041785,36.344403806836745,53.22375483360872,45.950769343041785,45.950769343041785,-0.49453354291265184,-0.49453354291265184,-0.49453354291265184,-0.08301648233983117,-0.08301648233983117,-0.08301648233983117,-0.4115170605728206,-0.4115170605728206,-0.4115170605728206,0.0,0.0,0.0,45.456235800129136
2025-12-19,45.95109366689824,36.73943340292767,54.2070973242952,45.95109366689824,45.95109366689824,-0.7962579973080052,-0.7962579973080052,-0.7962579973080052,-0.46345326816501053,-0.46345326816501053,-0.46345326816501053,-0.3328047291429946,-0.3328047291429946,-0.3328047291429946,0.0,0.0,0.0,45.154835669590234
2025-12-20,45.951417990754685,36.64280819022915,53.62117959803982,45.951417990754685,45.951417990754685,-0.6500963642595169,-0.6500963642595169,-0.6500963642595169,-0.3933697500205107,-0.3933697500205107,-0.3933697500205107,-0.25672661423900617,-0.25672661423900617,-0.25672661423900617,0.0,0.0,0.0,45.30132162649517
2025-12-21,45.95174231461113,37.986834883030625,54.67506836993322,45.95174231461113,45.95174231461113,0.4516462748060761,0.4516462748060761,0.4516462748060761,0.6352679616026866,0.6352679616026866,0.6352679616026866,-0.1836216867966105,-0.1836216867966105,-0.1836216867966105,0.0,0.0,0.0,46.403388589417204
2025-12-22,45.952066638467585,37.23080769866396,54.37275060998597,45.952066638467585,45.952066638467585,0.09960676941911258,0.09960676941911258,0.09960676941911258,0.21329333042306828,0.21329333042306828,0.21329333042306828,-0.11368656100395572,-0.11368656100395572,-0.11368656100395572,0.0,0.0,0.0,46.051673407886696
2025-12-23,45.95239096232403,37.98410123064766,54.32474523474999,45.95239096232403,45.95239096232403,0.18207343013990832,0.18207343013990832,0.18207343013990832,0.2290584739511677,0.2290584739511677,0.2290584739511677,-0.04698504381125943,-0.04698504381125943,-0.04698504381125943,0.0,0.0,0.0,46.13446439246394
2025-12-24,45.95271528618048,37.35306922170632,54.15628314337041,45.95271528618048,45.95271528618048,-0.12124147754443697,-0.12124147754443697,-0.12124147754443697,-0.13778026545176275,-0.13778026545176275,-0.13778026545176275,0.01653878790732579,0.01653878790732579,0.01653878790732579,0.0,0.0,0.0,45.83147380863604
2025-12-25,45.95303961003694,37.776703209853906,54.00110689779966,45.95303961003694,45.95303961003694,-0.005972062091609615,-0.005972062091609615,-0.005972062091609615,-0.08301648234045973,-0.08301648234045973,-0.08301648234045973,0.07704442024885011,0.07704442024885011,0.07704442024885011,0.0,0.0,0.0,45.94706754794533
2025-12-26,45.953363933893385,37.22228160670349,54.54903634743609,45.953363933893385,45.953363933893385,-0.32867711351657575,-0.32867711351657575,-0.32867711351657575,-0.46345326816401783,-0.46345326816401783,-0.46345326816401783,0.13477615464744205,0.13477615464744205,0.13477615464744205,0.0,0.0,0.0,45.62468682037681
2025-12-27,45.95368825774983,37.325030245175995,54.61914778006627,45.95368825774983,45.95368825774983,-0.2033274021454915,-0.2033274021454915,-0.2033274021454915,-0.39336975002030167,-0.39336975002030167,-0.39336975002030167,0.19004234787481014,0.19004234787481014,0.19004234787481014,0.0,0.0,0.0,45.75036085560434
2025-12-28,45.954012581606285,38.517736855153956,55.198450293310685,45.954012581606285,45.954012581606285,0.8784612139926834,0.8784612139926834,0.8784612139926834,0.6352679616024928,0.6352679616024928,0.6352679616024928,0.24319325239019052,0.24319325239019052,0.24319325239019052,0.0,0.0,0.0,46.83247379559897
2025-12-29,45.95433690546273,38.373490501413606,54.70593666693636,45.95433690546273,45.95433690546273,0.5078914296100749,0.5078914296100749,0.5078914296100749,0.21329333042278548,0.21329333042278548,0.21329333042278548,0.29459809918728946,0.29459809918728946,0.29459809918728946,0.0,0.0,0.0,46.46222833507281
2025-12-30,45.95466122931918,38.56138236242652,55.404479607888156,45.95466122931918,45.95466122931918,0.5736805529229072,0.5736805529229072,0.5736805529229072,0.22905847395082585,0.22905847395082585,0.22905847395082585,0.34462207897208136,0.34462207897208136,0.34462207897208136,0.0,0.0,0.0,46.52834178224209
2025-12-31,45.95498555317564,38.33140566591881,55.06340756627773,45.95498555317564,45.95498555317564,0.2558236098236306,0.2558236098236306,0.2558236098236306,-0.13778026545269603,-0.13778026545269603,-0.13778026545269603,0.3936038752763267,0.3936038752763267,0.3936038752763267,0.0,0.0,0.0,46.21080916299927
2026-01-01,45.955309877032086,38.41436988357753,55.02328169650134,45.955309877032086,45.955309877032086,0.35881790274035746,0.35881790274035746,0.35881790274035746,-0.08301648233959873,-0.08301648233959873,-0.08301648233959873,0.44183438507995615,0.44183438507995615,0.44183438507995615,0.0,0.0,0.0,46.31412777977244
2026-01-02,45.95563420088854,37.46048672936558,53.9904693160963,45.95563420088854,45.95563420088854,0.02608396100555648,0.02608396100555648,0.02608396100555648,-0.46345326816380183,-0.46345326816380183,-0.46345326816380183,0.4895372291693584,0.4895372291693584,0.4895372291693584,0.0,0.0,0.0,45.981718161894094
2026-01-03,45.955958524744986,36.84411370594375,55.09992343230453,45.955958524744986,45.955958524744986,0.14348185663076754,0.14348185663076754,0.14348185663076754,-0.3933697500188397,-0.3933697500188397,-0.3933697500188397,0.5368516066496073,0.5368516066496073,0.5368516066496073,0.0,0.0,0.0,46.09944038137575
2026-01-04,45.95628284860143,38.26277457895109,55.655040999070145,45.95628284860143,45.95628284860143,1.2190859485345702,1.2190859485345702,1.2190859485345702,0.6352679616036775,0.6352679616036775,0.6352679616036775,0.5838179869308926,0.5838179869308926,0.5838179869308926,0.0,0.0,0.0,47.175368797136
2026-01-05,45.956607172457886,38.220791207276186,55.72464075925338,45.956607172457886,45.956607172457886,0.8436603899710885,0.8436603899710885,0.8436603899710885,0.21329333042409562,0.21329333042409562,0.21329333042409562,0.6303670595469928,0.6303670595469928,0.6303670595469928,0.0,0.0,0.0,46.80026756242898
2026-01-06,45.95693149631433,38.440909931057,55.10139755537327,45.95693149631433,45.95693149631433,0.9053707530442737,0.9053707530442737,0.9053707530442737,0.22905847395147844,0.22905847395147844,0.22905847395147844,0.6763122790927952,0.6763122790927952,0.6763122790927952,0.0,0.0,0.0,46.862302249358606
2026-01-07,45.957255820170786,38.33449135071517,55.09313973330284,45.957255820170786,45.957255820170786,0.5835659858478793,0.5835659858478793,0.5835659858478793,-0.13778026545236302,-0.13778026545236302,-0.13778026545236302,0.7213462513002424,0.7213462513002424,0.7213462513002424,0.0,0.0,0.0,46.54082180601866
2026-01-08,45.95758014402724,38.48673059381011,55.50144613140412,45.95758014402724,45.95758014402724,0.6820246266289082,0.6820246266289082,0.6820246266289082,-0.08301648233865418,-0.08301648233865418,-0.08301648233865418,0.7650411089675623,0.7650411089675623,0.7650411089675623,0.0,0.0,0.0,46.63960477065615
2026-01-09,45.95790446788369,37.9389514012285,54.16231232200125,45.95790446788369,45.95790446788369,0.3433996571569743,0.3433996571569743,0.3433996571569743,-0.46345326816515414,-0.46345326816515414,-0.46345326816515414,0.8068529253221284,0.8068529253221284,0.8068529253221284,0.0,0.0,0.0,46.30130412504066
2026-01-10,45.95822879174013,37.8503273731409,54.27142121850689,45.95822879174013,45.95822879174013,0.4527603598066775,0.4527603598066775,0.4527603598066775,-0.3933697500186307,-0.3933697500186307,-0.3933697500186307,0.8461301098253082,0.8461301098253082,0.8461301098253082,0.0,0.0,0.0,46.41098915154681
2026-01-11,45.95855311559659,39.36755814369553,55.99280404320108,45.95855311559659,45.95855311559659,1.5173935913452352,1.5173935913452352,1.5173935913452352,0.6352679616034835,0.6352679616034835,0.6352679616034835,0.8821256297417517,0.8821256297417517,0.8821256297417517,0.0,0.0,0.0,47.47594670694182
2026-01-12,45.95887743945303,38.49905132732575,55.83806493567562,45.95887743945303,45.95887743945303,1.1273061327987022,1.1273061327987022,1.1273061327987022,0.213293330423802,0.213293330423802,0.213293330423802,0.9140128023749003,0.9140128023749003,0.9140128023749003,0.0,0.0,0.0,47.086183572251734
2026-01-13,45.95920176330949,38.17172627203257,55.140065669556016,45.95920176330949,45.95920176330949,1.1699627839351066,1.1699627839351066,1.1699627839351066,0.22905847395113657,0.22905847395113657,0.22905847395113657,0.9409043099839699,0.9409043099839699,0.9409043099839699,0.0,0.0,0.0,47.12916454724459
2026-01-14,45.95952608716594,38.19448159039998,55.329552947067626,45.95952608716594,45.95952608716594,0.8240937387343193,0.8240937387343193,0.8240937387343193,-0.13778026545329633,-0.13778026545329633,-0.13778026545329633,0.9618740041876157,0.9618740041876157,0.9618740041876157,0.0,0.0,0.0,46.78361982590026
2026-01-15,45.95985041102239,38.56470992168086,55.27223820467944,45.95985041102239,45.95985041102239,0.8929645088037993,0.8929645088037993,0.8929645088037993,-0.08301648234085587,-0.08301648234085587,-0.08301648234085587,0.9759809911446552,0.9759809911446552,0.9759809911446552,0.0,0.0,0.0,46.85281491982619
2026-01-16,45.960174734878834,37.73747753532815,54.517986271130205,45.960174734878834,45.960174734878834,0.5188421565607216,0.5188421565607216,0.5188421565607216,-0.4634532681633699,-0.4634532681633699,-0.4634532681633699,0.9822954247240915,0.9822954247240915,0.9822954247240915,0.0,0.0,0.0,46.47901689143956
2026-01-17,45.96049905873529,38.339043025936476,54.91223914851186,45.96049905873529,45.96049905873529,0.5865556337630167,0.5865556337630167,0.5865556337630167,-0.39336975002114366,-0.39336975002114366,-0.39336975002114366,0.9799253837841604,0.9799253837841604,0.9799253837841604,0.0,0.0,0.0,46.54705469249831
2026-01-18,45.960823382591734,38.956367234537645,56.244283945258516,45.960823382591734,45.960823382591734,1.6033121344108057,1.6033121344108057,1.6033121344108057,0.6352679616039789,0.6352679616039789,0.6352679616039789,0.9680441728068269,0.9680441728068269,0.9680441728068269,0.0,0.0,0.0,47.56413551700254
2026-01-19,45.96114770644818,38.732847367284265,55.944715904462704,45.96114770644818,45.96114770644818,1.1592106938308013,1.1592106938308013,1.1592106938308013,0.2132933304235082,0.2132933304235082,0.2132933304235082,0.945917363407293,0.945917363407293,0.945917363407293,0.0,0.0,0.0,47.12035840027898
2026-01-20,45.96147203030464,38.34622476089044,55.43839214704504,45.96147203030464,45.96147203030464,1.141987362202067,1.141987362202067,1.141987362202067,0.2290584739515034,0.2290584739515034,0.2290584739515034,0.9129288882505637,0.9129288882505637,0.9129288882505637,0.0,0.0,0.0,47.10345939250671
2026-01-21,45.96179635416109,38.03353038206669,55.0516377220786,45.96179635416109,45.96179635416109,0.7308252434881406,0.7308252434881406,0.7308252434881406,-0.13778026545296332,-0.13778026545296332,-0.13778026545296332,0.868605508941104,0.868605508941104,0.868605508941104,0.0,0.0,0.0,46.69262159764923
2026-01-22,45.962120678017534,38.38036916670905,55.44511650416005,45.96211499980598,45.962120678017534,0.7296225229953353,0.7296225229953353,0.7296225229953353,-0.08301648233842175,-0.08301648233842175,-0.08301648233842175,0.8126390053337571,0.8126390053337571,0.8126390053337571,0.0,0.0,0.0,46.69174320101287
2026-01-23,45.96244500187399,37.85026990130098,54.643678445269074,45.9624352046486,45.96244500187399,0.28145220692042594,0.28145220692042594,0.28145220692042594,-0.46345326816472215,-0.46345326816472215,-0.46345326816472215,0.7449054750851481,0.7449054750851481,0.7449054750851481,0.0,0.0,0.0,46.243897208794415
2026-01-24,45.962769325730434,37.1474442156464,55.133070231456145,45.96275556040374,45.96277303578406,0.2721114382198237,0.2721114382198237,0.2721114382198237,-0.39336975002093455,-0.39336975002093455,-0.39336975002093455,0.6654811882407583,0.6654811882407583,0.6654811882407583,0.0,0.0,0.0,46.23488076395026
2026-01-25,45.96309364958688,39.15803377818458,55.58428375186828,45.96307425431983,45.9631022185324,1.2099224727610953,1.2099224727610953,1.2099224727610953,0.635267961603785,0.635267961603785,0.635267961603785,0.5746545111573106,0.5746545111573106,0.5746545111573106,0.0,0.0,0.0,47.173016122347974
2026-01-26,45.96341797344334,38.45520181591239,55.46236495349835,45.96338112164226,45.96344194887773,0.6862268260673098,0.6862268260673098,0.6862268260673098,0.2132933304232254,0.2132933304232254,0.2132933304232254,0.4729334956440843,0.4729334956440843,0.4729334956440843,0.0,0.0,0.0,46.649644799510654
2026-01-27,45.96374229729979,38.317591767139284,54.64801970382579,45.96369662977489,45.96378514202739,0.5901072951115874,0.5901072951115874,0.5901072951115874,0.22905847395045273,0.22905847395045273,0.22905847395045273,0.36104882116113474,0.36104882116113474,0.36104882116113474,0.0,0.0,0.0,46.553849592411375
2026-01-28,45.96406662115624,37.85298662930223,54.840167011647985,45.9640124984295,45.96411155035125,0.10217161284259811,0.10217161284259811,0.10217161284259811,-0.13778026545287672,-0.13778026545287672,-0.13778026545287672,0.23995187829547485,0.23995187829547485,0.23995187829547485,0.0,0.0,0.0,46.06623823399884
2026-01-29,45.96439094501269,37.766612406130164,54.33750528535589,45.96432888022961,45.96444160948581,0.02779140604302689,0.02779140604302689,0.02779140604302689,-0.08301648234062346,-0.08301648234062346,-0.08301648234062346,0.11080788838365033,0.11080788838365033,0.11080788838365033,0.0,0.0,0.0,45.99218235105572
2026-01-30,45.964715268869135,37.4664413349897,54.34378504924187,45.964645353111976,45.964776899357666,-0.48846920339780364,-0.48846920339780364,-0.48846920339780364,-0.46345326816607446,-0.46345326816607446,-0.46345326816607446,-0.025015935231729094,-0.025015935231729094,-0.025015935231729094,0.0,0.0,0.0,45.47624606547133
